Nama Siswa,Kelas,Tahun Ajaran,Jumlah Kehadiran,Kategori Kehadiran,Nilai Rata-rata,Kategori Nilai,Jumlah Pelanggaran,Kategori Pelanggaran,Pekerjaan Orang Tua,Penghasilan Orang Tua,Status SPP,Status Orang Tua,Risiko Drop-Out
Warsita Habibi,7C,2024/2025,222,Sangat Baik,93.3,Tinggi,2,Ringan,Karyawan Swasta,> Rp 5.000.000,Lancar,Lengkap,Rendah
Titin Novitasari,7C,2025/2026,188,Kurang,72.6,Rendah,0,Tidak Ada,Karyawan Swasta,< Rp 2.000.000,Menunggak >2 Bulan,Yatim,Tinggi
Harjaya Natsir,7A,2025/2026,193,Kurang,66.5,Rendah,3,Sedang/Berat,PNS/TNI/Polri,> Rp 5.000.000,Menunggak >2 Bulan,Lengkap,Tinggi
Iriana Saptono,8B,2025/2026,207,Baik,79.8,Sedang,0,Tidak Ada,Karyawan Swasta,Rp 2.000.000 - Rp 5.000.000,Lancar,Lengkap,Sedang
Padmi Santoso,8C,2025/2026,190,Kurang,69.5,Rendah,1,Ringan,Buruh/Petani,< Rp 2.000.000,Menunggak 1-2 Bulan,Lengkap,Tinggi
Vinsen Safitri,8A,2025/2026,211,Baik,91.9,Tinggi,1,Ringan,Wiraswasta,Rp 2.000.000 - Rp 5.000.000,Lancar,Lengkap,Rendah
Hamima Marbun,8B,2023/2024,206,Baik,88.1,Tinggi,0,Tidak Ada,Karyawan Swasta,Rp 2.000.000 - Rp 5.000.000,Lancar,Piatu,Rendah
Tedi Lestari,7B,2023/2024,214,Baik,91.8,Tinggi,0,Tidak Ada,Wiraswasta,Rp 2.000.000 - Rp 5.000.000,Lancar,Lengkap,Rendah
Calista Pradana,7B,2025/2026,234,Sangat Baik,81.9,Sedang,0,Tidak Ada,PNS/TNI/Polri,Rp 2.000.000 - Rp 5.000.000,Lancar,Lengkap,Rendah
Pranata Handayani,7B,2025/2026,220,Sangat Baik,85.9,Tinggi,1,Ringan,Karyawan Swasta,Rp 2.000.000 - Rp 5.000.000,Lancar,Lengkap,Rendah
Karya Astuti,8A,2023/2024,186,Kurang,92.4,Tinggi,2,Ringan,Tidak Bekerja,Rp 2.000.000 - Rp 5.000.000,Menunggak >2 Bulan,Lengkap,Sedang
Edison Yuniar,7B,2024/2025,214,Baik,92.9,Tinggi,0,Tidak Ada,Buruh/Petani,Rp 2.000.000 - Rp 5.000.000,Lancar,Lengkap,Rendah
Hasna Mansur,7A,2024/2025,226,Sangat Baik,97.1,Tinggi,0,Tidak Ada,Karyawan Swasta,Rp 2.000.000 - Rp 5.000.000,Lancar,Lengkap,Rendah
Amelia Wasita,7B,2024/2025,182,Kurang,79.4,Sedang,1,Ringan,Wiraswasta,< Rp 2.000.000,Menunggak 1-2 Bulan,Yatim Piatu,Sedang
Gadang Laksita,8B,2023/2024,222,Sangat Baik,76.6,Sedang,0,Tidak Ada,Wiraswasta,Rp 2.000.000 - Rp 5.000.000,Lancar,Lengkap,Rendah
Sutan Raditya Wijaya,9A,2024/2025,228,Sangat Baik,70.2,Rendah,1,Ringan,Wiraswasta,Rp 2.000.000 - Rp 5.000.000,Lancar,Lengkap,Sedang
Anggraini,7A,2025/2026,196,Kurang,81.6,Sedang,0,Tidak Ada,Buruh/Petani,Rp 2.000.000 - Rp 5.000.000,Lancar,Lengkap,Sedang
Bakidin Wahyuni,7C,2023/2024,213,Baik,84.8,Sedang,5,Sedang/Berat,Karyawan Swasta,Rp 2.000.000 - Rp 5.000.000,Menunggak 1-2 Bulan,Lengkap,Sedang
Ani Widodo,9B,2024/2025,231,Sangat Baik,73.6,Rendah,0,Tidak Ada,PNS/TNI/Polri,Rp 2.000.000 - Rp 5.000.000,Menunggak 1-2 Bulan,Lengkap,Sedang
Sutan Gaduh Rahimah,8C,2024/2025,228,Sangat Baik,84.8,Sedang,1,Ringan,Karyawan Swasta,Rp 2.000.000 - Rp 5.000.000,Lancar,Lengkap,Rendah
Tantri Wibowo,7C,2023/2024,194,Kurang,79.6,Sedang,0,Tidak Ada,PNS/TNI/Polri,Rp 2.000.000 - Rp 5.000.000,Lancar,Yatim,Sedang
Utama Prastuti,9C,2025/2026,226,Sangat Baik,91.4,Tinggi,0,Tidak Ada,PNS/TNI/Polri,Rp 2.000.000 - Rp 5.000.000,Lancar,Lengkap,Rendah
Umaya Lazuardi,8A,2024/2025,227,Sangat Baik,67.5,Rendah,0,Tidak Ada,Karyawan Swasta,< Rp 2.000.000,Menunggak >2 Bulan,Lengkap,Sedang
Yusuf Situmorang,7C,2024/2025,229,Sangat Baik,94.2,Tinggi,3,Sedang/Berat,Wiraswasta,> Rp 5.000.000,Lancar,Lengkap,Rendah
Vicky Jailani,7B,2025/2026,183,Kurang,80.5,Sedang,0,Tidak Ada,Buruh/Petani,> Rp 5.000.000,Lancar,Lengkap,Sedang
Icha Mulyani,9A,2025/2026,219,Baik,85.6,Tinggi,0,Tidak Ada,Karyawan Swasta,> Rp 5.000.000,Lancar,Lengkap,Rendah
Aswani Siregar,8C,2024/2025,213,Baik,71.9,Rendah,0,Tidak Ada,Karyawan Swasta,< Rp 2.000.000,Lancar,Piatu,Sedang
Cinthia Napitupulu,7B,2024/2025,237,Sangat Baik,85.6,Tinggi,0,Tidak Ada,Karyawan Swasta,Rp 2.000.000 - Rp 5.000.000,Lancar,Piatu,Rendah
Hasna Hastuti,8C,2025/2026,223,Sangat Baik,97.8,Tinggi,0,Tidak Ada,Buruh/Petani,Rp 2.000.000 - Rp 5.000.000,Lancar,Lengkap,Rendah
Padmi Halim,9C,2024/2025,188,Kurang,85.6,Tinggi,0,Tidak Ada,PNS/TNI/Polri,Rp 2.000.000 - Rp 5.000.000,Lancar,Lengkap,Sedang
Belinda Saptono,7C,2024/2025,218,Baik,77.6,Sedang,0,Tidak Ada,Buruh/Petani,< Rp 2.000.000,Lancar,Yatim Piatu,Sedang
Gangsar Prakasa,8B,2025/2026,206,Baik,73.5,Rendah,0,Tidak Ada,Karyawan Swasta,Rp 2.000.000 - Rp 5.000.000,Menunggak 1-2 Bulan,Lengkap,Sedang
Wira Mardhiyah,7C,2024/2025,202,Baik,74.2,Rendah,0,Tidak Ada,Karyawan Swasta,Rp 2.000.000 - Rp 5.000.000,Menunggak 1-2 Bulan,Lengkap,Sedang
Jono Kusmawati,8C,2025/2026,233,Sangat Baik,96.9,Tinggi,0,Tidak Ada,Wiraswasta,Rp 2.000.000 - Rp 5.000.000,Lancar,Lengkap,Rendah
Lidya Hasanah,7A,2025/2026,215,Baik,75.9,Sedang,1,Ringan,Wiraswasta,< Rp 2.000.000,Lancar,Lengkap,Sedang
Jindra Maryati,7C,2023/2024,227,Sangat Baik,83.9,Sedang,1,Ringan,PNS/TNI/Polri,> Rp 5.000.000,Lancar,Lengkap,Rendah
Puji Puspasari,7B,2025/2026,180,Kurang,83.9,Sedang,2,Ringan,Karyawan Swasta,< Rp 2.000.000,Menunggak >2 Bulan,Lengkap,Sedang
Bakiman Waskita,8C,2024/2025,240,Sangat Baik,82.0,Sedang,3,Sedang/Berat,Karyawan Swasta,> Rp 5.000.000,Lancar,Lengkap,Rendah
Shakila Narpati,7B,2024/2025,212,Baik,81.9,Sedang,1,Ringan,PNS/TNI/Polri,> Rp 5.000.000,Menunggak 1-2 Bulan,Lengkap,Rendah
Wakiman Damanik,7C,2023/2024,200,Baik,69.6,Rendah,0,Tidak Ada,Karyawan Swasta,Rp 2.000.000 - Rp 5.000.000,Menunggak 1-2 Bulan,Lengkap,Sedang
Yono Hassanah,9B,2024/2025,232,Sangat Baik,87.3,Tinggi,0,Tidak Ada,Karyawan Swasta,Rp 2.000.000 - Rp 5.000.000,Lancar,Lengkap,Rendah
Caturangga Putra,9B,2023/2024,194,Kurang,91.9,Tinggi,0,Tidak Ada,PNS/TNI/Polri,< Rp 2.000.000,Menunggak 1-2 Bulan,Lengkap,Sedang
Yulia Nuraini,7B,2023/2024,222,Sangat Baik,78.6,Sedang,1,Ringan,Karyawan Swasta,> Rp 5.000.000,Lancar,Lengkap,Rendah
Elvin Rahayu,8B,2023/2024,229,Sangat Baik,78.1,Sedang,5,Sedang/Berat,Karyawan Swasta,Rp 2.000.000 - Rp 5.000.000,Menunggak 1-2 Bulan,Yatim,Sedang
Ikhsan Hassanah,7C,2025/2026,234,Sangat Baik,93.3,Tinggi,0,Tidak Ada,Karyawan Swasta,> Rp 5.000.000,Lancar,Lengkap,Rendah
Wakiman Saragih,7B,2023/2024,181,Kurang,75.2,Sedang,3,Sedang/Berat,Karyawan Swasta,> Rp 5.000.000,Menunggak 1-2 Bulan,Lengkap,Tinggi
Harjo Thamrin,7C,2023/2024,204,Baik,70.1,Rendah,0,Tidak Ada,Wiraswasta,Rp 2.000.000 - Rp 5.000.000,Menunggak 1-2 Bulan,Lengkap,Sedang
Nova Iswahyudi,7B,2025/2026,206,Baik,79.3,Sedang,0,Tidak Ada,Wiraswasta,Rp 2.000.000 - Rp 5.000.000,Lancar,Lengkap,Sedang
Ilyas Habibi,8C,2023/2024,227,Sangat Baik,81.3,Sedang,2,Ringan,Buruh/Petani,> Rp 5.000.000,Menunggak 1-2 Bulan,Lengkap,Rendah
Dartono Andriani,9B,2025/2026,194,Kurang,82.9,Sedang,10,Sedang/Berat,Tidak Bekerja,< Rp 2.000.000,Menunggak >2 Bulan,Piatu,Tinggi
Wirda Usada,7A,2025/2026,189,Kurang,94.6,Tinggi,0,Tidak Ada,Karyawan Swasta,Rp 2.000.000 - Rp 5.000.000,Menunggak 1-2 Bulan,Lengkap,Sedang
Sutan Arsipatra Maheswara,9C,2023/2024,212,Baik,87.7,Tinggi,0,Tidak Ada,Karyawan Swasta,> Rp 5.000.000,Lancar,Lengkap,Rendah
Wani Kuswandari,8B,2023/2024,190,Kurang,69.6,Rendah,0,Tidak Ada,Buruh/Petani,> Rp 5.000.000,Lancar,Piatu,Tinggi
Drajat Napitupulu,8C,2023/2024,209,Baik,93.1,Tinggi,0,Tidak Ada,Wiraswasta,> Rp 5.000.000,Lancar,Lengkap,Rendah
Dimaz Maulana,9A,2025/2026,234,Sangat Baik,72.3,Rendah,0,Tidak Ada,Buruh/Petani,> Rp 5.000.000,Menunggak 1-2 Bulan,Lengkap,Sedang
Abyasa Tarihoran,8B,2023/2024,226,Sangat Baik,69.6,Rendah,3,Sedang/Berat,Wiraswasta,Rp 2.000.000 - Rp 5.000.000,Menunggak 1-2 Bulan,Lengkap,Sedang
Jaka Dabukke,8A,2023/2024,206,Baik,97.9,Tinggi,0,Tidak Ada,Wiraswasta,Rp 2.000.000 - Rp 5.000.000,Lancar,Lengkap,Rendah
Jabal Mangunsong,8C,2025/2026,223,Sangat Baik,70.3,Rendah,2,Ringan,PNS/TNI/Polri,Rp 2.000.000 - Rp 5.000.000,Lancar,Lengkap,Sedang
Gantar Uyainah,7B,2024/2025,209,Baik,70.1,Rendah,1,Ringan,PNS/TNI/Polri,< Rp 2.000.000,Menunggak 1-2 Bulan,Lengkap,Sedang
Carub Handayani,8C,2025/2026,188,Kurang,81.0,Sedang,0,Tidak Ada,Wiraswasta,Rp 2.000.000 - Rp 5.000.000,Lancar,Lengkap,Sedang
Digdaya Siregar,9C,2023/2024,231,Sangat Baik,85.3,Tinggi,3,Sedang/Berat,PNS/TNI/Polri,Rp 2.000.000 - Rp 5.000.000,Lancar,Lengkap,Rendah
Calista Lailasari,7A,2024/2025,196,Kurang,75.0,Sedang,0,Tidak Ada,Tidak Bekerja,Rp 2.000.000 - Rp 5.000.000,Lancar,Lengkap,Sedang
Azalea Sinaga,8C,2023/2024,228,Sangat Baik,86.3,Tinggi,0,Tidak Ada,Karyawan Swasta,< Rp 2.000.000,Lancar,Lengkap,Rendah
Kezia Prastuti,8C,2024/2025,209,Baik,87.0,Tinggi,0,Tidak Ada,Karyawan Swasta,Rp 2.000.000 - Rp 5.000.000,Lancar,Lengkap,Rendah
Asmadi Uyainah,7A,2023/2024,211,Baik,78.5,Sedang,0,Tidak Ada,Wiraswasta,Rp 2.000.000 - Rp 5.000.000,Menunggak 1-2 Bulan,Piatu,Sedang
Padma Prayoga,7A,2024/2025,210,Baik,83.9,Sedang,3,Sedang/Berat,Wiraswasta,Rp 2.000.000 - Rp 5.000.000,Menunggak 1-2 Bulan,Lengkap,Sedang
Tania Sihotang,8B,2025/2026,184,Kurang,87.2,Tinggi,0,Tidak Ada,Karyawan Swasta,Rp 2.000.000 - Rp 5.000.000,Lancar,Lengkap,Sedang
Jagaraga Wasita,9B,2023/2024,240,Sangat Baik,84.4,Sedang,0,Tidak Ada,PNS/TNI/Polri,> Rp 5.000.000,Lancar,Lengkap,Rendah
Cakrawangsa Rajata,8B,2025/2026,185,Kurang,86.2,Tinggi,1,Ringan,Karyawan Swasta,Rp 2.000.000 - Rp 5.000.000,Lancar,Lengkap,Sedang
Elma Pradana,7A,2023/2024,239,Sangat Baik,95.4,Tinggi,0,Tidak Ada,Karyawan Swasta,> Rp 5.000.000,Lancar,Lengkap,Rendah
Olivia Sirait,9C,2025/2026,229,Sangat Baik,78.1,Sedang,0,Tidak Ada,Karyawan Swasta,> Rp 5.000.000,Lancar,Lengkap,Rendah
Zalindra Usamah,8B,2025/2026,215,Baik,96.9,Tinggi,0,Tidak Ada,Karyawan Swasta,< Rp 2.000.000,Lancar,Lengkap,Rendah
Gasti Tampubolon,7B,2024/2025,230,Sangat Baik,72.6,Rendah,5,Sedang/Berat,Wiraswasta,Rp 2.000.000 - Rp 5.000.000,Menunggak 1-2 Bulan,Yatim Piatu,Tinggi
Jessica Firgantoro,7B,2023/2024,182,Kurang,82.8,Sedang,0,Tidak Ada,Karyawan Swasta,> Rp 5.000.000,Menunggak >2 Bulan,Lengkap,Sedang
Teddy Nashiruddin,7C,2024/2025,199,Kurang,91.3,Tinggi,0,Tidak Ada,PNS/TNI/Polri,< Rp 2.000.000,Lancar,Lengkap,Sedang
Ikin Suryono,9B,2024/2025,204,Baik,93.2,Tinggi,3,Sedang/Berat,Karyawan Swasta,> Rp 5.000.000,Lancar,Lengkap,Sedang
Ajimin Hassanah,7A,2024/2025,195,Kurang,90.6,Tinggi,0,Tidak Ada,PNS/TNI/Polri,Rp 2.000.000 - Rp 5.000.000,Menunggak 1-2 Bulan,Lengkap,Sedang
Kayun Mayasari,9C,2023/2024,219,Baik,78.1,Sedang,2,Ringan,Buruh/Petani,Rp 2.000.000 - Rp 5.000.000,Lancar,Lengkap,Sedang
Damar Pradipta,9B,2024/2025,228,Sangat Baik,79.3,Sedang,0,Tidak Ada,Tidak Bekerja,Rp 2.000.000 - Rp 5.000.000,Lancar,Lengkap,Rendah
Rama Sirait,7A,2024/2025,240,Sangat Baik,92.3,Tinggi,0,Tidak Ada,Buruh/Petani,> Rp 5.000.000,Lancar,Lengkap,Rendah
Fathonah Simanjuntak,9A,2023/2024,187,Kurang,94.5,Tinggi,0,Tidak Ada,PNS/TNI/Polri,> Rp 5.000.000,Lancar,Lengkap,Sedang
Aswani Handayani,7A,2023/2024,183,Kurang,77.4,Sedang,0,Tidak Ada,Buruh/Petani,Rp 2.000.000 - Rp 5.000.000,Lancar,Lengkap,Sedang
Wahyu Haryanti,7C,2023/2024,180,Kurang,68.8,Rendah,0,Tidak Ada,Wiraswasta,> Rp 5.000.000,Menunggak >2 Bulan,Lengkap,Tinggi
Amalia Wijaya,7A,2024/2025,186,Kurang,78.9,Sedang,1,Ringan,Karyawan Swasta,Rp 2.000.000 - Rp 5.000.000,Lancar,Lengkap,Sedang
Kamila Usamah,8C,2025/2026,196,Kurang,88.8,Tinggi,1,Ringan,Wiraswasta,Rp 2.000.000 - Rp 5.000.000,Lancar,Lengkap,Sedang
Rahmi Wulandari,7A,2025/2026,204,Baik,80.1,Sedang,0,Tidak Ada,Karyawan Swasta,Rp 2.000.000 - Rp 5.000.000,Menunggak 1-2 Bulan,Lengkap,Rendah
Rachel Rajata,8C,2025/2026,205,Baik,85.7,Tinggi,1,Ringan,PNS/TNI/Polri,> Rp 5.000.000,Lancar,Lengkap,Rendah
Aslijan Simbolon,8A,2023/2024,201,Baik,84.5,Sedang,0,Tidak Ada,Wiraswasta,< Rp 2.000.000,Lancar,Lengkap,Rendah
Wardi Nasyiah,9A,2024/2025,235,Sangat Baik,86.7,Tinggi,0,Tidak Ada,PNS/TNI/Polri,> Rp 5.000.000,Lancar,Lengkap,Rendah
Yunita Widodo,7A,2025/2026,220,Sangat Baik,72.7,Rendah,0,Tidak Ada,Buruh/Petani,> Rp 5.000.000,Menunggak 1-2 Bulan,Lengkap,Sedang
Ozy Suartini,7C,2024/2025,213,Baik,66.3,Rendah,0,Tidak Ada,Wiraswasta,Rp 2.000.000 - Rp 5.000.000,Lancar,Lengkap,Sedang
Vega Agustina,8C,2024/2025,192,Kurang,78.1,Sedang,0,Tidak Ada,Karyawan Swasta,< Rp 2.000.000,Lancar,Lengkap,Sedang
Agnes Permadi,7B,2023/2024,213,Baik,65.4,Rendah,0,Tidak Ada,PNS/TNI/Polri,Rp 2.000.000 - Rp 5.000.000,Menunggak 1-2 Bulan,Piatu,Sedang
Jamalia Oktaviani,9A,2023/2024,210,Baik,75.1,Sedang,0,Tidak Ada,Karyawan Swasta,Rp 2.000.000 - Rp 5.000.000,Menunggak 1-2 Bulan,Piatu,Sedang
Diana Pertiwi,7A,2025/2026,207,Baik,81.5,Sedang,10,Sedang/Berat,PNS/TNI/Polri,> Rp 5.000.000,Lancar,Lengkap,Sedang
Queen Yuliarti,7A,2023/2024,195,Kurang,89.5,Tinggi,3,Sedang/Berat,Tidak Bekerja,< Rp 2.000.000,Menunggak 1-2 Bulan,Lengkap,Sedang
Tari Hutasoit,7C,2023/2024,201,Baik,72.9,Rendah,0,Tidak Ada,Wiraswasta,Rp 2.000.000 - Rp 5.000.000,Lancar,Lengkap,Sedang
Endra Suartini,9B,2023/2024,192,Kurang,77.3,Sedang,0,Tidak Ada,Buruh/Petani,< Rp 2.000.000,Lancar,Yatim,Sedang
Ika Zulaika,9C,2025/2026,228,Sangat Baik,71.6,Rendah,0,Tidak Ada,Karyawan Swasta,Rp 2.000.000 - Rp 5.000.000,Lancar,Lengkap,Sedang
Ilyas Tamba,7A,2025/2026,186,Kurang,96.1,Tinggi,0,Tidak Ada,Karyawan Swasta,Rp 2.000.000 - Rp 5.000.000,Lancar,Yatim Piatu,Sedang
Kiandra Rajasa,8C,2024/2025,190,Kurang,92.6,Tinggi,0,Tidak Ada,Wiraswasta,Rp 2.000.000 - Rp 5.000.000,Lancar,Lengkap,Sedang
Yosef Mangunsong,9C,2023/2024,203,Baik,78.8,Sedang,0,Tidak Ada,Karyawan Swasta,> Rp 5.000.000,Menunggak 1-2 Bulan,Lengkap,Sedang
Zelaya Nasyidah,8A,2025/2026,232,Sangat Baik,80.6,Sedang,1,Ringan,Karyawan Swasta,Rp 2.000.000 - Rp 5.000.000,Menunggak 1-2 Bulan,Lengkap,Rendah
Puti Genta Halimah,8C,2025/2026,193,Kurang,66.2,Rendah,0,Tidak Ada,PNS/TNI/Polri,< Rp 2.000.000,Menunggak >2 Bulan,Lengkap,Tinggi
Belinda Palastri,8C,2024/2025,219,Baik,90.3,Tinggi,0,Tidak Ada,Karyawan Swasta,Rp 2.000.000 - Rp 5.000.000,Menunggak 1-2 Bulan,Lengkap,Rendah
Iriana Wijayanti,8C,2024/2025,235,Sangat Baik,84.9,Sedang,3,Sedang/Berat,Karyawan Swasta,Rp 2.000.000 - Rp 5.000.000,Lancar,Lengkap,Rendah
Prayoga Nasyidah,9A,2025/2026,228,Sangat Baik,71.9,Rendah,2,Ringan,Buruh/Petani,> Rp 5.000.000,Menunggak >2 Bulan,Lengkap,Sedang
Jindra Salahudin,8A,2025/2026,182,Kurang,83.5,Sedang,0,Tidak Ada,Buruh/Petani,> Rp 5.000.000,Lancar,Lengkap,Sedang
Asirwada Yuliarti,7B,2023/2024,229,Sangat Baik,70.3,Rendah,1,Ringan,Tidak Bekerja,Rp 2.000.000 - Rp 5.000.000,Lancar,Lengkap,Sedang
Yuni Hidayat,7B,2024/2025,234,Sangat Baik,98.4,Tinggi,0,Tidak Ada,Karyawan Swasta,Rp 2.000.000 - Rp 5.000.000,Lancar,Lengkap,Rendah
Bahuwirya Kusumo,7A,2025/2026,200,Baik,84.4,Sedang,0,Tidak Ada,Karyawan Swasta,> Rp 5.000.000,Lancar,Lengkap,Rendah
Enteng Farida,7A,2024/2025,202,Baik,75.0,Sedang,0,Tidak Ada,Karyawan Swasta,< Rp 2.000.000,Lancar,Lengkap,Sedang
Heru Kuswoyo,8B,2023/2024,185,Kurang,96.9,Tinggi,0,Tidak Ada,Wiraswasta,< Rp 2.000.000,Lancar,Lengkap,Sedang
Cakrabuana Melani,9A,2025/2026,239,Sangat Baik,73.6,Rendah,0,Tidak Ada,Wiraswasta,Rp 2.000.000 - Rp 5.000.000,Lancar,Lengkap,Sedang
Maman Rajata,9B,2023/2024,223,Sangat Baik,80.6,Sedang,3,Sedang/Berat,Karyawan Swasta,> Rp 5.000.000,Lancar,Lengkap,Rendah
Oliva Maryati,9C,2025/2026,230,Sangat Baik,91.0,Tinggi,0,Tidak Ada,Buruh/Petani,Rp 2.000.000 - Rp 5.000.000,Menunggak 1-2 Bulan,Lengkap,Rendah
Makuta Sirait,8B,2024/2025,184,Kurang,82.1,Sedang,0,Tidak Ada,Karyawan Swasta,> Rp 5.000.000,Lancar,Lengkap,Sedang
Raina Hutasoit,9B,2025/2026,209,Baik,67.1,Rendah,0,Tidak Ada,Karyawan Swasta,< Rp 2.000.000,Lancar,Lengkap,Sedang
Okta Mansur,9C,2023/2024,222,Sangat Baik,65.6,Rendah,1,Ringan,PNS/TNI/Polri,Rp 2.000.000 - Rp 5.000.000,Lancar,Yatim,Sedang
Novi Anggriawan,8A,2025/2026,221,Sangat Baik,94.9,Tinggi,0,Tidak Ada,Karyawan Swasta,> Rp 5.000.000,Lancar,Lengkap,Rendah
Yuliana Aryani,7B,2024/2025,240,Sangat Baik,75.2,Sedang,0,Tidak Ada,PNS/TNI/Polri,Rp 2.000.000 - Rp 5.000.000,Lancar,Lengkap,Rendah
Saadat Halimah,8A,2023/2024,202,Baik,65.4,Rendah,0,Tidak Ada,Karyawan Swasta,< Rp 2.000.000,Lancar,Lengkap,Sedang
Ratih Budiman,8A,2023/2024,190,Kurang,82.7,Sedang,0,Tidak Ada,PNS/TNI/Polri,Rp 2.000.000 - Rp 5.000.000,Menunggak 1-2 Bulan,Yatim,Sedang
Bakiadi Wastuti,7C,2024/2025,238,Sangat Baik,88.7,Tinggi,0,Tidak Ada,Buruh/Petani,< Rp 2.000.000,Lancar,Lengkap,Rendah
Lega Ardianto,9B,2024/2025,229,Sangat Baik,69.2,Rendah,0,Tidak Ada,Karyawan Swasta,< Rp 2.000.000,Lancar,Lengkap,Sedang
Sutan Sakti Zulaika,9C,2025/2026,211,Baik,96.3,Tinggi,0,Tidak Ada,Karyawan Swasta,Rp 2.000.000 - Rp 5.000.000,Lancar,Lengkap,Rendah
Raisa Permata,7C,2023/2024,239,Sangat Baik,97.8,Tinggi,0,Tidak Ada,Wiraswasta,> Rp 5.000.000,Lancar,Lengkap,Rendah
Diah Setiawan,7C,2024/2025,196,Kurang,91.6,Tinggi,0,Tidak Ada,Karyawan Swasta,Rp 2.000.000 - Rp 5.000.000,Lancar,Lengkap,Sedang
Natalia Wacana,9B,2023/2024,199,Kurang,81.3,Sedang,0,Tidak Ada,PNS/TNI/Polri,Rp 2.000.000 - Rp 5.000.000,Lancar,Lengkap,Sedang
Salsabila Pranowo,9A,2023/2024,204,Baik,87.1,Tinggi,0,Tidak Ada,Wiraswasta,> Rp 5.000.000,Lancar,Lengkap,Rendah
Erik Pratiwi,8C,2023/2024,188,Kurang,96.3,Tinggi,0,Tidak Ada,PNS/TNI/Polri,Rp 2.000.000 - Rp 5.000.000,Menunggak 1-2 Bulan,Lengkap,Sedang
Tantri Laksita,9B,2023/2024,183,Kurang,89.5,Tinggi,0,Tidak Ada,PNS/TNI/Polri,Rp 2.000.000 - Rp 5.000.000,Lancar,Lengkap,Sedang
Baktiadi Halimah,9B,2023/2024,217,Baik,79.3,Sedang,0,Tidak Ada,Karyawan Swasta,> Rp 5.000.000,Menunggak 1-2 Bulan,Lengkap,Sedang
Nadia Nurdiyanti,9C,2023/2024,219,Baik,96.2,Tinggi,0,Tidak Ada,PNS/TNI/Polri,Rp 2.000.000 - Rp 5.000.000,Lancar,Lengkap,Rendah
Kenari Mahendra,7B,2025/2026,235,Sangat Baik,94.0,Tinggi,1,Ringan,PNS/TNI/Polri,> Rp 5.000.000,Lancar,Lengkap,Rendah
Karman Waskita,7C,2024/2025,192,Kurang,83.6,Sedang,2,Ringan,Tidak Bekerja,< Rp 2.000.000,Lancar,Yatim,Sedang
Yani Simanjuntak,7B,2025/2026,185,Kurang,89.4,Tinggi,0,Tidak Ada,Buruh/Petani,Rp 2.000.000 - Rp 5.000.000,Lancar,Piatu,Sedang
Luis Hariyah,8A,2023/2024,227,Sangat Baik,76.6,Sedang,2,Ringan,Wiraswasta,Rp 2.000.000 - Rp 5.000.000,Lancar,Lengkap,Sedang
Ika Prasetya,8B,2023/2024,220,Sangat Baik,80.5,Sedang,0,Tidak Ada,Karyawan Swasta,Rp 2.000.000 - Rp 5.000.000,Lancar,Lengkap,Rendah
Laras Sihotang,9B,2023/2024,221,Sangat Baik,66.8,Rendah,0,Tidak Ada,Wiraswasta,Rp 2.000.000 - Rp 5.000.000,Menunggak 1-2 Bulan,Lengkap,Sedang
Padma Nashiruddin,7B,2023/2024,231,Sangat Baik,76.1,Sedang,0,Tidak Ada,Karyawan Swasta,< Rp 2.000.000,Lancar,Lengkap,Rendah
Ganda Utami,9C,2023/2024,203,Baik,98.5,Tinggi,0,Tidak Ada,Buruh/Petani,Rp 2.000.000 - Rp 5.000.000,Lancar,Lengkap,Rendah
Paris Kuswandari,7B,2023/2024,208,Baik,77.1,Sedang,0,Tidak Ada,Wiraswasta,Rp 2.000.000 - Rp 5.000.000,Lancar,Lengkap,Sedang
Nabila Pradana,7B,2023/2024,209,Baik,79.5,Sedang,0,Tidak Ada,Buruh/Petani,> Rp 5.000.000,Menunggak >2 Bulan,Lengkap,Sedang
Jessica Mulyani,8B,2024/2025,196,Kurang,95.9,Tinggi,0,Tidak Ada,Buruh/Petani,< Rp 2.000.000,Lancar,Lengkap,Sedang
Sarah Nababan,7B,2023/2024,193,Kurang,78.3,Sedang,1,Ringan,Buruh/Petani,< Rp 2.000.000,Menunggak 1-2 Bulan,Lengkap,Sedang
Mila Wijaya,8C,2023/2024,215,Baik,65.8,Rendah,1,Ringan,Karyawan Swasta,> Rp 5.000.000,Menunggak 1-2 Bulan,Lengkap,Sedang
Irwan Napitupulu,8C,2023/2024,214,Baik,80.6,Sedang,0,Tidak Ada,Wiraswasta,Rp 2.000.000 - Rp 5.000.000,Lancar,Lengkap,Rendah
Raditya Zulaika,8B,2024/2025,197,Kurang,66.3,Rendah,1,Ringan,Wiraswasta,< Rp 2.000.000,Menunggak >2 Bulan,Lengkap,Tinggi
Icha Manullang,9A,2025/2026,194,Kurang,66.2,Rendah,0,Tidak Ada,Tidak Bekerja,< Rp 2.000.000,Menunggak >2 Bulan,Lengkap,Tinggi
Jane Farida,8B,2023/2024,202,Baik,90.5,Tinggi,0,Tidak Ada,PNS/TNI/Polri,> Rp 5.000.000,Lancar,Lengkap,Rendah
Lanang Wijayanti,7A,2024/2025,224,Sangat Baik,80.0,Sedang,0,Tidak Ada,Wiraswasta,> Rp 5.000.000,Lancar,Lengkap,Rendah
Harsana Saputra,7B,2023/2024,209,Baik,65.9,Rendah,0,Tidak Ada,Karyawan Swasta,Rp 2.000.000 - Rp 5.000.000,Lancar,Lengkap,Sedang
Dina Puspita,9B,2024/2025,208,Baik,72.1,Rendah,0,Tidak Ada,Wiraswasta,Rp 2.000.000 - Rp 5.000.000,Menunggak 1-2 Bulan,Yatim,Sedang
Eva Pratiwi,9B,2023/2024,194,Kurang,84.5,Sedang,1,Ringan,PNS/TNI/Polri,> Rp 5.000.000,Lancar,Lengkap,Sedang
Harsanto Mahendra,7B,2023/2024,183,Kurang,87.9,Tinggi,0,Tidak Ada,PNS/TNI/Polri,< Rp 2.000.000,Menunggak 1-2 Bulan,Lengkap,Sedang
Paris Mangunsong,9A,2023/2024,209,Baik,70.0,Rendah,0,Tidak Ada,Wiraswasta,Rp 2.000.000 - Rp 5.000.000,Lancar,Lengkap,Sedang
Cakrawala Agustina,9B,2023/2024,237,Sangat Baik,81.3,Sedang,0,Tidak Ada,Wiraswasta,> Rp 5.000.000,Lancar,Yatim,Rendah
Gina Hariyah,8C,2024/2025,203,Baik,66.8,Rendah,0,Tidak Ada,Karyawan Swasta,Rp 2.000.000 - Rp 5.000.000,Lancar,Lengkap,Sedang
Raihan Nugroho,9A,2024/2025,235,Sangat Baik,87.9,Tinggi,0,Tidak Ada,Wiraswasta,> Rp 5.000.000,Lancar,Yatim,Rendah
Ciaobella Firgantoro,7A,2025/2026,202,Baik,96.9,Tinggi,0,Tidak Ada,Wiraswasta,Rp 2.000.000 - Rp 5.000.000,Lancar,Lengkap,Rendah
Hamzah Megantara,7B,2024/2025,183,Kurang,68.1,Rendah,0,Tidak Ada,Buruh/Petani,> Rp 5.000.000,Menunggak >2 Bulan,Lengkap,Tinggi
Hardana Gunawan,9A,2023/2024,229,Sangat Baik,74.8,Rendah,1,Ringan,Tidak Bekerja,> Rp 5.000.000,Lancar,Yatim,Sedang
Pertiwi,8A,2025/2026,187,Kurang,95.0,Tinggi,1,Ringan,Wiraswasta,Rp 2.000.000 - Rp 5.000.000,Lancar,Lengkap,Sedang
Bakda Kuswoyo,8C,2024/2025,188,Kurang,82.1,Sedang,0,Tidak Ada,Buruh/Petani,< Rp 2.000.000,Lancar,Lengkap,Sedang
Sutan Asmadi Wulandari,8B,2023/2024,197,Kurang,66.6,Rendah,0,Tidak Ada,Tidak Bekerja,< Rp 2.000.000,Menunggak 1-2 Bulan,Lengkap,Tinggi
Luhung Farida,7B,2025/2026,206,Baik,67.1,Rendah,0,Tidak Ada,Karyawan Swasta,Rp 2.000.000 - Rp 5.000.000,Lancar,Lengkap,Sedang
Cici Napitupulu,9C,2025/2026,223,Sangat Baik,77.5,Sedang,1,Ringan,Karyawan Swasta,> Rp 5.000.000,Lancar,Lengkap,Rendah
Mursinin Permadi,9B,2025/2026,187,Kurang,90.6,Tinggi,0,Tidak Ada,PNS/TNI/Polri,Rp 2.000.000 - Rp 5.000.000,Lancar,Lengkap,Sedang
Edward Siregar,9B,2024/2025,180,Kurang,94.4,Tinggi,0,Tidak Ada,Karyawan Swasta,< Rp 2.000.000,Menunggak >2 Bulan,Lengkap,Sedang
Puti Ratih Usada,9B,2024/2025,240,Sangat Baik,89.3,Tinggi,3,Sedang/Berat,PNS/TNI/Polri,> Rp 5.000.000,Lancar,Lengkap,Rendah
Vino Sihombing,9A,2023/2024,223,Sangat Baik,73.6,Rendah,0,Tidak Ada,Karyawan Swasta,< Rp 2.000.000,Lancar,Lengkap,Sedang
Jayeng Tarihoran,7A,2025/2026,237,Sangat Baik,92.2,Tinggi,0,Tidak Ada,Wiraswasta,Rp 2.000.000 - Rp 5.000.000,Lancar,Lengkap,Rendah
Balijan Hakim,9A,2023/2024,188,Kurang,74.9,Rendah,0,Tidak Ada,Buruh/Petani,< Rp 2.000.000,Menunggak 1-2 Bulan,Yatim Piatu,Tinggi
Yance Sihotang,7B,2025/2026,208,Baik,68.8,Rendah,1,Ringan,Karyawan Swasta,Rp 2.000.000 - Rp 5.000.000,Menunggak 1-2 Bulan,Lengkap,Sedang
Shania Farida,9A,2023/2024,209,Baik,65.4,Rendah,3,Sedang/Berat,Karyawan Swasta,Rp 2.000.000 - Rp 5.000.000,Menunggak >2 Bulan,Lengkap,Tinggi
Rangga Waluyo,8B,2023/2024,207,Baik,95.2,Tinggi,0,Tidak Ada,PNS/TNI/Polri,> Rp 5.000.000,Lancar,Lengkap,Rendah
Jarwadi Usada,8A,2024/2025,191,Kurang,70.6,Rendah,0,Tidak Ada,Karyawan Swasta,Rp 2.000.000 - Rp 5.000.000,Menunggak 1-2 Bulan,Lengkap,Tinggi
Betania Kusmawati,9C,2025/2026,210,Baik,71.2,Rendah,0,Tidak Ada,Wiraswasta,> Rp 5.000.000,Menunggak 1-2 Bulan,Lengkap,Sedang
Juli Suryatmi,7B,2025/2026,237,Sangat Baik,76.1,Sedang,0,Tidak Ada,PNS/TNI/Polri,Rp 2.000.000 - Rp 5.000.000,Menunggak 1-2 Bulan,Lengkap,Rendah
Bakidin Kusumo,9C,2023/2024,210,Baik,92.0,Tinggi,1,Ringan,PNS/TNI/Polri,< Rp 2.000.000,Lancar,Lengkap,Rendah
Langgeng Astuti,9A,2025/2026,210,Baik,75.2,Sedang,1,Ringan,Buruh/Petani,> Rp 5.000.000,Lancar,Lengkap,Sedang
Rina Prasasta,9A,2023/2024,230,Sangat Baik,65.7,Rendah,1,Ringan,Wiraswasta,Rp 2.000.000 - Rp 5.000.000,Menunggak 1-2 Bulan,Lengkap,Sedang
Fathonah Anggraini,7B,2024/2025,210,Baik,95.5,Tinggi,0,Tidak Ada,Karyawan Swasta,Rp 2.000.000 - Rp 5.000.000,Menunggak 1-2 Bulan,Lengkap,Rendah
Puti Maimunah Mardhiyah,7A,2023/2024,227,Sangat Baik,65.8,Rendah,1,Ringan,Buruh/Petani,Rp 2.000.000 - Rp 5.000.000,Menunggak 1-2 Bulan,Lengkap,Sedang
Safina Halimah,8A,2023/2024,195,Kurang,88.0,Tinggi,1,Ringan,PNS/TNI/Polri,Rp 2.000.000 - Rp 5.000.000,Lancar,Lengkap,Sedang
Panca Mandala,8B,2024/2025,212,Baik,89.1,Tinggi,0,Tidak Ada,PNS/TNI/Polri,> Rp 5.000.000,Menunggak >2 Bulan,Lengkap,Rendah
Cawisadi Haryanto,9C,2025/2026,194,Kurang,73.9,Rendah,0,Tidak Ada,Wiraswasta,< Rp 2.000.000,Menunggak >2 Bulan,Lengkap,Tinggi
Okto Uwais,9A,2023/2024,189,Kurang,90.8,Tinggi,1,Ringan,Karyawan Swasta,Rp 2.000.000 - Rp 5.000.000,Menunggak 1-2 Bulan,Lengkap,Sedang
Joko Suwarno,9B,2023/2024,217,Baik,69.7,Rendah,5,Sedang/Berat,PNS/TNI/Polri,< Rp 2.000.000,Menunggak >2 Bulan,Lengkap,Tinggi
Karimah Wulandari,7C,2024/2025,211,Baik,98.4,Tinggi,0,Tidak Ada,Karyawan Swasta,> Rp 5.000.000,Lancar,Lengkap,Rendah
Ridwan Padmasari,7A,2023/2024,219,Baik,77.6,Sedang,0,Tidak Ada,Karyawan Swasta,Rp 2.000.000 - Rp 5.000.000,Lancar,Lengkap,Sedang
Among Sitorus,7C,2024/2025,195,Kurang,86.0,Tinggi,0,Tidak Ada,PNS/TNI/Polri,Rp 2.000.000 - Rp 5.000.000,Lancar,Lengkap,Sedang
Silvia Wulandari,9B,2024/2025,205,Baik,76.6,Sedang,1,Ringan,Karyawan Swasta,Rp 2.000.000 - Rp 5.000.000,Lancar,Lengkap,Sedang
Mustofa Hutapea,9B,2023/2024,191,Kurang,96.1,Tinggi,0,Tidak Ada,Wiraswasta,> Rp 5.000.000,Menunggak 1-2 Bulan,Lengkap,Sedang
Cici Sihotang,9B,2025/2026,205,Baik,82.2,Sedang,2,Ringan,Karyawan Swasta,Rp 2.000.000 - Rp 5.000.000,Lancar,Lengkap,Sedang
Karimah Jailani,7A,2023/2024,200,Baik,75.5,Sedang,3,Sedang/Berat,Karyawan Swasta,Rp 2.000.000 - Rp 5.000.000,Lancar,Lengkap,Sedang
Gantar Napitupulu,7B,2023/2024,180,Kurang,88.6,Tinggi,0,Tidak Ada,Karyawan Swasta,Rp 2.000.000 - Rp 5.000.000,Lancar,Lengkap,Sedang
Karya Puspasari,8A,2025/2026,234,Sangat Baik,80.2,Sedang,1,Ringan,Wiraswasta,> Rp 5.000.000,Lancar,Lengkap,Rendah
Pangestu Natsir,8A,2025/2026,198,Kurang,83.4,Sedang,0,Tidak Ada,PNS/TNI/Polri,> Rp 5.000.000,Lancar,Lengkap,Sedang
Malik Tamba,7C,2024/2025,197,Kurang,92.3,Tinggi,0,Tidak Ada,Karyawan Swasta,Rp 2.000.000 - Rp 5.000.000,Menunggak 1-2 Bulan,Lengkap,Sedang
Vicky Maheswara,7C,2024/2025,210,Baik,75.9,Sedang,2,Ringan,Wiraswasta,Rp 2.000.000 - Rp 5.000.000,Menunggak 1-2 Bulan,Lengkap,Sedang
Akarsana Pradipta,8C,2024/2025,181,Kurang,73.2,Rendah,0,Tidak Ada,Karyawan Swasta,> Rp 5.000.000,Menunggak >2 Bulan,Yatim,Tinggi
Cemani Pradana,9B,2025/2026,220,Sangat Baik,65.8,Rendah,1,Ringan,Buruh/Petani,< Rp 2.000.000,Menunggak 1-2 Bulan,Lengkap,Sedang
Suci Wijaya,7A,2024/2025,222,Sangat Baik,93.5,Tinggi,0,Tidak Ada,Karyawan Swasta,Rp 2.000.000 - Rp 5.000.000,Menunggak 1-2 Bulan,Yatim,Rendah
Emong Tarihoran,8B,2024/2025,221,Sangat Baik,74.2,Rendah,0,Tidak Ada,Karyawan Swasta,> Rp 5.000.000,Menunggak 1-2 Bulan,Yatim,Sedang
Luwar Farida,8C,2024/2025,213,Baik,72.2,Rendah,0,Tidak Ada,PNS/TNI/Polri,Rp 2.000.000 - Rp 5.000.000,Lancar,Lengkap,Sedang
Hani Kusumo,9B,2024/2025,180,Kurang,69.1,Rendah,0,Tidak Ada,Buruh/Petani,< Rp 2.000.000,Menunggak >2 Bulan,Lengkap,Tinggi
Titi Rahmawati,9A,2024/2025,218,Baik,88.7,Tinggi,0,Tidak Ada,Karyawan Swasta,> Rp 5.000.000,Lancar,Lengkap,Rendah
Ade Firgantoro,8B,2023/2024,191,Kurang,91.3,Tinggi,5,Sedang/Berat,Buruh/Petani,< Rp 2.000.000,Lancar,Lengkap,Tinggi
Aris Usada,8B,2024/2025,200,Baik,67.8,Rendah,0,Tidak Ada,Buruh/Petani,Rp 2.000.000 - Rp 5.000.000,Menunggak >2 Bulan,Yatim Piatu,Sedang
Daliman Lestari,9C,2023/2024,215,Baik,72.9,Rendah,0,Tidak Ada,Karyawan Swasta,Rp 2.000.000 - Rp 5.000.000,Lancar,Lengkap,Sedang
Saiful Rajata,7A,2024/2025,221,Sangat Baik,83.9,Sedang,1,Ringan,Wiraswasta,> Rp 5.000.000,Lancar,Lengkap,Rendah
Jaga Sirait,7B,2025/2026,224,Sangat Baik,95.9,Tinggi,0,Tidak Ada,Wiraswasta,Rp 2.000.000 - Rp 5.000.000,Lancar,Lengkap,Rendah
Sutan Prasetyo Widodo,9C,2024/2025,220,Sangat Baik,68.0,Rendah,0,Tidak Ada,Karyawan Swasta,< Rp 2.000.000,Lancar,Yatim Piatu,Sedang
Bakianto Latupono,9A,2024/2025,211,Baik,70.8,Rendah,0,Tidak Ada,Karyawan Swasta,Rp 2.000.000 - Rp 5.000.000,Menunggak 1-2 Bulan,Piatu,Sedang
Nalar Novitasari,7B,2023/2024,212,Baik,84.9,Sedang,0,Tidak Ada,Wiraswasta,Rp 2.000.000 - Rp 5.000.000,Lancar,Yatim,Rendah
Dalimin Firmansyah,8A,2025/2026,236,Sangat Baik,93.4,Tinggi,0,Tidak Ada,Karyawan Swasta,> Rp 5.000.000,Lancar,Lengkap,Rendah
Fitria Firmansyah,9C,2025/2026,187,Kurang,88.2,Tinggi,0,Tidak Ada,Buruh/Petani,Rp 2.000.000 - Rp 5.000.000,Menunggak 1-2 Bulan,Lengkap,Sedang
Garan Megantara,7B,2025/2026,206,Baik,85.5,Tinggi,0,Tidak Ada,PNS/TNI/Polri,Rp 2.000.000 - Rp 5.000.000,Lancar,Lengkap,Rendah
Salwa Mardhiyah,7C,2023/2024,211,Baik,87.3,Tinggi,0,Tidak Ada,PNS/TNI/Polri,> Rp 5.000.000,Menunggak 1-2 Bulan,Yatim Piatu,Rendah
Labuh Prasetya,9B,2024/2025,215,Baik,65.2,Rendah,0,Tidak Ada,Karyawan Swasta,Rp 2.000.000 - Rp 5.000.000,Menunggak 1-2 Bulan,Lengkap,Sedang
Patricia Widodo,9A,2023/2024,220,Sangat Baik,97.2,Tinggi,0,Tidak Ada,Wiraswasta,Rp 2.000.000 - Rp 5.000.000,Lancar,Lengkap,Rendah
Tasnim Utama,7B,2023/2024,187,Kurang,81.8,Sedang,3,Sedang/Berat,Wiraswasta,< Rp 2.000.000,Menunggak 1-2 Bulan,Lengkap,Sedang
Ade Ramadan,9B,2025/2026,237,Sangat Baik,74.4,Rendah,0,Tidak Ada,Buruh/Petani,> Rp 5.000.000,Menunggak 1-2 Bulan,Lengkap,Sedang
Talia Marbun,9B,2024/2025,223,Sangat Baik,72.6,Rendah,5,Sedang/Berat,Buruh/Petani,< Rp 2.000.000,Menunggak 1-2 Bulan,Lengkap,Tinggi
Daliono Suryono,7A,2023/2024,206,Baik,73.7,Rendah,0,Tidak Ada,Wiraswasta,Rp 2.000.000 - Rp 5.000.000,Lancar,Lengkap,Sedang
Sakti Widodo,7A,2023/2024,188,Kurang,88.9,Tinggi,1,Ringan,PNS/TNI/Polri,> Rp 5.000.000,Lancar,Lengkap,Sedang
Tantri Usamah,7B,2023/2024,197,Kurang,77.4,Sedang,0,Tidak Ada,Buruh/Petani,Rp 2.000.000 - Rp 5.000.000,Menunggak 1-2 Bulan,Lengkap,Sedang
Tira Sudiati,9B,2023/2024,228,Sangat Baik,89.8,Tinggi,0,Tidak Ada,Wiraswasta,> Rp 5.000.000,Lancar,Lengkap,Rendah
Nabila Saptono,7A,2023/2024,211,Baik,97.2,Tinggi,0,Tidak Ada,Wiraswasta,> Rp 5.000.000,Lancar,Lengkap,Rendah
Gada Padmasari,9A,2023/2024,190,Kurang,95.8,Tinggi,0,Tidak Ada,Wiraswasta,< Rp 2.000.000,Menunggak 1-2 Bulan,Lengkap,Sedang
Siti Palastri,9A,2024/2025,209,Baik,74.4,Rendah,1,Ringan,Buruh/Petani,< Rp 2.000.000,Lancar,Lengkap,Sedang
Rini Kuswoyo,7A,2025/2026,239,Sangat Baik,83.2,Sedang,0,Tidak Ada,Wiraswasta,> Rp 5.000.000,Lancar,Lengkap,Rendah
Nova Maryadi,9C,2023/2024,237,Sangat Baik,75.6,Sedang,0,Tidak Ada,Karyawan Swasta,> Rp 5.000.000,Lancar,Lengkap,Rendah
Mala Wasita,7A,2023/2024,224,Sangat Baik,70.3,Rendah,2,Ringan,Wiraswasta,Rp 2.000.000 - Rp 5.000.000,Lancar,Lengkap,Sedang
Anita Wasita,9C,2023/2024,181,Kurang,84.1,Sedang,0,Tidak Ada,Tidak Bekerja,Rp 2.000.000 - Rp 5.000.000,Menunggak 1-2 Bulan,Lengkap,Sedang
Winda Kusumo,7C,2023/2024,191,Kurang,93.0,Tinggi,2,Ringan,Buruh/Petani,Rp 2.000.000 - Rp 5.000.000,Lancar,Lengkap,Sedang
Cengkal Natsir,8A,2025/2026,192,Kurang,79.8,Sedang,0,Tidak Ada,PNS/TNI/Polri,Rp 2.000.000 - Rp 5.000.000,Lancar,Lengkap,Sedang
Salman Mangunsong,7B,2023/2024,224,Sangat Baik,80.7,Sedang,0,Tidak Ada,Wiraswasta,> Rp 5.000.000,Menunggak 1-2 Bulan,Lengkap,Rendah
Sutan Anom Sitompul,8A,2024/2025,181,Kurang,72.7,Rendah,0,Tidak Ada,Buruh/Petani,< Rp 2.000.000,Lancar,Lengkap,Tinggi
Sabrina Puspita,8B,2023/2024,228,Sangat Baik,84.2,Sedang,1,Ringan,Wiraswasta,> Rp 5.000.000,Lancar,Yatim Piatu,Rendah
Irma Hastuti,9B,2025/2026,214,Baik,94.8,Tinggi,1,Ringan,Karyawan Swasta,Rp 2.000.000 - Rp 5.000.000,Lancar,Lengkap,Rendah
Jatmiko Maulana,8B,2023/2024,232,Sangat Baik,95.3,Tinggi,10,Sedang/Berat,Karyawan Swasta,< Rp 2.000.000,Menunggak 1-2 Bulan,Lengkap,Sedang
Jabal Pudjiastuti,9A,2023/2024,227,Sangat Baik,74.6,Rendah,0,Tidak Ada,Tidak Bekerja,< Rp 2.000.000,Lancar,Lengkap,Sedang
Harsaya Napitupulu,7B,2023/2024,230,Sangat Baik,86.7,Tinggi,1,Ringan,Karyawan Swasta,Rp 2.000.000 - Rp 5.000.000,Lancar,Lengkap,Rendah
Wasis Ramadan,8B,2023/2024,221,Sangat Baik,89.9,Tinggi,0,Tidak Ada,Wiraswasta,Rp 2.000.000 - Rp 5.000.000,Lancar,Lengkap,Rendah
Yuni Dongoran,9A,2025/2026,215,Baik,73.2,Rendah,1,Ringan,Karyawan Swasta,> Rp 5.000.000,Lancar,Lengkap,Sedang
Vera Hakim,8B,2025/2026,199,Kurang,96.0,Tinggi,1,Ringan,Buruh/Petani,Rp 2.000.000 - Rp 5.000.000,Menunggak 1-2 Bulan,Lengkap,Sedang
Farah Winarno,9A,2024/2025,206,Baik,94.2,Tinggi,0,Tidak Ada,Karyawan Swasta,Rp 2.000.000 - Rp 5.000.000,Lancar,Lengkap,Rendah
Najwa Nuraini,7A,2025/2026,221,Sangat Baik,77.2,Sedang,0,Tidak Ada,Wiraswasta,Rp 2.000.000 - Rp 5.000.000,Lancar,Lengkap,Rendah
Johan Yulianti,7B,2025/2026,199,Kurang,88.5,Tinggi,0,Tidak Ada,Karyawan Swasta,< Rp 2.000.000,Lancar,Lengkap,Sedang
Radika Utama,7A,2024/2025,207,Baik,98.1,Tinggi,1,Ringan,PNS/TNI/Polri,> Rp 5.000.000,Lancar,Lengkap,Rendah
Prasetya Wibisono,8B,2024/2025,230,Sangat Baik,72.3,Rendah,0,Tidak Ada,PNS/TNI/Polri,Rp 2.000.000 - Rp 5.000.000,Lancar,Lengkap,Sedang
Rahmat Widiastuti,9A,2025/2026,227,Sangat Baik,71.3,Rendah,0,Tidak Ada,Wiraswasta,> Rp 5.000.000,Menunggak 1-2 Bulan,Lengkap,Sedang
Karma Andriani,9C,2025/2026,184,Kurang,77.3,Sedang,0,Tidak Ada,PNS/TNI/Polri,< Rp 2.000.000,Menunggak >2 Bulan,Lengkap,Sedang
Fathonah Budiman,9C,2025/2026,232,Sangat Baik,74.4,Rendah,2,Ringan,Wiraswasta,Rp 2.000.000 - Rp 5.000.000,Menunggak 1-2 Bulan,Lengkap,Sedang
Tami Damanik,7A,2024/2025,238,Sangat Baik,68.9,Rendah,0,Tidak Ada,Wiraswasta,< Rp 2.000.000,Lancar,Lengkap,Sedang
Alika Rahayu,8C,2024/2025,213,Baik,78.4,Sedang,2,Ringan,Karyawan Swasta,< Rp 2.000.000,Menunggak 1-2 Bulan,Lengkap,Sedang
Ibrahim Prakasa,9A,2023/2024,199,Kurang,87.3,Tinggi,0,Tidak Ada,Karyawan Swasta,< Rp 2.000.000,Lancar,Lengkap,Sedang
Cagak Samosir,8C,2025/2026,198,Kurang,86.3,Tinggi,0,Tidak Ada,PNS/TNI/Polri,> Rp 5.000.000,Lancar,Lengkap,Sedang
Diah Novitasari,8A,2025/2026,184,Kurang,76.4,Sedang,0,Tidak Ada,Buruh/Petani,Rp 2.000.000 - Rp 5.000.000,Menunggak 1-2 Bulan,Lengkap,Sedang
Heryanto Sitorus,8C,2023/2024,192,Kurang,85.1,Tinggi,0,Tidak Ada,PNS/TNI/Polri,> Rp 5.000.000,Lancar,Lengkap,Sedang
Syahrini Prasetya,7C,2025/2026,226,Sangat Baik,97.9,Tinggi,0,Tidak Ada,Karyawan Swasta,Rp 2.000.000 - Rp 5.000.000,Lancar,Lengkap,Rendah
Oliva Puspasari,8C,2025/2026,227,Sangat Baik,74.9,Rendah,0,Tidak Ada,Karyawan Swasta,< Rp 2.000.000,Menunggak 1-2 Bulan,Piatu,Sedang
Makuta Saptono,7C,2023/2024,182,Kurang,65.3,Rendah,0,Tidak Ada,Wiraswasta,< Rp 2.000.000,Menunggak >2 Bulan,Lengkap,Tinggi
Iriana Usamah,8C,2024/2025,216,Baik,82.6,Sedang,0,Tidak Ada,Karyawan Swasta,> Rp 5.000.000,Lancar,Piatu,Rendah
Warsa Safitri,7C,2024/2025,192,Kurang,84.0,Sedang,0,Tidak Ada,Wiraswasta,< Rp 2.000.000,Menunggak 1-2 Bulan,Lengkap,Sedang
Gandi Mansur,9C,2024/2025,192,Kurang,86.5,Tinggi,0,Tidak Ada,Karyawan Swasta,Rp 2.000.000 - Rp 5.000.000,Menunggak 1-2 Bulan,Lengkap,Sedang
Marsudi Kuswandari,8C,2024/2025,206,Baik,96.2,Tinggi,0,Tidak Ada,Karyawan Swasta,Rp 2.000.000 - Rp 5.000.000,Lancar,Lengkap,Rendah
Amelia Hakim,8B,2025/2026,212,Baik,68.9,Rendah,0,Tidak Ada,Buruh/Petani,Rp 2.000.000 - Rp 5.000.000,Lancar,Lengkap,Sedang
Himawan Mayasari,7C,2024/2025,220,Sangat Baik,79.2,Sedang,0,Tidak Ada,Wiraswasta,> Rp 5.000.000,Lancar,Lengkap,Rendah
Bakda Zulaika,8A,2024/2025,219,Baik,76.7,Sedang,1,Ringan,Buruh/Petani,< Rp 2.000.000,Menunggak 1-2 Bulan,Lengkap,Sedang
Emas Sirait,7B,2023/2024,224,Sangat Baik,76.6,Sedang,10,Sedang/Berat,PNS/TNI/Polri,Rp 2.000.000 - Rp 5.000.000,Menunggak >2 Bulan,Lengkap,Sedang
Satya Marpaung,9B,2023/2024,230,Sangat Baik,73.9,Rendah,0,Tidak Ada,Tidak Bekerja,< Rp 2.000.000,Menunggak 1-2 Bulan,Lengkap,Sedang
Muni Lestari,8A,2024/2025,237,Sangat Baik,92.4,Tinggi,0,Tidak Ada,Wiraswasta,Rp 2.000.000 - Rp 5.000.000,Lancar,Lengkap,Rendah
Almira Agustina,7A,2023/2024,212,Baik,67.2,Rendah,0,Tidak Ada,Karyawan Swasta,Rp 2.000.000 - Rp 5.000.000,Menunggak >2 Bulan,Lengkap,Sedang
Gambira Rajata,8C,2025/2026,193,Kurang,96.0,Tinggi,0,Tidak Ada,Karyawan Swasta,Rp 2.000.000 - Rp 5.000.000,Lancar,Lengkap,Sedang
Nova Utama,9A,2024/2025,221,Sangat Baik,91.4,Tinggi,1,Ringan,PNS/TNI/Polri,< Rp 2.000.000,Lancar,Lengkap,Rendah
Elvin Nuraini,9C,2025/2026,189,Kurang,92.3,Tinggi,0,Tidak Ada,Buruh/Petani,Rp 2.000.000 - Rp 5.000.000,Lancar,Lengkap,Sedang
Kurnia Nashiruddin,7B,2024/2025,185,Kurang,91.3,Tinggi,1,Ringan,Karyawan Swasta,< Rp 2.000.000,Lancar,Lengkap,Sedang
Dagel Namaga,8B,2025/2026,192,Kurang,82.6,Sedang,0,Tidak Ada,Karyawan Swasta,> Rp 5.000.000,Menunggak 1-2 Bulan,Yatim,Sedang
Ciaobella Purwanti,7C,2024/2025,224,Sangat Baik,67.5,Rendah,5,Sedang/Berat,Karyawan Swasta,< Rp 2.000.000,Menunggak 1-2 Bulan,Lengkap,Tinggi
Janet Purwanti,9B,2023/2024,220,Sangat Baik,70.7,Rendah,1,Ringan,Buruh/Petani,< Rp 2.000.000,Lancar,Piatu,Sedang
Taufan Situmorang,9C,2025/2026,197,Kurang,97.8,Tinggi,0,Tidak Ada,Karyawan Swasta,Rp 2.000.000 - Rp 5.000.000,Lancar,Yatim Piatu,Sedang
Puspa Simanjuntak,7A,2023/2024,237,Sangat Baik,65.4,Rendah,0,Tidak Ada,Tidak Bekerja,< Rp 2.000.000,Menunggak >2 Bulan,Yatim,Sedang
Dalima Kusumo,9A,2024/2025,216,Baik,98.4,Tinggi,0,Tidak Ada,Karyawan Swasta,Rp 2.000.000 - Rp 5.000.000,Lancar,Lengkap,Rendah
Maimunah Saputra,7B,2024/2025,240,Sangat Baik,79.8,Sedang,0,Tidak Ada,PNS/TNI/Polri,Rp 2.000.000 - Rp 5.000.000,Lancar,Lengkap,Rendah
Mujur Mulyani,7B,2024/2025,203,Baik,76.6,Sedang,2,Ringan,Tidak Bekerja,< Rp 2.000.000,Menunggak 1-2 Bulan,Yatim,Sedang
Jessica Rahimah,8B,2023/2024,185,Kurang,79.4,Sedang,1,Ringan,Karyawan Swasta,Rp 2.000.000 - Rp 5.000.000,Menunggak 1-2 Bulan,Lengkap,Sedang
Ghaliyati Utami,7C,2024/2025,181,Kurang,70.3,Rendah,0,Tidak Ada,Wiraswasta,Rp 2.000.000 - Rp 5.000.000,Menunggak >2 Bulan,Lengkap,Tinggi
Rina Simanjuntak,9B,2024/2025,240,Sangat Baik,91.2,Tinggi,0,Tidak Ada,Buruh/Petani,> Rp 5.000.000,Lancar,Lengkap,Rendah
Sutan Harimurti Nainggolan,8A,2023/2024,180,Kurang,77.6,Sedang,0,Tidak Ada,Karyawan Swasta,Rp 2.000.000 - Rp 5.000.000,Lancar,Yatim Piatu,Sedang
Jaswadi Dongoran,8A,2023/2024,184,Kurang,75.4,Sedang,0,Tidak Ada,PNS/TNI/Polri,> Rp 5.000.000,Lancar,Lengkap,Sedang
Yosef Yuliarti,9A,2023/2024,204,Baik,66.6,Rendah,0,Tidak Ada,Wiraswasta,Rp 2.000.000 - Rp 5.000.000,Menunggak 1-2 Bulan,Lengkap,Sedang
Ajeng Suryatmi,7C,2023/2024,185,Kurang,67.6,Rendah,1,Ringan,Buruh/Petani,Rp 2.000.000 - Rp 5.000.000,Menunggak >2 Bulan,Lengkap,Tinggi
Irma Siregar,9A,2023/2024,191,Kurang,76.2,Sedang,0,Tidak Ada,Buruh/Petani,< Rp 2.000.000,Lancar,Lengkap,Sedang
Wahyu Yolanda,8B,2023/2024,197,Kurang,79.5,Sedang,0,Tidak Ada,Karyawan Swasta,Rp 2.000.000 - Rp 5.000.000,Menunggak 1-2 Bulan,Lengkap,Sedang
Joko Simbolon,9A,2023/2024,194,Kurang,95.4,Tinggi,0,Tidak Ada,Karyawan Swasta,Rp 2.000.000 - Rp 5.000.000,Lancar,Lengkap,Sedang
Safina Wahyuni,9A,2024/2025,211,Baik,97.9,Tinggi,0,Tidak Ada,Karyawan Swasta,> Rp 5.000.000,Lancar,Lengkap,Rendah
Capa Mangunsong,7B,2023/2024,197,Kurang,73.5,Rendah,0,Tidak Ada,Buruh/Petani,< Rp 2.000.000,Lancar,Lengkap,Tinggi
Lembah Marbun,7B,2024/2025,225,Sangat Baik,87.3,Tinggi,0,Tidak Ada,Karyawan Swasta,> Rp 5.000.000,Lancar,Lengkap,Rendah
Ika Lazuardi,8A,2024/2025,196,Kurang,77.2,Sedang,1,Ringan,Buruh/Petani,Rp 2.000.000 - Rp 5.000.000,Menunggak >2 Bulan,Lengkap,Sedang
Dina Wibowo,8A,2023/2024,230,Sangat Baik,69.1,Rendah,5,Sedang/Berat,PNS/TNI/Polri,Rp 2.000.000 - Rp 5.000.000,Menunggak >2 Bulan,Yatim Piatu,Tinggi
Leo Waskita,9C,2023/2024,220,Sangat Baik,71.8,Rendah,0,Tidak Ada,PNS/TNI/Polri,> Rp 5.000.000,Lancar,Lengkap,Sedang
Timbul Saragih,7B,2025/2026,230,Sangat Baik,98.1,Tinggi,1,Ringan,PNS/TNI/Polri,Rp 2.000.000 - Rp 5.000.000,Lancar,Lengkap,Rendah
Eka Mustofa,9B,2025/2026,208,Baik,73.0,Rendah,0,Tidak Ada,Karyawan Swasta,Rp 2.000.000 - Rp 5.000.000,Menunggak 1-2 Bulan,Lengkap,Sedang
Embuh Sirait,9A,2023/2024,217,Baik,96.0,Tinggi,0,Tidak Ada,PNS/TNI/Polri,Rp 2.000.000 - Rp 5.000.000,Lancar,Lengkap,Rendah
Zalindra Prasasta,8C,2023/2024,181,Kurang,83.4,Sedang,1,Ringan,Wiraswasta,< Rp 2.000.000,Menunggak 1-2 Bulan,Piatu,Sedang
Bahuwarna Uyainah,7C,2023/2024,191,Kurang,76.0,Sedang,0,Tidak Ada,Karyawan Swasta,> Rp 5.000.000,Menunggak 1-2 Bulan,Lengkap,Sedang
Nadine Sudiati,8B,2023/2024,184,Kurang,76.9,Sedang,0,Tidak Ada,Tidak Bekerja,Rp 2.000.000 - Rp 5.000.000,Menunggak 1-2 Bulan,Lengkap,Sedang
Danu Safitri,8C,2025/2026,213,Baik,96.3,Tinggi,0,Tidak Ada,PNS/TNI/Polri,> Rp 5.000.000,Lancar,Lengkap,Rendah
Karimah Sinaga,9C,2023/2024,239,Sangat Baik,77.7,Sedang,0,Tidak Ada,Karyawan Swasta,Rp 2.000.000 - Rp 5.000.000,Lancar,Lengkap,Rendah
Ajeng Pradana,7A,2025/2026,192,Kurang,72.8,Rendah,1,Ringan,Wiraswasta,Rp 2.000.000 - Rp 5.000.000,Lancar,Lengkap,Tinggi
Opung Utama,9C,2024/2025,237,Sangat Baik,75.8,Sedang,0,Tidak Ada,Karyawan Swasta,Rp 2.000.000 - Rp 5.000.000,Lancar,Lengkap,Rendah
Endra Firmansyah,9B,2024/2025,198,Kurang,94.8,Tinggi,0,Tidak Ada,PNS/TNI/Polri,< Rp 2.000.000,Menunggak 1-2 Bulan,Lengkap,Sedang
Candrakanta Suryatmi,8C,2023/2024,202,Baik,75.9,Sedang,0,Tidak Ada,Karyawan Swasta,Rp 2.000.000 - Rp 5.000.000,Menunggak 1-2 Bulan,Yatim Piatu,Sedang
Eva Rahimah,8C,2024/2025,231,Sangat Baik,71.5,Rendah,0,Tidak Ada,PNS/TNI/Polri,Rp 2.000.000 - Rp 5.000.000,Lancar,Lengkap,Sedang
Martana Purwanti,7B,2025/2026,186,Kurang,77.6,Sedang,0,Tidak Ada,Wiraswasta,> Rp 5.000.000,Lancar,Lengkap,Sedang
Hilda Nasyiah,7C,2024/2025,181,Kurang,67.5,Rendah,1,Ringan,Buruh/Petani,< Rp 2.000.000,Lancar,Piatu,Tinggi
Gaiman Safitri,8A,2025/2026,209,Baik,92.6,Tinggi,0,Tidak Ada,PNS/TNI/Polri,Rp 2.000.000 - Rp 5.000.000,Lancar,Lengkap,Rendah
Eka Yolanda,8B,2023/2024,226,Sangat Baik,69.3,Rendah,0,Tidak Ada,Wiraswasta,< Rp 2.000.000,Menunggak 1-2 Bulan,Lengkap,Sedang
Intan Situmorang,8B,2025/2026,200,Baik,84.2,Sedang,0,Tidak Ada,Wiraswasta,> Rp 5.000.000,Lancar,Lengkap,Rendah
Radit Najmudin,8C,2025/2026,229,Sangat Baik,93.9,Tinggi,0,Tidak Ada,Karyawan Swasta,> Rp 5.000.000,Lancar,Lengkap,Rendah
Ratih Hartati,9B,2025/2026,213,Baik,65.4,Rendah,0,Tidak Ada,Karyawan Swasta,< Rp 2.000.000,Menunggak 1-2 Bulan,Lengkap,Sedang
Luluh Wahyudin,8A,2025/2026,187,Kurang,77.5,Sedang,1,Ringan,Wiraswasta,< Rp 2.000.000,Lancar,Lengkap,Sedang
Yuni Nainggolan,8B,2024/2025,191,Kurang,68.1,Rendah,1,Ringan,Buruh/Petani,< Rp 2.000.000,Menunggak >2 Bulan,Yatim Piatu,Tinggi
Usyi Siregar,9B,2024/2025,185,Kurang,72.4,Rendah,1,Ringan,Karyawan Swasta,< Rp 2.000.000,Menunggak 1-2 Bulan,Yatim Piatu,Tinggi
Agnes Maryati,9B,2024/2025,184,Kurang,89.4,Tinggi,0,Tidak Ada,Wiraswasta,> Rp 5.000.000,Lancar,Lengkap,Sedang
Vicky Kuswoyo,9C,2025/2026,240,Sangat Baik,76.0,Sedang,0,Tidak Ada,Wiraswasta,Rp 2.000.000 - Rp 5.000.000,Lancar,Lengkap,Rendah
Gandi Padmasari,8B,2025/2026,190,Kurang,97.1,Tinggi,0,Tidak Ada,PNS/TNI/Polri,Rp 2.000.000 - Rp 5.000.000,Lancar,Lengkap,Sedang
Puput Nasyiah,8C,2024/2025,203,Baik,93.2,Tinggi,0,Tidak Ada,Buruh/Petani,> Rp 5.000.000,Lancar,Lengkap,Rendah
Ayu Utama,8A,2025/2026,210,Baik,95.2,Tinggi,5,Sedang/Berat,Wiraswasta,Rp 2.000.000 - Rp 5.000.000,Menunggak >2 Bulan,Yatim Piatu,Sedang
Nyoman Wacana,7A,2025/2026,200,Baik,80.9,Sedang,0,Tidak Ada,Wiraswasta,Rp 2.000.000 - Rp 5.000.000,Menunggak 1-2 Bulan,Lengkap,Rendah
Kemal Permadi,8B,2025/2026,221,Sangat Baik,67.6,Rendah,0,Tidak Ada,Karyawan Swasta,> Rp 5.000.000,Menunggak 1-2 Bulan,Lengkap,Sedang
Genta Namaga,7C,2023/2024,201,Baik,91.5,Tinggi,0,Tidak Ada,Karyawan Swasta,Rp 2.000.000 - Rp 5.000.000,Lancar,Lengkap,Rendah
Carla Rahimah,7B,2024/2025,228,Sangat Baik,90.2,Tinggi,0,Tidak Ada,Karyawan Swasta,> Rp 5.000.000,Lancar,Lengkap,Rendah
Asirwada Sihotang,7C,2023/2024,183,Kurang,66.7,Rendah,10,Sedang/Berat,Tidak Bekerja,> Rp 5.000.000,Menunggak 1-2 Bulan,Yatim,Tinggi
Ajeng Firmansyah,9B,2024/2025,232,Sangat Baik,67.0,Rendah,0,Tidak Ada,Karyawan Swasta,Rp 2.000.000 - Rp 5.000.000,Lancar,Lengkap,Sedang
Lanang Mustofa,7B,2025/2026,208,Baik,72.3,Rendah,0,Tidak Ada,PNS/TNI/Polri,< Rp 2.000.000,Lancar,Lengkap,Sedang
Humaira Santoso,9B,2025/2026,240,Sangat Baik,68.1,Rendah,0,Tidak Ada,Tidak Bekerja,Rp 2.000.000 - Rp 5.000.000,Lancar,Lengkap,Sedang
Diana Mulyani,7B,2023/2024,198,Kurang,90.0,Tinggi,0,Tidak Ada,PNS/TNI/Polri,Rp 2.000.000 - Rp 5.000.000,Lancar,Lengkap,Sedang
Elvin Pertiwi,7B,2025/2026,184,Kurang,65.8,Rendah,0,Tidak Ada,Karyawan Swasta,< Rp 2.000.000,Menunggak >2 Bulan,Lengkap,Tinggi
Citra Narpati,7B,2025/2026,215,Baik,90.1,Tinggi,0,Tidak Ada,Tidak Bekerja,< Rp 2.000.000,Lancar,Lengkap,Rendah
Zahra Haryanti,7B,2023/2024,223,Sangat Baik,65.9,Rendah,0,Tidak Ada,PNS/TNI/Polri,< Rp 2.000.000,Lancar,Lengkap,Sedang
Shania Habibi,8C,2023/2024,202,Baik,68.6,Rendah,2,Ringan,Karyawan Swasta,< Rp 2.000.000,Menunggak >2 Bulan,Lengkap,Tinggi
Laswi Hutapea,9C,2025/2026,189,Kurang,87.6,Tinggi,3,Sedang/Berat,Karyawan Swasta,Rp 2.000.000 - Rp 5.000.000,Lancar,Lengkap,Sedang
Mutia Hutapea,9B,2024/2025,194,Kurang,66.2,Rendah,0,Tidak Ada,Tidak Bekerja,< Rp 2.000.000,Menunggak 1-2 Bulan,Lengkap,Tinggi
Gamblang Namaga,9B,2025/2026,213,Baik,74.4,Rendah,0,Tidak Ada,Buruh/Petani,Rp 2.000.000 - Rp 5.000.000,Menunggak 1-2 Bulan,Lengkap,Sedang
Among Saefullah,8B,2024/2025,200,Baik,87.8,Tinggi,0,Tidak Ada,Karyawan Swasta,< Rp 2.000.000,Lancar,Lengkap,Rendah
Lala Gunawan,9C,2023/2024,228,Sangat Baik,90.8,Tinggi,0,Tidak Ada,Karyawan Swasta,Rp 2.000.000 - Rp 5.000.000,Lancar,Piatu,Rendah
Ajiman Handayani,8A,2025/2026,200,Baik,65.1,Rendah,0,Tidak Ada,Buruh/Petani,> Rp 5.000.000,Lancar,Lengkap,Sedang
Warsa Hidayat,9C,2024/2025,218,Baik,94.7,Tinggi,0,Tidak Ada,Karyawan Swasta,> Rp 5.000.000,Lancar,Lengkap,Rendah
Vero Hutagalung,9B,2023/2024,227,Sangat Baik,94.2,Tinggi,0,Tidak Ada,Karyawan Swasta,> Rp 5.000.000,Lancar,Lengkap,Rendah
Yessi Putra,8A,2025/2026,240,Sangat Baik,87.6,Tinggi,0,Tidak Ada,Karyawan Swasta,> Rp 5.000.000,Menunggak 1-2 Bulan,Lengkap,Rendah
Yunita Mayasari,8C,2024/2025,240,Sangat Baik,84.5,Sedang,0,Tidak Ada,Karyawan Swasta,> Rp 5.000.000,Lancar,Lengkap,Rendah
Hasna Nasyiah,9B,2024/2025,217,Baik,84.8,Sedang,0,Tidak Ada,PNS/TNI/Polri,> Rp 5.000.000,Lancar,Lengkap,Rendah
Puti Juli Budiyanto,8C,2024/2025,200,Baik,95.5,Tinggi,0,Tidak Ada,Wiraswasta,> Rp 5.000.000,Lancar,Lengkap,Rendah
Hasta Hardiansyah,7C,2025/2026,188,Kurang,67.0,Rendah,0,Tidak Ada,Karyawan Swasta,Rp 2.000.000 - Rp 5.000.000,Menunggak >2 Bulan,Lengkap,Tinggi
Puti Julia Wastuti,8A,2025/2026,209,Baik,83.7,Sedang,2,Ringan,PNS/TNI/Polri,Rp 2.000.000 - Rp 5.000.000,Lancar,Lengkap,Sedang
Tari Nasyiah,8C,2023/2024,232,Sangat Baik,65.3,Rendah,0,Tidak Ada,Tidak Bekerja,Rp 2.000.000 - Rp 5.000.000,Lancar,Lengkap,Sedang
Vanya Tampubolon,7B,2023/2024,232,Sangat Baik,98.0,Tinggi,0,Tidak Ada,Wiraswasta,> Rp 5.000.000,Lancar,Lengkap,Rendah
Ivan Nababan,8A,2025/2026,238,Sangat Baik,81.9,Sedang,2,Ringan,Karyawan Swasta,> Rp 5.000.000,Lancar,Lengkap,Rendah
Suci Situmorang,9A,2023/2024,235,Sangat Baik,78.8,Sedang,0,Tidak Ada,Buruh/Petani,Rp 2.000.000 - Rp 5.000.000,Lancar,Lengkap,Rendah
Rachel Maryadi,9A,2023/2024,194,Kurang,91.8,Tinggi,1,Ringan,Karyawan Swasta,< Rp 2.000.000,Menunggak 1-2 Bulan,Lengkap,Sedang
Cakrajiya Saputra,9A,2024/2025,181,Kurang,71.7,Rendah,0,Tidak Ada,Buruh/Petani,< Rp 2.000.000,Menunggak >2 Bulan,Lengkap,Tinggi
Gangsar Wulandari,9A,2025/2026,195,Kurang,85.2,Tinggi,1,Ringan,Tidak Bekerja,Rp 2.000.000 - Rp 5.000.000,Menunggak 1-2 Bulan,Lengkap,Sedang
Muhammad Halimah,9B,2023/2024,208,Baik,67.3,Rendah,0,Tidak Ada,Wiraswasta,< Rp 2.000.000,Lancar,Lengkap,Sedang
Zelda Winarsih,9A,2025/2026,182,Kurang,89.8,Tinggi,0,Tidak Ada,Karyawan Swasta,Rp 2.000.000 - Rp 5.000.000,Lancar,Piatu,Sedang
Dipa Putra,8B,2025/2026,219,Baik,82.1,Sedang,0,Tidak Ada,PNS/TNI/Polri,Rp 2.000.000 - Rp 5.000.000,Lancar,Lengkap,Rendah
Caket Aryani,7C,2025/2026,218,Baik,92.6,Tinggi,0,Tidak Ada,PNS/TNI/Polri,> Rp 5.000.000,Lancar,Lengkap,Rendah
Natalia Aryani,9C,2024/2025,189,Kurang,92.0,Tinggi,1,Ringan,Karyawan Swasta,Rp 2.000.000 - Rp 5.000.000,Lancar,Lengkap,Sedang
Warsa Uyainah,8A,2024/2025,200,Baik,94.1,Tinggi,0,Tidak Ada,Wiraswasta,> Rp 5.000.000,Lancar,Piatu,Rendah
Nalar Maulana,8C,2024/2025,203,Baik,73.2,Rendah,0,Tidak Ada,Buruh/Petani,< Rp 2.000.000,Lancar,Lengkap,Sedang
Dacin Situmorang,8C,2024/2025,182,Kurang,96.1,Tinggi,0,Tidak Ada,Buruh/Petani,< Rp 2.000.000,Lancar,Lengkap,Sedang
Prakosa Usada,7A,2025/2026,213,Baik,68.7,Rendah,2,Ringan,Buruh/Petani,< Rp 2.000.000,Menunggak >2 Bulan,Lengkap,Tinggi
Marsito Yuniar,9B,2025/2026,237,Sangat Baik,79.8,Sedang,1,Ringan,Karyawan Swasta,> Rp 5.000.000,Lancar,Lengkap,Rendah
Kasim Usamah,7A,2023/2024,200,Baik,81.4,Sedang,0,Tidak Ada,Karyawan Swasta,< Rp 2.000.000,Lancar,Yatim Piatu,Rendah
Hairyanto Melani,7B,2024/2025,205,Baik,87.4,Tinggi,2,Ringan,PNS/TNI/Polri,Rp 2.000.000 - Rp 5.000.000,Menunggak 1-2 Bulan,Lengkap,Sedang
Prima Latupono,9B,2024/2025,208,Baik,75.4,Sedang,1,Ringan,Wiraswasta,Rp 2.000.000 - Rp 5.000.000,Lancar,Lengkap,Sedang
Gina Permata,8A,2024/2025,233,Sangat Baik,88.4,Tinggi,2,Ringan,Karyawan Swasta,< Rp 2.000.000,Lancar,Lengkap,Rendah
Salimah Purnawati,9C,2023/2024,217,Baik,96.2,Tinggi,0,Tidak Ada,PNS/TNI/Polri,> Rp 5.000.000,Lancar,Lengkap,Rendah
Balijan Marbun,8B,2025/2026,214,Baik,94.6,Tinggi,2,Ringan,Karyawan Swasta,> Rp 5.000.000,Menunggak >2 Bulan,Lengkap,Sedang
Reksa Manullang,9C,2024/2025,199,Kurang,71.7,Rendah,0,Tidak Ada,Buruh/Petani,Rp 2.000.000 - Rp 5.000.000,Menunggak >2 Bulan,Lengkap,Tinggi
Radika Wahyudin,7C,2023/2024,197,Kurang,87.3,Tinggi,0,Tidak Ada,Wiraswasta,< Rp 2.000.000,Menunggak 1-2 Bulan,Lengkap,Sedang
Rika Waskita,7C,2025/2026,224,Sangat Baik,67.2,Rendah,0,Tidak Ada,PNS/TNI/Polri,Rp 2.000.000 - Rp 5.000.000,Lancar,Lengkap,Sedang
Xanana Kurniawan,7C,2025/2026,180,Kurang,95.9,Tinggi,1,Ringan,Wiraswasta,Rp 2.000.000 - Rp 5.000.000,Menunggak 1-2 Bulan,Lengkap,Sedang
Ratih Hassanah,8A,2025/2026,217,Baik,70.2,Rendah,2,Ringan,Buruh/Petani,< Rp 2.000.000,Menunggak >2 Bulan,Lengkap,Tinggi
Faizah Gunarto,7C,2024/2025,207,Baik,85.5,Tinggi,1,Ringan,PNS/TNI/Polri,Rp 2.000.000 - Rp 5.000.000,Lancar,Lengkap,Rendah
Titin Kuswoyo,9C,2023/2024,231,Sangat Baik,98.1,Tinggi,0,Tidak Ada,Karyawan Swasta,Rp 2.000.000 - Rp 5.000.000,Lancar,Lengkap,Rendah
Gina Siregar,7B,2025/2026,230,Sangat Baik,91.1,Tinggi,0,Tidak Ada,PNS/TNI/Polri,Rp 2.000.000 - Rp 5.000.000,Lancar,Yatim Piatu,Rendah
Hartaka Santoso,8B,2023/2024,189,Kurang,98.5,Tinggi,2,Ringan,Buruh/Petani,Rp 2.000.000 - Rp 5.000.000,Lancar,Lengkap,Sedang
Omar Mardhiyah,8C,2025/2026,197,Kurang,78.6,Sedang,0,Tidak Ada,PNS/TNI/Polri,Rp 2.000.000 - Rp 5.000.000,Menunggak 1-2 Bulan,Lengkap,Sedang
Laras Megantara,8A,2023/2024,206,Baik,75.6,Sedang,0,Tidak Ada,Wiraswasta,< Rp 2.000.000,Lancar,Lengkap,Sedang
Sutan Harsaya Budiman,8A,2023/2024,216,Baik,75.7,Sedang,2,Ringan,PNS/TNI/Polri,> Rp 5.000.000,Lancar,Lengkap,Sedang
Hani Ardianto,7A,2023/2024,187,Kurang,93.0,Tinggi,0,Tidak Ada,Buruh/Petani,Rp 2.000.000 - Rp 5.000.000,Lancar,Yatim,Sedang
Maman Sihombing,7B,2023/2024,180,Kurang,91.0,Tinggi,0,Tidak Ada,Karyawan Swasta,> Rp 5.000.000,Lancar,Lengkap,Sedang
Talia Hidayat,9B,2023/2024,188,Kurang,71.1,Rendah,0,Tidak Ada,Karyawan Swasta,Rp 2.000.000 - Rp 5.000.000,Menunggak 1-2 Bulan,Yatim,Tinggi
Nardi Maryati,9A,2025/2026,236,Sangat Baik,95.4,Tinggi,0,Tidak Ada,Wiraswasta,Rp 2.000.000 - Rp 5.000.000,Lancar,Lengkap,Rendah
Nabila Aryani,8A,2024/2025,197,Kurang,81.0,Sedang,0,Tidak Ada,Wiraswasta,> Rp 5.000.000,Lancar,Lengkap,Sedang
Estiono Novitasari,7A,2023/2024,184,Kurang,95.7,Tinggi,3,Sedang/Berat,Karyawan Swasta,< Rp 2.000.000,Menunggak >2 Bulan,Lengkap,Sedang
Tri Waskita,9C,2023/2024,214,Baik,93.2,Tinggi,5,Sedang/Berat,Wiraswasta,Rp 2.000.000 - Rp 5.000.000,Menunggak 1-2 Bulan,Lengkap,Sedang
Bajragin Susanti,9B,2024/2025,200,Baik,68.6,Rendah,0,Tidak Ada,PNS/TNI/Polri,< Rp 2.000.000,Menunggak >2 Bulan,Lengkap,Sedang
Eva Mansur,7B,2023/2024,200,Baik,68.5,Rendah,0,Tidak Ada,Karyawan Swasta,Rp 2.000.000 - Rp 5.000.000,Menunggak 1-2 Bulan,Lengkap,Sedang
Queen Maryati,9C,2023/2024,221,Sangat Baik,83.8,Sedang,2,Ringan,Buruh/Petani,> Rp 5.000.000,Menunggak 1-2 Bulan,Lengkap,Rendah
Indah Prayoga,8A,2024/2025,214,Baik,73.1,Rendah,0,Tidak Ada,Karyawan Swasta,Rp 2.000.000 - Rp 5.000.000,Menunggak >2 Bulan,Lengkap,Sedang
Nadine Yulianti,8B,2023/2024,197,Kurang,94.0,Tinggi,0,Tidak Ada,Karyawan Swasta,Rp 2.000.000 - Rp 5.000.000,Lancar,Lengkap,Sedang
Elvina Wijayanti,7A,2023/2024,197,Kurang,75.8,Sedang,0,Tidak Ada,Karyawan Swasta,< Rp 2.000.000,Lancar,Lengkap,Sedang
Rahayu Yuliarti,8C,2025/2026,214,Baik,84.8,Sedang,0,Tidak Ada,Wiraswasta,> Rp 5.000.000,Lancar,Lengkap,Rendah
Julia Budiyanto,8B,2024/2025,214,Baik,97.6,Tinggi,0,Tidak Ada,Wiraswasta,< Rp 2.000.000,Lancar,Lengkap,Rendah
Teddy Maheswara,9C,2024/2025,206,Baik,71.8,Rendah,0,Tidak Ada,Karyawan Swasta,Rp 2.000.000 - Rp 5.000.000,Lancar,Yatim,Sedang
Puti Sari Nashiruddin,9A,2024/2025,191,Kurang,94.9,Tinggi,0,Tidak Ada,Wiraswasta,Rp 2.000.000 - Rp 5.000.000,Lancar,Lengkap,Sedang
Prabawa Zulaika,7A,2025/2026,212,Baik,93.4,Tinggi,0,Tidak Ada,PNS/TNI/Polri,Rp 2.000.000 - Rp 5.000.000,Lancar,Lengkap,Rendah
Jabal Puspasari,9C,2023/2024,190,Kurang,74.0,Rendah,1,Ringan,Buruh/Petani,< Rp 2.000.000,Menunggak 1-2 Bulan,Lengkap,Tinggi
Qori Pradana,7A,2023/2024,214,Baik,88.7,Tinggi,0,Tidak Ada,Wiraswasta,Rp 2.000.000 - Rp 5.000.000,Lancar,Lengkap,Rendah
Janet Prastuti,7A,2024/2025,218,Baik,79.2,Sedang,0,Tidak Ada,Buruh/Petani,< Rp 2.000.000,Lancar,Lengkap,Sedang
Nyoman Susanti,8A,2025/2026,217,Baik,66.7,Rendah,0,Tidak Ada,PNS/TNI/Polri,< Rp 2.000.000,Lancar,Lengkap,Sedang
Ira Puspasari,9A,2025/2026,198,Kurang,69.1,Rendah,0,Tidak Ada,Wiraswasta,< Rp 2.000.000,Menunggak >2 Bulan,Lengkap,Tinggi
Aditya Yulianti,7A,2025/2026,200,Baik,68.7,Rendah,0,Tidak Ada,Wiraswasta,> Rp 5.000.000,Lancar,Lengkap,Sedang
Gasti Puspasari,9A,2025/2026,225,Sangat Baik,65.4,Rendah,0,Tidak Ada,Wiraswasta,Rp 2.000.000 - Rp 5.000.000,Menunggak 1-2 Bulan,Lengkap,Sedang
Tomi Jailani,8B,2024/2025,230,Sangat Baik,92.6,Tinggi,0,Tidak Ada,Wiraswasta,Rp 2.000.000 - Rp 5.000.000,Lancar,Lengkap,Rendah
Calista Wibowo,8B,2024/2025,202,Baik,66.3,Rendah,1,Ringan,Karyawan Swasta,> Rp 5.000.000,Menunggak >2 Bulan,Yatim Piatu,Sedang
Puti Fitria Farida,7C,2023/2024,201,Baik,82.8,Sedang,2,Ringan,PNS/TNI/Polri,< Rp 2.000.000,Lancar,Lengkap,Sedang
Elvin Anggraini,8B,2023/2024,228,Sangat Baik,76.9,Sedang,0,Tidak Ada,PNS/TNI/Polri,Rp 2.000.000 - Rp 5.000.000,Lancar,Lengkap,Rendah
Winda Prasetyo,8C,2025/2026,194,Kurang,66.9,Rendah,0,Tidak Ada,Buruh/Petani,< Rp 2.000.000,Menunggak >2 Bulan,Yatim Piatu,Tinggi
Cemeti Siregar,8C,2025/2026,194,Kurang,97.8,Tinggi,2,Ringan,Wiraswasta,Rp 2.000.000 - Rp 5.000.000,Lancar,Lengkap,Sedang
Amalia Widodo,7C,2024/2025,230,Sangat Baik,88.1,Tinggi,1,Ringan,PNS/TNI/Polri,< Rp 2.000.000,Lancar,Lengkap,Rendah
Damar Purnawati,7A,2025/2026,204,Baik,95.8,Tinggi,0,Tidak Ada,Wiraswasta,< Rp 2.000.000,Lancar,Lengkap,Rendah
Drajat Wulandari,9A,2023/2024,224,Sangat Baik,96.3,Tinggi,0,Tidak Ada,Wiraswasta,Rp 2.000.000 - Rp 5.000.000,Lancar,Lengkap,Rendah
Heryanto Latupono,8A,2025/2026,224,Sangat Baik,90.9,Tinggi,0,Tidak Ada,Wiraswasta,Rp 2.000.000 - Rp 5.000.000,Lancar,Lengkap,Rendah
Ayu Suryatmi,9B,2025/2026,207,Baik,83.8,Sedang,0,Tidak Ada,Karyawan Swasta,Rp 2.000.000 - Rp 5.000.000,Lancar,Lengkap,Rendah
Daryani Habibi,7B,2024/2025,191,Kurang,95.8,Tinggi,0,Tidak Ada,Karyawan Swasta,< Rp 2.000.000,Lancar,Lengkap,Sedang
Eva Lailasari,8A,2024/2025,187,Kurang,77.4,Sedang,0,Tidak Ada,Wiraswasta,Rp 2.000.000 - Rp 5.000.000,Lancar,Lengkap,Sedang
Rahayu Laksita,9B,2023/2024,203,Baik,72.5,Rendah,0,Tidak Ada,Tidak Bekerja,Rp 2.000.000 - Rp 5.000.000,Lancar,Lengkap,Sedang
Ghaliyati Padmasari,8A,2023/2024,228,Sangat Baik,86.3,Tinggi,0,Tidak Ada,Karyawan Swasta,< Rp 2.000.000,Lancar,Lengkap,Rendah
Tania Haryanto,8B,2024/2025,234,Sangat Baik,81.3,Sedang,0,Tidak Ada,Wiraswasta,Rp 2.000.000 - Rp 5.000.000,Lancar,Lengkap,Rendah
Taufik Mulyani,7B,2025/2026,228,Sangat Baik,67.1,Rendah,1,Ringan,Karyawan Swasta,< Rp 2.000.000,Lancar,Lengkap,Sedang
Legawa Puspita,7B,2024/2025,215,Baik,66.2,Rendah,1,Ringan,Buruh/Petani,> Rp 5.000.000,Menunggak 1-2 Bulan,Lengkap,Sedang
Diana Hassanah,7B,2023/2024,240,Sangat Baik,83.8,Sedang,0,Tidak Ada,PNS/TNI/Polri,> Rp 5.000.000,Lancar,Lengkap,Rendah
Upik Tamba,8A,2024/2025,214,Baik,67.7,Rendah,10,Sedang/Berat,Wiraswasta,< Rp 2.000.000,Menunggak >2 Bulan,Lengkap,Tinggi
Hamima Mangunsong,8C,2024/2025,189,Kurang,65.5,Rendah,3,Sedang/Berat,Tidak Bekerja,< Rp 2.000.000,Menunggak 1-2 Bulan,Yatim,Tinggi
Jamil Pratiwi,8C,2025/2026,206,Baik,88.7,Tinggi,0,Tidak Ada,Wiraswasta,Rp 2.000.000 - Rp 5.000.000,Lancar,Lengkap,Rendah
Ikhsan Samosir,8B,2023/2024,238,Sangat Baik,69.8,Rendah,0,Tidak Ada,Wiraswasta,> Rp 5.000.000,Lancar,Lengkap,Sedang
Azalea Wibowo,9C,2025/2026,229,Sangat Baik,93.3,Tinggi,0,Tidak Ada,Karyawan Swasta,> Rp 5.000.000,Lancar,Lengkap,Rendah
Endah Santoso,9B,2024/2025,182,Kurang,69.7,Rendah,1,Ringan,Buruh/Petani,< Rp 2.000.000,Lancar,Lengkap,Tinggi
Karja Handayani,8A,2023/2024,193,Kurang,97.0,Tinggi,0,Tidak Ada,Karyawan Swasta,Rp 2.000.000 - Rp 5.000.000,Menunggak 1-2 Bulan,Lengkap,Sedang
Adika Pudjiastuti,9C,2024/2025,209,Baik,68.7,Rendah,0,Tidak Ada,Wiraswasta,< Rp 2.000.000,Menunggak >2 Bulan,Lengkap,Sedang
Belinda Pradipta,8B,2025/2026,181,Kurang,68.5,Rendah,0,Tidak Ada,Buruh/Petani,Rp 2.000.000 - Rp 5.000.000,Menunggak 1-2 Bulan,Lengkap,Tinggi
Jabal Uwais,9C,2024/2025,225,Sangat Baik,90.0,Tinggi,0,Tidak Ada,Wiraswasta,< Rp 2.000.000,Lancar,Lengkap,Rendah
Rini Hidayat,8A,2024/2025,217,Baik,85.3,Tinggi,0,Tidak Ada,Karyawan Swasta,< Rp 2.000.000,Lancar,Lengkap,Rendah
Lala Siregar,9A,2024/2025,229,Sangat Baik,78.0,Sedang,0,Tidak Ada,PNS/TNI/Polri,> Rp 5.000.000,Lancar,Lengkap,Rendah
Najwa Yolanda,7C,2024/2025,228,Sangat Baik,87.8,Tinggi,1,Ringan,Karyawan Swasta,Rp 2.000.000 - Rp 5.000.000,Lancar,Lengkap,Rendah
Ami Kuswandari,9C,2023/2024,194,Kurang,65.8,Rendah,0,Tidak Ada,Buruh/Petani,Rp 2.000.000 - Rp 5.000.000,Menunggak >2 Bulan,Lengkap,Tinggi
Tirta Sinaga,8B,2025/2026,224,Sangat Baik,68.7,Rendah,0,Tidak Ada,Wiraswasta,Rp 2.000.000 - Rp 5.000.000,Menunggak 1-2 Bulan,Lengkap,Sedang
Ivan Thamrin,8C,2023/2024,224,Sangat Baik,76.8,Sedang,0,Tidak Ada,PNS/TNI/Polri,Rp 2.000.000 - Rp 5.000.000,Lancar,Yatim,Rendah
Irma Sudiati,7C,2024/2025,212,Baik,92.6,Tinggi,1,Ringan,Karyawan Swasta,> Rp 5.000.000,Lancar,Lengkap,Rendah
Bakiono Melani,8A,2025/2026,180,Kurang,90.3,Tinggi,0,Tidak Ada,Karyawan Swasta,Rp 2.000.000 - Rp 5.000.000,Lancar,Lengkap,Sedang
Azalea Hasanah,7C,2024/2025,233,Sangat Baik,90.5,Tinggi,0,Tidak Ada,PNS/TNI/Polri,> Rp 5.000.000,Lancar,Lengkap,Rendah
Icha Wijayanti,9C,2025/2026,232,Sangat Baik,66.2,Rendah,0,Tidak Ada,Wiraswasta,Rp 2.000.000 - Rp 5.000.000,Lancar,Lengkap,Sedang
Dodo Ardianto,9A,2024/2025,203,Baik,77.8,Sedang,1,Ringan,PNS/TNI/Polri,< Rp 2.000.000,Lancar,Lengkap,Sedang
Enteng Prastuti,8B,2024/2025,213,Baik,81.1,Sedang,0,Tidak Ada,Wiraswasta,> Rp 5.000.000,Lancar,Yatim,Rendah
Sutan Lega Samosir,9A,2023/2024,180,Kurang,74.4,Rendah,0,Tidak Ada,Wiraswasta,< Rp 2.000.000,Menunggak >2 Bulan,Lengkap,Tinggi
Aris Sitompul,7B,2025/2026,180,Kurang,80.7,Sedang,0,Tidak Ada,Wiraswasta,> Rp 5.000.000,Lancar,Yatim Piatu,Sedang
Raihan Pudjiastuti,7A,2025/2026,185,Kurang,83.5,Sedang,0,Tidak Ada,PNS/TNI/Polri,Rp 2.000.000 - Rp 5.000.000,Lancar,Lengkap,Sedang
Elon Sitompul,7A,2025/2026,234,Sangat Baik,94.1,Tinggi,0,Tidak Ada,Wiraswasta,> Rp 5.000.000,Lancar,Lengkap,Rendah
Indah Wulandari,9A,2023/2024,212,Baik,71.6,Rendah,0,Tidak Ada,Tidak Bekerja,> Rp 5.000.000,Lancar,Lengkap,Sedang
Bakidin Nababan,9C,2024/2025,240,Sangat Baik,97.7,Tinggi,0,Tidak Ada,PNS/TNI/Polri,< Rp 2.000.000,Lancar,Lengkap,Rendah
Prayitna Tarihoran,8B,2024/2025,183,Kurang,88.6,Tinggi,2,Ringan,Karyawan Swasta,Rp 2.000.000 - Rp 5.000.000,Lancar,Lengkap,Sedang
Taswir Sudiati,7A,2024/2025,211,Baik,83.1,Sedang,0,Tidak Ada,Wiraswasta,< Rp 2.000.000,Lancar,Yatim,Rendah
Utama Winarsih,7B,2025/2026,205,Baik,94.8,Tinggi,0,Tidak Ada,Karyawan Swasta,> Rp 5.000.000,Lancar,Lengkap,Rendah
Cakrabirawa Nashiruddin,8A,2025/2026,239,Sangat Baik,69.1,Rendah,0,Tidak Ada,Wiraswasta,> Rp 5.000.000,Menunggak 1-2 Bulan,Lengkap,Sedang
Mutia Pangestu,7C,2024/2025,196,Kurang,69.2,Rendah,0,Tidak Ada,Karyawan Swasta,> Rp 5.000.000,Lancar,Lengkap,Tinggi
Wahyu Suryatmi,8A,2023/2024,233,Sangat Baik,85.8,Tinggi,0,Tidak Ada,PNS/TNI/Polri,Rp 2.000.000 - Rp 5.000.000,Lancar,Lengkap,Rendah
Sitompul,7A,2024/2025,235,Sangat Baik,88.2,Tinggi,0,Tidak Ada,PNS/TNI/Polri,Rp 2.000.000 - Rp 5.000.000,Lancar,Lengkap,Rendah
Rahayu Marbun,7A,2024/2025,222,Sangat Baik,90.8,Tinggi,0,Tidak Ada,Karyawan Swasta,> Rp 5.000.000,Lancar,Lengkap,Rendah
Kala Dongoran,7A,2024/2025,230,Sangat Baik,92.0,Tinggi,0,Tidak Ada,PNS/TNI/Polri,Rp 2.000.000 - Rp 5.000.000,Lancar,Lengkap,Rendah
Jamalia Suwarno,7A,2023/2024,225,Sangat Baik,85.0,Tinggi,0,Tidak Ada,Wiraswasta,> Rp 5.000.000,Menunggak 1-2 Bulan,Lengkap,Rendah
Sakura Iswahyudi,8C,2024/2025,228,Sangat Baik,69.1,Rendah,0,Tidak Ada,Wiraswasta,Rp 2.000.000 - Rp 5.000.000,Menunggak 1-2 Bulan,Lengkap,Sedang
Nilam Halim,7B,2025/2026,227,Sangat Baik,68.2,Rendah,2,Ringan,Karyawan Swasta,< Rp 2.000.000,Lancar,Yatim,Sedang
Umar Pertiwi,7C,2024/2025,223,Sangat Baik,91.7,Tinggi,3,Sedang/Berat,Karyawan Swasta,Rp 2.000.000 - Rp 5.000.000,Lancar,Lengkap,Rendah
Sutan Dwi Padmasari,8C,2025/2026,200,Baik,76.1,Sedang,0,Tidak Ada,Karyawan Swasta,< Rp 2.000.000,Lancar,Lengkap,Sedang
Asman Waskita,9B,2025/2026,231,Sangat Baik,84.5,Sedang,0,Tidak Ada,Karyawan Swasta,Rp 2.000.000 - Rp 5.000.000,Lancar,Lengkap,Rendah
Pia Puspasari,8A,2025/2026,239,Sangat Baik,87.0,Tinggi,0,Tidak Ada,Karyawan Swasta,Rp 2.000.000 - Rp 5.000.000,Lancar,Lengkap,Rendah
Eka Ardianto,8C,2024/2025,186,Kurang,74.8,Rendah,2,Ringan,Tidak Bekerja,< Rp 2.000.000,Lancar,Lengkap,Tinggi
Wakiman Haryanto,9A,2025/2026,238,Sangat Baik,94.4,Tinggi,0,Tidak Ada,PNS/TNI/Polri,< Rp 2.000.000,Lancar,Lengkap,Rendah
Martaka Saputra,7B,2024/2025,221,Sangat Baik,90.1,Tinggi,1,Ringan,Wiraswasta,Rp 2.000.000 - Rp 5.000.000,Menunggak 1-2 Bulan,Lengkap,Rendah
Cawisadi Tarihoran,8C,2025/2026,222,Sangat Baik,96.0,Tinggi,2,Ringan,Karyawan Swasta,> Rp 5.000.000,Menunggak >2 Bulan,Piatu,Rendah
Banawi Mandasari,7B,2023/2024,183,Kurang,73.3,Rendah,0,Tidak Ada,Wiraswasta,< Rp 2.000.000,Menunggak 1-2 Bulan,Lengkap,Tinggi
Tugiman Widodo,7C,2025/2026,229,Sangat Baik,78.1,Sedang,0,Tidak Ada,Karyawan Swasta,Rp 2.000.000 - Rp 5.000.000,Lancar,Lengkap,Rendah
Jarwa Ramadan,7A,2023/2024,197,Kurang,74.8,Rendah,0,Tidak Ada,Wiraswasta,< Rp 2.000.000,Menunggak 1-2 Bulan,Lengkap,Tinggi
Bella Napitupulu,8C,2024/2025,234,Sangat Baik,89.8,Tinggi,0,Tidak Ada,PNS/TNI/Polri,> Rp 5.000.000,Lancar,Lengkap,Rendah
Taufik Farida,7C,2025/2026,193,Kurang,67.4,Rendah,2,Ringan,Karyawan Swasta,< Rp 2.000.000,Menunggak >2 Bulan,Lengkap,Tinggi
Rika Hidayat,7B,2025/2026,225,Sangat Baik,85.5,Tinggi,2,Ringan,Tidak Bekerja,> Rp 5.000.000,Lancar,Lengkap,Rendah
Vino Nababan,7B,2023/2024,221,Sangat Baik,82.5,Sedang,0,Tidak Ada,PNS/TNI/Polri,Rp 2.000.000 - Rp 5.000.000,Lancar,Lengkap,Rendah
Dalimin Putra,8B,2023/2024,194,Kurang,82.2,Sedang,3,Sedang/Berat,Karyawan Swasta,> Rp 5.000.000,Menunggak >2 Bulan,Lengkap,Sedang
Rusman Zulaika,9B,2024/2025,207,Baik,78.5,Sedang,1,Ringan,Buruh/Petani,< Rp 2.000.000,Menunggak 1-2 Bulan,Lengkap,Sedang
Pardi Wahyudin,9A,2024/2025,221,Sangat Baik,92.3,Tinggi,1,Ringan,PNS/TNI/Polri,> Rp 5.000.000,Menunggak 1-2 Bulan,Lengkap,Rendah
Talia Puspita,7C,2023/2024,229,Sangat Baik,94.2,Tinggi,0,Tidak Ada,Buruh/Petani,Rp 2.000.000 - Rp 5.000.000,Lancar,Lengkap,Rendah
Harjaya Hutagalung,7C,2025/2026,212,Baik,71.4,Rendah,0,Tidak Ada,Karyawan Swasta,< Rp 2.000.000,Menunggak 1-2 Bulan,Lengkap,Sedang
Jarwa Manullang,7C,2023/2024,232,Sangat Baik,92.5,Tinggi,0,Tidak Ada,Karyawan Swasta,> Rp 5.000.000,Lancar,Lengkap,Rendah
Genta Prasetyo,7B,2025/2026,210,Baik,69.6,Rendah,0,Tidak Ada,Buruh/Petani,Rp 2.000.000 - Rp 5.000.000,Menunggak 1-2 Bulan,Lengkap,Sedang
Umi Halim,9C,2025/2026,217,Baik,85.0,Tinggi,0,Tidak Ada,PNS/TNI/Polri,> Rp 5.000.000,Lancar,Lengkap,Rendah
Lidya Narpati,9A,2023/2024,216,Baik,81.5,Sedang,3,Sedang/Berat,PNS/TNI/Polri,> Rp 5.000.000,Lancar,Lengkap,Sedang
Bahuwarna Puspita,9C,2025/2026,226,Sangat Baik,89.6,Tinggi,0,Tidak Ada,Buruh/Petani,< Rp 2.000.000,Lancar,Lengkap,Rendah
Ani Natsir,8A,2023/2024,194,Kurang,79.7,Sedang,0,Tidak Ada,Wiraswasta,< Rp 2.000.000,Lancar,Lengkap,Sedang
Kasiran Agustina,7C,2023/2024,226,Sangat Baik,80.6,Sedang,5,Sedang/Berat,Karyawan Swasta,< Rp 2.000.000,Menunggak >2 Bulan,Yatim Piatu,Sedang
Bakda Rahimah,8A,2024/2025,186,Kurang,97.2,Tinggi,1,Ringan,Wiraswasta,> Rp 5.000.000,Lancar,Lengkap,Sedang
Mahdi Hutasoit,8B,2025/2026,238,Sangat Baik,74.5,Rendah,0,Tidak Ada,Buruh/Petani,Rp 2.000.000 - Rp 5.000.000,Lancar,Lengkap,Sedang
Ulya Yuniar,9C,2023/2024,200,Baik,94.7,Tinggi,0,Tidak Ada,Karyawan Swasta,> Rp 5.000.000,Lancar,Lengkap,Rendah
Kardi Marpaung,7B,2025/2026,195,Kurang,98.1,Tinggi,0,Tidak Ada,Karyawan Swasta,< Rp 2.000.000,Lancar,Lengkap,Sedang
Adhiarja Wijaya,9B,2024/2025,184,Kurang,95.2,Tinggi,0,Tidak Ada,Karyawan Swasta,< Rp 2.000.000,Menunggak 1-2 Bulan,Lengkap,Sedang
Genta Permadi,8A,2025/2026,233,Sangat Baik,66.1,Rendah,0,Tidak Ada,Tidak Bekerja,Rp 2.000.000 - Rp 5.000.000,Lancar,Lengkap,Sedang
Juli Hutasoit,7A,2024/2025,187,Kurang,80.9,Sedang,1,Ringan,Wiraswasta,Rp 2.000.000 - Rp 5.000.000,Lancar,Lengkap,Sedang
Kamal Rajata,8A,2024/2025,180,Kurang,85.1,Tinggi,0,Tidak Ada,Karyawan Swasta,< Rp 2.000.000,Lancar,Piatu,Sedang
Atmaja Haryanto,7C,2025/2026,210,Baik,72.9,Rendah,3,Sedang/Berat,Wiraswasta,> Rp 5.000.000,Menunggak 1-2 Bulan,Lengkap,Tinggi
Sutan Limar Marbun,8B,2025/2026,238,Sangat Baik,86.5,Tinggi,5,Sedang/Berat,Wiraswasta,> Rp 5.000.000,Menunggak 1-2 Bulan,Lengkap,Sedang
Hasan Sirait,9A,2023/2024,226,Sangat Baik,94.1,Tinggi,0,Tidak Ada,PNS/TNI/Polri,> Rp 5.000.000,Lancar,Lengkap,Rendah
Omar Riyanti,7B,2025/2026,233,Sangat Baik,90.1,Tinggi,0,Tidak Ada,Karyawan Swasta,< Rp 2.000.000,Lancar,Lengkap,Rendah
Nova Mandala,7B,2025/2026,240,Sangat Baik,75.4,Sedang,0,Tidak Ada,Wiraswasta,> Rp 5.000.000,Lancar,Lengkap,Rendah
Safina Nainggolan,9A,2023/2024,225,Sangat Baik,77.9,Sedang,1,Ringan,Wiraswasta,Rp 2.000.000 - Rp 5.000.000,Lancar,Lengkap,Rendah
Wani Permata,9B,2025/2026,237,Sangat Baik,65.7,Rendah,1,Ringan,Wiraswasta,< Rp 2.000.000,Menunggak 1-2 Bulan,Lengkap,Sedang
Salimah Palastri,8B,2025/2026,210,Baik,69.9,Rendah,0,Tidak Ada,Wiraswasta,< Rp 2.000.000,Lancar,Lengkap,Sedang
Agus Maulana,7B,2025/2026,229,Sangat Baik,67.2,Rendah,0,Tidak Ada,Buruh/Petani,< Rp 2.000.000,Lancar,Lengkap,Sedang
Maria Sihombing,8B,2023/2024,192,Kurang,95.7,Tinggi,3,Sedang/Berat,PNS/TNI/Polri,Rp 2.000.000 - Rp 5.000.000,Lancar,Lengkap,Sedang
Kawaca Kusmawati,8B,2024/2025,195,Kurang,75.2,Sedang,10,Sedang/Berat,Buruh/Petani,Rp 2.000.000 - Rp 5.000.000,Menunggak 1-2 Bulan,Lengkap,Tinggi
Kayla Sihombing,8A,2025/2026,216,Baik,85.2,Tinggi,0,Tidak Ada,Buruh/Petani,Rp 2.000.000 - Rp 5.000.000,Lancar,Lengkap,Rendah
Mujur Maulana,7C,2023/2024,219,Baik,91.1,Tinggi,0,Tidak Ada,Karyawan Swasta,> Rp 5.000.000,Lancar,Lengkap,Rendah
Talia Ramadan,8A,2024/2025,181,Kurang,92.7,Tinggi,0,Tidak Ada,Wiraswasta,> Rp 5.000.000,Menunggak 1-2 Bulan,Lengkap,Sedang
Jaeman Setiawan,9C,2025/2026,232,Sangat Baik,86.4,Tinggi,0,Tidak Ada,PNS/TNI/Polri,Rp 2.000.000 - Rp 5.000.000,Lancar,Lengkap,Rendah
Virman Hidayat,7C,2023/2024,188,Kurang,97.9,Tinggi,0,Tidak Ada,Karyawan Swasta,> Rp 5.000.000,Lancar,Lengkap,Sedang
Shania Gunawan,9B,2025/2026,200,Baik,65.6,Rendah,2,Ringan,Karyawan Swasta,< Rp 2.000.000,Menunggak 1-2 Bulan,Yatim,Tinggi
Elma Habibi,7B,2024/2025,185,Kurang,85.2,Tinggi,0,Tidak Ada,Karyawan Swasta,> Rp 5.000.000,Menunggak 1-2 Bulan,Lengkap,Sedang
Ayu Uwais,9C,2025/2026,228,Sangat Baik,71.3,Rendah,0,Tidak Ada,Karyawan Swasta,> Rp 5.000.000,Lancar,Lengkap,Sedang
Najwa Yulianti,7B,2024/2025,220,Sangat Baik,75.0,Sedang,0,Tidak Ada,PNS/TNI/Polri,Rp 2.000.000 - Rp 5.000.000,Lancar,Lengkap,Rendah
Hendri Yulianti,8C,2025/2026,227,Sangat Baik,72.9,Rendah,5,Sedang/Berat,Buruh/Petani,< Rp 2.000.000,Menunggak >2 Bulan,Piatu,Tinggi
Dodo Gunarto,8B,2024/2025,195,Kurang,87.1,Tinggi,0,Tidak Ada,Karyawan Swasta,Rp 2.000.000 - Rp 5.000.000,Lancar,Lengkap,Sedang
Yuni Kuswandari,7B,2024/2025,213,Baik,65.4,Rendah,1,Ringan,Karyawan Swasta,> Rp 5.000.000,Lancar,Lengkap,Sedang
Ellis Hutapea,8B,2024/2025,211,Baik,88.7,Tinggi,0,Tidak Ada,PNS/TNI/Polri,Rp 2.000.000 - Rp 5.000.000,Lancar,Lengkap,Rendah
Ridwan Winarno,9A,2023/2024,226,Sangat Baik,84.0,Sedang,0,Tidak Ada,Karyawan Swasta,> Rp 5.000.000,Lancar,Piatu,Rendah
Galuh Pratiwi,9A,2023/2024,197,Kurang,68.5,Rendah,1,Ringan,Buruh/Petani,Rp 2.000.000 - Rp 5.000.000,Menunggak 1-2 Bulan,Yatim,Tinggi
Michelle Kuswoyo,8B,2024/2025,183,Kurang,83.3,Sedang,3,Sedang/Berat,Wiraswasta,> Rp 5.000.000,Lancar,Lengkap,Sedang
Najwa Sihombing,7A,2024/2025,231,Sangat Baik,70.5,Rendah,0,Tidak Ada,Buruh/Petani,< Rp 2.000.000,Lancar,Lengkap,Sedang
Warji Latupono,7A,2024/2025,238,Sangat Baik,77.8,Sedang,1,Ringan,Wiraswasta,Rp 2.000.000 - Rp 5.000.000,Lancar,Lengkap,Rendah
Prayoga,8A,2025/2026,187,Kurang,95.0,Tinggi,5,Sedang/Berat,Wiraswasta,Rp 2.000.000 - Rp 5.000.000,Menunggak >2 Bulan,Lengkap,Tinggi
Kezia Jailani,8B,2025/2026,219,Baik,80.8,Sedang,0,Tidak Ada,Wiraswasta,> Rp 5.000.000,Lancar,Lengkap,Rendah
Uli Saragih,7C,2025/2026,210,Baik,72.1,Rendah,0,Tidak Ada,Karyawan Swasta,< Rp 2.000.000,Lancar,Lengkap,Sedang
Hendri Simbolon,7A,2023/2024,215,Baik,96.4,Tinggi,0,Tidak Ada,Wiraswasta,Rp 2.000.000 - Rp 5.000.000,Lancar,Yatim,Rendah
Rini Siregar,8C,2025/2026,197,Kurang,88.6,Tinggi,0,Tidak Ada,Wiraswasta,> Rp 5.000.000,Lancar,Lengkap,Sedang
Fitriani Kuswandari,8B,2025/2026,205,Baik,98.1,Tinggi,0,Tidak Ada,Karyawan Swasta,Rp 2.000.000 - Rp 5.000.000,Lancar,Lengkap,Rendah
Viktor Winarno,8B,2023/2024,221,Sangat Baik,75.0,Sedang,0,Tidak Ada,Wiraswasta,> Rp 5.000.000,Lancar,Lengkap,Rendah
Mustika Dongoran,8A,2024/2025,218,Baik,92.2,Tinggi,0,Tidak Ada,Karyawan Swasta,> Rp 5.000.000,Lancar,Lengkap,Rendah
Legawa Saptono,9C,2025/2026,198,Kurang,69.0,Rendah,0,Tidak Ada,Wiraswasta,< Rp 2.000.000,Menunggak >2 Bulan,Lengkap,Tinggi
Bakianto Winarsih,7B,2025/2026,209,Baik,87.5,Tinggi,0,Tidak Ada,PNS/TNI/Polri,< Rp 2.000.000,Lancar,Lengkap,Rendah
Alika Sudiati,9B,2024/2025,221,Sangat Baik,83.3,Sedang,10,Sedang/Berat,Tidak Bekerja,Rp 2.000.000 - Rp 5.000.000,Lancar,Lengkap,Sedang
Raina Prasasta,7A,2024/2025,205,Baik,86.5,Tinggi,0,Tidak Ada,PNS/TNI/Polri,Rp 2.000.000 - Rp 5.000.000,Lancar,Lengkap,Rendah
Dinda Mahendra,7A,2025/2026,187,Kurang,85.0,Tinggi,0,Tidak Ada,Karyawan Swasta,< Rp 2.000.000,Lancar,Lengkap,Sedang
Kania Lailasari,7C,2023/2024,196,Kurang,98.3,Tinggi,1,Ringan,PNS/TNI/Polri,> Rp 5.000.000,Menunggak >2 Bulan,Yatim,Sedang
Puti Nadia Yuniar,7C,2023/2024,183,Kurang,68.4,Rendah,2,Ringan,Karyawan Swasta,> Rp 5.000.000,Menunggak 1-2 Bulan,Yatim Piatu,Tinggi
Febi Firgantoro,8C,2024/2025,199,Kurang,68.2,Rendah,0,Tidak Ada,Buruh/Petani,> Rp 5.000.000,Menunggak >2 Bulan,Lengkap,Tinggi
Harja Rahmawati,9A,2023/2024,233,Sangat Baik,87.7,Tinggi,0,Tidak Ada,Karyawan Swasta,< Rp 2.000.000,Lancar,Lengkap,Rendah
Panji Wijaya,9A,2023/2024,199,Kurang,93.7,Tinggi,0,Tidak Ada,Wiraswasta,> Rp 5.000.000,Menunggak >2 Bulan,Lengkap,Sedang
Ulva Haryanti,7B,2024/2025,207,Baik,93.8,Tinggi,0,Tidak Ada,Buruh/Petani,> Rp 5.000.000,Lancar,Lengkap,Rendah
Nasrullah Wacana,7B,2023/2024,194,Kurang,70.9,Rendah,0,Tidak Ada,Karyawan Swasta,Rp 2.000.000 - Rp 5.000.000,Menunggak >2 Bulan,Lengkap,Tinggi
Gara Padmasari,8C,2023/2024,224,Sangat Baik,82.5,Sedang,0,Tidak Ada,Wiraswasta,Rp 2.000.000 - Rp 5.000.000,Lancar,Lengkap,Rendah
Anastasia Santoso,9B,2025/2026,200,Baik,78.5,Sedang,0,Tidak Ada,Buruh/Petani,< Rp 2.000.000,Menunggak 1-2 Bulan,Lengkap,Sedang
Lukman Nasyiah,8C,2025/2026,182,Kurang,69.6,Rendah,0,Tidak Ada,Buruh/Petani,Rp 2.000.000 - Rp 5.000.000,Lancar,Lengkap,Tinggi
Sutan Vero Adriansyah,8C,2025/2026,214,Baik,79.3,Sedang,0,Tidak Ada,Karyawan Swasta,Rp 2.000.000 - Rp 5.000.000,Lancar,Lengkap,Sedang
Ade Gunarto,8C,2025/2026,228,Sangat Baik,66.7,Rendah,1,Ringan,Buruh/Petani,> Rp 5.000.000,Lancar,Lengkap,Sedang
Sidiq Suwarno,7B,2025/2026,235,Sangat Baik,77.3,Sedang,0,Tidak Ada,Karyawan Swasta,> Rp 5.000.000,Menunggak 1-2 Bulan,Lengkap,Rendah
Mursinin Hassanah,9A,2024/2025,234,Sangat Baik,79.1,Sedang,2,Ringan,Karyawan Swasta,Rp 2.000.000 - Rp 5.000.000,Lancar,Lengkap,Sedang
Septi Usada,7C,2023/2024,215,Baik,77.9,Sedang,0,Tidak Ada,Wiraswasta,< Rp 2.000.000,Lancar,Lengkap,Sedang
Cinthia Hariyah,9C,2024/2025,180,Kurang,72.1,Rendah,3,Sedang/Berat,Buruh/Petani,< Rp 2.000.000,Lancar,Lengkap,Tinggi
Queen Irawan,9B,2025/2026,212,Baik,85.3,Tinggi,1,Ringan,Wiraswasta,Rp 2.000.000 - Rp 5.000.000,Menunggak 1-2 Bulan,Lengkap,Rendah
Harja Anggriawan,9A,2023/2024,237,Sangat Baik,97.7,Tinggi,0,Tidak Ada,Karyawan Swasta,Rp 2.000.000 - Rp 5.000.000,Lancar,Lengkap,Rendah
Naradi Sitompul,8A,2024/2025,206,Baik,87.3,Tinggi,0,Tidak Ada,Wiraswasta,> Rp 5.000.000,Menunggak 1-2 Bulan,Lengkap,Rendah
Damar Hidayanto,9B,2024/2025,185,Kurang,75.3,Sedang,0,Tidak Ada,Karyawan Swasta,Rp 2.000.000 - Rp 5.000.000,Lancar,Lengkap,Sedang
Endra Rahayu,7C,2024/2025,203,Baik,94.7,Tinggi,0,Tidak Ada,Karyawan Swasta,> Rp 5.000.000,Lancar,Lengkap,Rendah
Irma Padmasari,8A,2024/2025,210,Baik,90.9,Tinggi,0,Tidak Ada,Buruh/Petani,Rp 2.000.000 - Rp 5.000.000,Lancar,Lengkap,Rendah
Prayitna Hakim,8B,2024/2025,221,Sangat Baik,82.1,Sedang,0,Tidak Ada,Karyawan Swasta,> Rp 5.000.000,Lancar,Lengkap,Rendah
Melinda Winarno,7A,2024/2025,239,Sangat Baik,96.4,Tinggi,0,Tidak Ada,Wiraswasta,Rp 2.000.000 - Rp 5.000.000,Lancar,Lengkap,Rendah
Purwadi Mangunsong,7B,2024/2025,202,Baik,65.5,Rendah,0,Tidak Ada,PNS/TNI/Polri,Rp 2.000.000 - Rp 5.000.000,Lancar,Lengkap,Sedang
Bakijan Setiawan,9B,2024/2025,200,Baik,66.1,Rendah,0,Tidak Ada,PNS/TNI/Polri,> Rp 5.000.000,Lancar,Lengkap,Sedang
Puti Ciaobella Hardiansyah,9A,2024/2025,230,Sangat Baik,84.8,Sedang,3,Sedang/Berat,PNS/TNI/Polri,< Rp 2.000.000,Lancar,Lengkap,Rendah
Jati Puspita,8B,2023/2024,232,Sangat Baik,92.2,Tinggi,1,Ringan,Karyawan Swasta,> Rp 5.000.000,Lancar,Lengkap,Rendah
Niyaga Laksmiwati,8B,2024/2025,187,Kurang,78.6,Sedang,0,Tidak Ada,Karyawan Swasta,Rp 2.000.000 - Rp 5.000.000,Menunggak 1-2 Bulan,Lengkap,Sedang
Kayla Aryani,8A,2023/2024,219,Baik,77.9,Sedang,1,Ringan,Buruh/Petani,> Rp 5.000.000,Menunggak >2 Bulan,Lengkap,Sedang
Makara Fujiati,7B,2025/2026,184,Kurang,82.9,Sedang,0,Tidak Ada,Wiraswasta,Rp 2.000.000 - Rp 5.000.000,Lancar,Lengkap,Sedang
Puti Najwa Putra,9B,2025/2026,237,Sangat Baik,90.4,Tinggi,0,Tidak Ada,PNS/TNI/Polri,> Rp 5.000.000,Lancar,Lengkap,Rendah
Oliva Sudiati,9B,2023/2024,201,Baik,85.9,Tinggi,0,Tidak Ada,PNS/TNI/Polri,> Rp 5.000.000,Lancar,Lengkap,Rendah
Nugraha Haryanti,9C,2024/2025,185,Kurang,89.7,Tinggi,0,Tidak Ada,PNS/TNI/Polri,Rp 2.000.000 - Rp 5.000.000,Lancar,Piatu,Sedang
Nyana Marbun,9B,2023/2024,232,Sangat Baik,72.6,Rendah,2,Ringan,Buruh/Petani,Rp 2.000.000 - Rp 5.000.000,Menunggak 1-2 Bulan,Piatu,Sedang
Cayadi Namaga,8B,2025/2026,238,Sangat Baik,67.9,Rendah,0,Tidak Ada,Wiraswasta,Rp 2.000.000 - Rp 5.000.000,Menunggak 1-2 Bulan,Lengkap,Sedang
Tomi Prasetya,9A,2025/2026,231,Sangat Baik,72.6,Rendah,1,Ringan,Karyawan Swasta,Rp 2.000.000 - Rp 5.000.000,Lancar,Yatim,Sedang
Umar Wasita,7B,2023/2024,195,Kurang,76.9,Sedang,0,Tidak Ada,Wiraswasta,Rp 2.000.000 - Rp 5.000.000,Menunggak 1-2 Bulan,Lengkap,Sedang
Zulfa Sitompul,9A,2025/2026,195,Kurang,80.1,Sedang,1,Ringan,Karyawan Swasta,< Rp 2.000.000,Menunggak 1-2 Bulan,Lengkap,Sedang
Belinda Manullang,8A,2025/2026,218,Baik,89.4,Tinggi,0,Tidak Ada,PNS/TNI/Polri,> Rp 5.000.000,Lancar,Piatu,Rendah
Harimurti Gunarto,8B,2024/2025,224,Sangat Baik,84.5,Sedang,0,Tidak Ada,Karyawan Swasta,Rp 2.000.000 - Rp 5.000.000,Lancar,Lengkap,Rendah
Pardi Hasanah,7A,2024/2025,198,Kurang,66.4,Rendah,0,Tidak Ada,Tidak Bekerja,< Rp 2.000.000,Menunggak >2 Bulan,Piatu,Tinggi
Luwar Pertiwi,7A,2024/2025,229,Sangat Baik,89.6,Tinggi,1,Ringan,PNS/TNI/Polri,> Rp 5.000.000,Lancar,Lengkap,Rendah
Gambira Palastri,8A,2025/2026,240,Sangat Baik,68.0,Rendah,0,Tidak Ada,Buruh/Petani,< Rp 2.000.000,Lancar,Yatim,Sedang
Paulin Widiastuti,9B,2024/2025,197,Kurang,79.4,Sedang,0,Tidak Ada,Wiraswasta,Rp 2.000.000 - Rp 5.000.000,Lancar,Lengkap,Sedang
Mahfud Dabukke,9C,2025/2026,203,Baik,70.4,Rendah,0,Tidak Ada,Buruh/Petani,> Rp 5.000.000,Lancar,Lengkap,Sedang
Daniswara Irawan,8C,2024/2025,196,Kurang,83.0,Sedang,5,Sedang/Berat,Buruh/Petani,< Rp 2.000.000,Menunggak 1-2 Bulan,Lengkap,Tinggi
Elvina Prasetya,7B,2023/2024,231,Sangat Baik,83.5,Sedang,0,Tidak Ada,Karyawan Swasta,> Rp 5.000.000,Lancar,Lengkap,Rendah
Elisa Santoso,7A,2023/2024,185,Kurang,86.4,Tinggi,0,Tidak Ada,Karyawan Swasta,Rp 2.000.000 - Rp 5.000.000,Menunggak 1-2 Bulan,Lengkap,Sedang
Laras Anggraini,7C,2025/2026,189,Kurang,89.4,Tinggi,0,Tidak Ada,Karyawan Swasta,> Rp 5.000.000,Menunggak 1-2 Bulan,Lengkap,Sedang
Vero Anggraini,7C,2025/2026,235,Sangat Baik,72.9,Rendah,0,Tidak Ada,Karyawan Swasta,Rp 2.000.000 - Rp 5.000.000,Menunggak 1-2 Bulan,Lengkap,Sedang
Irma Habibi,7B,2025/2026,206,Baik,83.2,Sedang,0,Tidak Ada,PNS/TNI/Polri,Rp 2.000.000 - Rp 5.000.000,Menunggak >2 Bulan,Lengkap,Rendah
Harjo Rajasa,9B,2024/2025,196,Kurang,68.2,Rendah,0,Tidak Ada,Karyawan Swasta,> Rp 5.000.000,Lancar,Yatim,Tinggi
Emil Suryatmi,8A,2023/2024,221,Sangat Baik,74.1,Rendah,1,Ringan,Wiraswasta,Rp 2.000.000 - Rp 5.000.000,Lancar,Lengkap,Sedang
Bella Kusumo,7A,2023/2024,219,Baik,73.2,Rendah,1,Ringan,Karyawan Swasta,Rp 2.000.000 - Rp 5.000.000,Lancar,Lengkap,Sedang
Ifa Utami,8B,2023/2024,215,Baik,92.4,Tinggi,0,Tidak Ada,Buruh/Petani,> Rp 5.000.000,Lancar,Yatim,Rendah
Hafshah Oktaviani,9A,2024/2025,191,Kurang,89.3,Tinggi,0,Tidak Ada,Karyawan Swasta,< Rp 2.000.000,Menunggak 1-2 Bulan,Lengkap,Sedang
Danuja Wastuti,8A,2024/2025,183,Kurang,94.4,Tinggi,0,Tidak Ada,Karyawan Swasta,< Rp 2.000.000,Menunggak >2 Bulan,Lengkap,Sedang
Ozy Mulyani,7A,2024/2025,188,Kurang,86.7,Tinggi,0,Tidak Ada,Wiraswasta,Rp 2.000.000 - Rp 5.000.000,Lancar,Lengkap,Sedang
Muni Iswahyudi,8A,2025/2026,195,Kurang,66.2,Rendah,1,Ringan,Tidak Bekerja,> Rp 5.000.000,Lancar,Yatim Piatu,Tinggi
Victoria Sihombing,8B,2025/2026,230,Sangat Baik,89.6,Tinggi,2,Ringan,Wiraswasta,> Rp 5.000.000,Lancar,Lengkap,Rendah
Mustofa Suwarno,8C,2024/2025,187,Kurang,91.1,Tinggi,2,Ringan,Wiraswasta,Rp 2.000.000 - Rp 5.000.000,Lancar,Lengkap,Sedang
Zizi Sitompul,7A,2025/2026,192,Kurang,91.3,Tinggi,0,Tidak Ada,Karyawan Swasta,> Rp 5.000.000,Lancar,Lengkap,Sedang
Ajimat Haryanti,8B,2023/2024,186,Kurang,80.2,Sedang,0,Tidak Ada,Wiraswasta,> Rp 5.000.000,Lancar,Lengkap,Sedang
Drajat Hutapea,8A,2025/2026,194,Kurang,85.7,Tinggi,0,Tidak Ada,PNS/TNI/Polri,Rp 2.000.000 - Rp 5.000.000,Menunggak >2 Bulan,Lengkap,Sedang
Rahayu Wijayanti,7C,2025/2026,239,Sangat Baik,84.3,Sedang,0,Tidak Ada,Karyawan Swasta,> Rp 5.000.000,Lancar,Lengkap,Rendah
Anom Nashiruddin,8C,2025/2026,216,Baik,72.9,Rendah,0,Tidak Ada,Wiraswasta,< Rp 2.000.000,Menunggak 1-2 Bulan,Lengkap,Sedang
Maida Padmasari,9A,2024/2025,198,Kurang,71.3,Rendah,1,Ringan,Tidak Bekerja,Rp 2.000.000 - Rp 5.000.000,Lancar,Lengkap,Tinggi
Xanana Usada,7C,2023/2024,215,Baik,72.5,Rendah,0,Tidak Ada,Karyawan Swasta,< Rp 2.000.000,Lancar,Lengkap,Sedang
Limar Manullang,7C,2023/2024,231,Sangat Baik,98.1,Tinggi,0,Tidak Ada,Karyawan Swasta,> Rp 5.000.000,Lancar,Lengkap,Rendah
Intan Kuswandari,9A,2023/2024,214,Baik,85.9,Tinggi,1,Ringan,Wiraswasta,> Rp 5.000.000,Menunggak 1-2 Bulan,Lengkap,Rendah
Kani Marpaung,9A,2025/2026,188,Kurang,94.8,Tinggi,0,Tidak Ada,Wiraswasta,Rp 2.000.000 - Rp 5.000.000,Menunggak 1-2 Bulan,Lengkap,Sedang
Taswir Jailani,8A,2024/2025,211,Baik,79.8,Sedang,0,Tidak Ada,Karyawan Swasta,> Rp 5.000.000,Menunggak 1-2 Bulan,Lengkap,Sedang
Patricia Pratama,7C,2023/2024,227,Sangat Baik,97.3,Tinggi,1,Ringan,Karyawan Swasta,> Rp 5.000.000,Lancar,Lengkap,Rendah
Jaswadi Padmasari,7A,2024/2025,221,Sangat Baik,65.7,Rendah,1,Ringan,Wiraswasta,< Rp 2.000.000,Menunggak 1-2 Bulan,Lengkap,Sedang
Caraka Mayasari,8B,2024/2025,207,Baik,87.9,Tinggi,0,Tidak Ada,Karyawan Swasta,> Rp 5.000.000,Lancar,Lengkap,Rendah
Usman Damanik,9A,2024/2025,222,Sangat Baik,69.1,Rendah,0,Tidak Ada,Karyawan Swasta,< Rp 2.000.000,Lancar,Lengkap,Sedang
Nilam Hidayat,9B,2023/2024,195,Kurang,70.4,Rendah,0,Tidak Ada,Wiraswasta,> Rp 5.000.000,Lancar,Lengkap,Tinggi
Budi Pratama,8C,2025/2026,233,Sangat Baik,66.3,Rendah,0,Tidak Ada,Wiraswasta,Rp 2.000.000 - Rp 5.000.000,Lancar,Lengkap,Sedang
Chelsea Hutagalung,8C,2023/2024,240,Sangat Baik,81.7,Sedang,0,Tidak Ada,PNS/TNI/Polri,> Rp 5.000.000,Menunggak 1-2 Bulan,Lengkap,Rendah
Cemeti Melani,8B,2024/2025,216,Baik,72.4,Rendah,0,Tidak Ada,PNS/TNI/Polri,Rp 2.000.000 - Rp 5.000.000,Lancar,Lengkap,Sedang
Upik Marpaung,9C,2024/2025,211,Baik,74.8,Rendah,0,Tidak Ada,Wiraswasta,Rp 2.000.000 - Rp 5.000.000,Lancar,Lengkap,Sedang
Adhiarja Permata,8C,2023/2024,224,Sangat Baik,86.0,Tinggi,0,Tidak Ada,Karyawan Swasta,> Rp 5.000.000,Menunggak 1-2 Bulan,Lengkap,Rendah
Paramita Setiawan,7A,2024/2025,235,Sangat Baik,93.1,Tinggi,0,Tidak Ada,Karyawan Swasta,> Rp 5.000.000,Lancar,Lengkap,Rendah
Surya Utama,8A,2025/2026,183,Kurang,77.8,Sedang,0,Tidak Ada,Wiraswasta,Rp 2.000.000 - Rp 5.000.000,Lancar,Lengkap,Sedang
Bagus Wacana,9A,2023/2024,192,Kurang,74.1,Rendah,1,Ringan,Buruh/Petani,Rp 2.000.000 - Rp 5.000.000,Menunggak >2 Bulan,Lengkap,Tinggi
Adikara Megantara,9A,2023/2024,182,Kurang,98.5,Tinggi,0,Tidak Ada,Karyawan Swasta,Rp 2.000.000 - Rp 5.000.000,Lancar,Lengkap,Sedang
Usyi Halim,7C,2025/2026,200,Baik,70.1,Rendah,3,Sedang/Berat,Karyawan Swasta,< Rp 2.000.000,Lancar,Yatim,Tinggi
Dimas Rahayu,9B,2025/2026,205,Baik,72.9,Rendah,0,Tidak Ada,Wiraswasta,< Rp 2.000.000,Lancar,Lengkap,Sedang
Tina Sihotang,8A,2025/2026,185,Kurang,68.0,Rendah,0,Tidak Ada,Tidak Bekerja,< Rp 2.000.000,Menunggak 1-2 Bulan,Lengkap,Tinggi
Bakiadi Yuniar,9A,2023/2024,228,Sangat Baik,90.0,Tinggi,1,Ringan,Karyawan Swasta,> Rp 5.000.000,Lancar,Lengkap,Rendah
Halima Halimah,8C,2025/2026,221,Sangat Baik,77.7,Sedang,5,Sedang/Berat,Karyawan Swasta,< Rp 2.000.000,Menunggak >2 Bulan,Lengkap,Sedang
Vicky Yuniar,7A,2024/2025,186,Kurang,67.8,Rendah,0,Tidak Ada,Wiraswasta,< Rp 2.000.000,Menunggak >2 Bulan,Yatim,Tinggi
Latif Anggriawan,8B,2024/2025,217,Baik,69.4,Rendah,5,Sedang/Berat,Karyawan Swasta,< Rp 2.000.000,Menunggak 1-2 Bulan,Lengkap,Tinggi
Malik Nasyidah,8C,2025/2026,233,Sangat Baik,91.8,Tinggi,0,Tidak Ada,Karyawan Swasta,Rp 2.000.000 - Rp 5.000.000,Lancar,Lengkap,Rendah
Diana Usamah,9B,2023/2024,214,Baik,71.9,Rendah,5,Sedang/Berat,Karyawan Swasta,Rp 2.000.000 - Rp 5.000.000,Menunggak 1-2 Bulan,Piatu,Tinggi
Capa Wijaya,8A,2025/2026,197,Kurang,82.0,Sedang,0,Tidak Ada,Karyawan Swasta,Rp 2.000.000 - Rp 5.000.000,Lancar,Lengkap,Sedang
Hartana Simanjuntak,7B,2025/2026,194,Kurang,89.8,Tinggi,2,Ringan,PNS/TNI/Polri,Rp 2.000.000 - Rp 5.000.000,Menunggak 1-2 Bulan,Lengkap,Sedang
Genta Firmansyah,7C,2025/2026,201,Baik,81.8,Sedang,0,Tidak Ada,PNS/TNI/Polri,< Rp 2.000.000,Lancar,Lengkap,Rendah
Gamanto Firmansyah,8A,2023/2024,200,Baik,72.6,Rendah,0,Tidak Ada,Buruh/Petani,> Rp 5.000.000,Lancar,Lengkap,Sedang
Rini Prakasa,9B,2025/2026,232,Sangat Baik,75.4,Sedang,0,Tidak Ada,Karyawan Swasta,Rp 2.000.000 - Rp 5.000.000,Lancar,Lengkap,Rendah
Leo Putra,7B,2024/2025,225,Sangat Baik,83.4,Sedang,1,Ringan,PNS/TNI/Polri,Rp 2.000.000 - Rp 5.000.000,Lancar,Lengkap,Rendah
Zalindra Farida,8B,2024/2025,221,Sangat Baik,67.1,Rendah,2,Ringan,PNS/TNI/Polri,> Rp 5.000.000,Lancar,Piatu,Sedang
Jamalia Lailasari,8B,2023/2024,205,Baik,82.2,Sedang,0,Tidak Ada,PNS/TNI/Polri,> Rp 5.000.000,Lancar,Lengkap,Rendah
Mala Sitompul,9C,2023/2024,222,Sangat Baik,67.1,Rendah,0,Tidak Ada,Karyawan Swasta,> Rp 5.000.000,Menunggak 1-2 Bulan,Lengkap,Sedang
Rahman Ardianto,9C,2024/2025,212,Baik,89.8,Tinggi,2,Ringan,Karyawan Swasta,Rp 2.000.000 - Rp 5.000.000,Lancar,Lengkap,Sedang
Malik Halimah,8B,2025/2026,213,Baik,69.7,Rendah,0,Tidak Ada,Wiraswasta,Rp 2.000.000 - Rp 5.000.000,Menunggak 1-2 Bulan,Lengkap,Sedang
Betania Yuliarti,7B,2024/2025,204,Baik,93.9,Tinggi,0,Tidak Ada,Karyawan Swasta,Rp 2.000.000 - Rp 5.000.000,Lancar,Lengkap,Rendah
Wasis Samosir,7B,2025/2026,180,Kurang,97.5,Tinggi,1,Ringan,Wiraswasta,< Rp 2.000.000,Menunggak 1-2 Bulan,Lengkap,Sedang
Damar Siregar,8B,2023/2024,195,Kurang,95.5,Tinggi,2,Ringan,Wiraswasta,> Rp 5.000.000,Lancar,Lengkap,Sedang
Faizah Pudjiastuti,8B,2025/2026,199,Kurang,91.0,Tinggi,0,Tidak Ada,Wiraswasta,Rp 2.000.000 - Rp 5.000.000,Lancar,Yatim,Sedang
Tedi Hidayanto,8C,2023/2024,201,Baik,74.4,Rendah,2,Ringan,Buruh/Petani,> Rp 5.000.000,Menunggak >2 Bulan,Yatim,Tinggi
Shakila Puspita,7A,2025/2026,220,Sangat Baik,91.3,Tinggi,0,Tidak Ada,Wiraswasta,> Rp 5.000.000,Lancar,Lengkap,Rendah
Nilam Yolanda,8C,2023/2024,224,Sangat Baik,78.2,Sedang,3,Sedang/Berat,Wiraswasta,Rp 2.000.000 - Rp 5.000.000,Lancar,Lengkap,Sedang
Mitra Suryono,7C,2025/2026,219,Baik,93.5,Tinggi,10,Sedang/Berat,Karyawan Swasta,Rp 2.000.000 - Rp 5.000.000,Menunggak >2 Bulan,Lengkap,Sedang
Intan Widiastuti,7C,2025/2026,215,Baik,90.8,Tinggi,0,Tidak Ada,PNS/TNI/Polri,> Rp 5.000.000,Lancar,Lengkap,Rendah
Bala Putra,8A,2024/2025,228,Sangat Baik,92.6,Tinggi,0,Tidak Ada,Wiraswasta,Rp 2.000.000 - Rp 5.000.000,Lancar,Yatim,Rendah
Manah Purwanti,9B,2024/2025,200,Baik,94.4,Tinggi,0,Tidak Ada,Karyawan Swasta,Rp 2.000.000 - Rp 5.000.000,Lancar,Lengkap,Rendah
Latika Permadi,7C,2023/2024,201,Baik,95.2,Tinggi,5,Sedang/Berat,Karyawan Swasta,Rp 2.000.000 - Rp 5.000.000,Lancar,Lengkap,Sedang
Kacung Safitri,9B,2025/2026,233,Sangat Baik,97.4,Tinggi,0,Tidak Ada,Wiraswasta,> Rp 5.000.000,Lancar,Lengkap,Rendah
Puti Purwanti,9C,2024/2025,223,Sangat Baik,88.1,Tinggi,2,Ringan,Karyawan Swasta,Rp 2.000.000 - Rp 5.000.000,Lancar,Lengkap,Rendah
Heryanto Sirait,8A,2025/2026,226,Sangat Baik,67.8,Rendah,0,Tidak Ada,Buruh/Petani,< Rp 2.000.000,Menunggak 1-2 Bulan,Lengkap,Sedang
Agnes Jailani,8B,2023/2024,225,Sangat Baik,80.7,Sedang,0,Tidak Ada,Karyawan Swasta,> Rp 5.000.000,Menunggak 1-2 Bulan,Lengkap,Rendah
Widya Sitorus,8A,2023/2024,203,Baik,77.0,Sedang,0,Tidak Ada,Tidak Bekerja,> Rp 5.000.000,Menunggak 1-2 Bulan,Lengkap,Sedang
Citra Halim,8A,2025/2026,186,Kurang,77.6,Sedang,1,Ringan,PNS/TNI/Polri,< Rp 2.000.000,Menunggak >2 Bulan,Lengkap,Sedang
Sutan Adinata Padmasari,8A,2024/2025,226,Sangat Baik,80.6,Sedang,0,Tidak Ada,Wiraswasta,> Rp 5.000.000,Menunggak >2 Bulan,Lengkap,Rendah
Prabawa Rajasa,9B,2024/2025,217,Baik,96.8,Tinggi,0,Tidak Ada,Karyawan Swasta,Rp 2.000.000 - Rp 5.000.000,Lancar,Lengkap,Rendah
Gandi Wijaya,9C,2023/2024,192,Kurang,65.1,Rendah,0,Tidak Ada,Buruh/Petani,< Rp 2.000.000,Menunggak >2 Bulan,Lengkap,Tinggi
Aisyah Hassanah,9C,2023/2024,181,Kurang,71.8,Rendah,0,Tidak Ada,Buruh/Petani,Rp 2.000.000 - Rp 5.000.000,Menunggak >2 Bulan,Piatu,Tinggi
Icha Nainggolan,7A,2025/2026,193,Kurang,72.7,Rendah,0,Tidak Ada,Buruh/Petani,< Rp 2.000.000,Menunggak >2 Bulan,Lengkap,Tinggi
Nadia Saputra,7B,2023/2024,189,Kurang,94.5,Tinggi,0,Tidak Ada,Wiraswasta,> Rp 5.000.000,Menunggak 1-2 Bulan,Lengkap,Sedang
Mulya Marbun,8B,2023/2024,203,Baik,84.3,Sedang,1,Ringan,Karyawan Swasta,Rp 2.000.000 - Rp 5.000.000,Lancar,Yatim,Rendah
Genta Zulkarnain,7B,2025/2026,220,Sangat Baik,82.2,Sedang,0,Tidak Ada,Karyawan Swasta,Rp 2.000.000 - Rp 5.000.000,Lancar,Piatu,Rendah
Maimunah Pradana,7A,2025/2026,230,Sangat Baik,95.6,Tinggi,0,Tidak Ada,Karyawan Swasta,> Rp 5.000.000,Lancar,Lengkap,Rendah
Luwes Prayoga,7B,2025/2026,199,Kurang,69.1,Rendah,0,Tidak Ada,Wiraswasta,Rp 2.000.000 - Rp 5.000.000,Menunggak >2 Bulan,Yatim Piatu,Tinggi
Ana Uyainah,7A,2023/2024,235,Sangat Baik,96.7,Tinggi,0,Tidak Ada,PNS/TNI/Polri,Rp 2.000.000 - Rp 5.000.000,Lancar,Lengkap,Rendah
Wulan Wacana,7A,2025/2026,234,Sangat Baik,72.1,Rendah,0,Tidak Ada,Karyawan Swasta,< Rp 2.000.000,Menunggak 1-2 Bulan,Lengkap,Sedang
Alika Prabowo,9A,2025/2026,190,Kurang,68.9,Rendah,0,Tidak Ada,Buruh/Petani,< Rp 2.000.000,Menunggak >2 Bulan,Lengkap,Tinggi
Putri Pudjiastuti,8A,2025/2026,211,Baik,82.8,Sedang,1,Ringan,PNS/TNI/Polri,> Rp 5.000.000,Lancar,Lengkap,Rendah
Mahfud Laksita,7B,2024/2025,184,Kurang,93.1,Tinggi,0,Tidak Ada,Buruh/Petani,> Rp 5.000.000,Lancar,Lengkap,Sedang
Soleh Waskita,7A,2025/2026,211,Baik,84.1,Sedang,0,Tidak Ada,PNS/TNI/Polri,> Rp 5.000.000,Lancar,Lengkap,Rendah
Juli Prabowo,7C,2024/2025,198,Kurang,70.5,Rendah,1,Ringan,Buruh/Petani,< Rp 2.000.000,Lancar,Lengkap,Tinggi
Agnes Sihombing,9A,2024/2025,234,Sangat Baik,68.5,Rendah,2,Ringan,PNS/TNI/Polri,Rp 2.000.000 - Rp 5.000.000,Menunggak 1-2 Bulan,Lengkap,Sedang
Kayla Tarihoran,9B,2024/2025,201,Baik,86.0,Tinggi,1,Ringan,PNS/TNI/Polri,> Rp 5.000.000,Menunggak 1-2 Bulan,Lengkap,Rendah
Muhammad Wibowo,9B,2024/2025,194,Kurang,96.0,Tinggi,0,Tidak Ada,Karyawan Swasta,> Rp 5.000.000,Menunggak >2 Bulan,Yatim,Sedang
Slamet Saputra,7B,2025/2026,188,Kurang,94.5,Tinggi,0,Tidak Ada,Wiraswasta,> Rp 5.000.000,Lancar,Lengkap,Sedang
Sari Sitompul,9A,2024/2025,199,Kurang,90.8,Tinggi,0,Tidak Ada,Karyawan Swasta,< Rp 2.000.000,Menunggak >2 Bulan,Yatim,Sedang
Daniswara Yuniar,8A,2025/2026,234,Sangat Baik,93.3,Tinggi,0,Tidak Ada,Buruh/Petani,Rp 2.000.000 - Rp 5.000.000,Lancar,Lengkap,Rendah
Karta Pradipta,8B,2025/2026,185,Kurang,93.8,Tinggi,0,Tidak Ada,Karyawan Swasta,Rp 2.000.000 - Rp 5.000.000,Lancar,Lengkap,Sedang
Ida Kurniawan,9B,2024/2025,193,Kurang,97.8,Tinggi,0,Tidak Ada,PNS/TNI/Polri,> Rp 5.000.000,Menunggak 1-2 Bulan,Lengkap,Sedang
Hilda Lailasari,7B,2025/2026,232,Sangat Baik,65.5,Rendah,0,Tidak Ada,Karyawan Swasta,Rp 2.000.000 - Rp 5.000.000,Lancar,Lengkap,Sedang
Pranata Mustofa,7B,2023/2024,203,Baik,97.2,Tinggi,0,Tidak Ada,PNS/TNI/Polri,Rp 2.000.000 - Rp 5.000.000,Lancar,Lengkap,Rendah
Jumadi Dabukke,7B,2025/2026,219,Baik,76.4,Sedang,2,Ringan,Karyawan Swasta,> Rp 5.000.000,Lancar,Yatim,Sedang
Tira Wahyudin,7B,2023/2024,201,Baik,97.8,Tinggi,0,Tidak Ada,PNS/TNI/Polri,Rp 2.000.000 - Rp 5.000.000,Lancar,Lengkap,Rendah
Hilda Putra,7C,2024/2025,187,Kurang,69.3,Rendah,0,Tidak Ada,Buruh/Petani,< Rp 2.000.000,Menunggak >2 Bulan,Lengkap,Tinggi
Ade Palastri,9A,2023/2024,236,Sangat Baik,89.2,Tinggi,5,Sedang/Berat,Wiraswasta,Rp 2.000.000 - Rp 5.000.000,Lancar,Lengkap,Sedang
Gabriella Maheswara,9C,2023/2024,199,Kurang,93.4,Tinggi,2,Ringan,Karyawan Swasta,> Rp 5.000.000,Lancar,Lengkap,Sedang
Viktor Usada,8B,2025/2026,180,Kurang,69.4,Rendah,0,Tidak Ada,Buruh/Petani,< Rp 2.000.000,Menunggak >2 Bulan,Piatu,Tinggi
Tira Lestari,9C,2024/2025,197,Kurang,87.9,Tinggi,1,Ringan,Karyawan Swasta,Rp 2.000.000 - Rp 5.000.000,Menunggak 1-2 Bulan,Yatim,Sedang
Muni Latupono,7A,2024/2025,186,Kurang,89.4,Tinggi,0,Tidak Ada,Karyawan Swasta,< Rp 2.000.000,Lancar,Lengkap,Sedang
Latika Megantara,9B,2024/2025,220,Sangat Baik,77.6,Sedang,0,Tidak Ada,Karyawan Swasta,> Rp 5.000.000,Lancar,Lengkap,Rendah
Edward Widodo,7A,2023/2024,224,Sangat Baik,98.0,Tinggi,0,Tidak Ada,Karyawan Swasta,Rp 2.000.000 - Rp 5.000.000,Lancar,Lengkap,Rendah
Prabawa Suartini,9C,2024/2025,230,Sangat Baik,93.5,Tinggi,0,Tidak Ada,Buruh/Petani,Rp 2.000.000 - Rp 5.000.000,Lancar,Lengkap,Rendah
Nrima Hasanah,9A,2025/2026,193,Kurang,74.9,Rendah,2,Ringan,Buruh/Petani,< Rp 2.000.000,Menunggak >2 Bulan,Yatim,Tinggi
Jaiman Suryono,8A,2024/2025,183,Kurang,70.9,Rendah,3,Sedang/Berat,Karyawan Swasta,< Rp 2.000.000,Menunggak 1-2 Bulan,Lengkap,Tinggi
Hamima Widodo,9B,2025/2026,189,Kurang,82.0,Sedang,0,Tidak Ada,Karyawan Swasta,> Rp 5.000.000,Lancar,Piatu,Sedang
Darmaji Oktaviani,9A,2023/2024,228,Sangat Baik,78.1,Sedang,0,Tidak Ada,Karyawan Swasta,Rp 2.000.000 - Rp 5.000.000,Lancar,Lengkap,Rendah
Sabrina Wulandari,9C,2024/2025,215,Baik,71.6,Rendah,1,Ringan,PNS/TNI/Polri,Rp 2.000.000 - Rp 5.000.000,Menunggak 1-2 Bulan,Lengkap,Sedang
Daruna Rahmawati,7C,2024/2025,205,Baik,71.7,Rendah,0,Tidak Ada,Wiraswasta,< Rp 2.000.000,Lancar,Lengkap,Sedang
Tina Haryanto,7B,2023/2024,212,Baik,84.5,Sedang,0,Tidak Ada,PNS/TNI/Polri,< Rp 2.000.000,Lancar,Lengkap,Rendah
Amalia Hidayat,9B,2025/2026,186,Kurang,82.5,Sedang,1,Ringan,Wiraswasta,< Rp 2.000.000,Lancar,Lengkap,Sedang
Yulia Manullang,9B,2023/2024,238,Sangat Baik,81.0,Sedang,0,Tidak Ada,Karyawan Swasta,> Rp 5.000.000,Lancar,Lengkap,Rendah
Elvina Zulkarnain,7A,2023/2024,215,Baik,75.6,Sedang,0,Tidak Ada,Karyawan Swasta,> Rp 5.000.000,Lancar,Lengkap,Sedang
Bahuwirya Dongoran,9C,2024/2025,220,Sangat Baik,74.6,Rendah,0,Tidak Ada,Karyawan Swasta,Rp 2.000.000 - Rp 5.000.000,Lancar,Yatim Piatu,Sedang
Harsana Nababan,9A,2023/2024,205,Baik,71.6,Rendah,1,Ringan,Wiraswasta,Rp 2.000.000 - Rp 5.000.000,Menunggak 1-2 Bulan,Lengkap,Sedang
Ganjaran Suryono,9C,2025/2026,192,Kurang,83.0,Sedang,1,Ringan,Karyawan Swasta,Rp 2.000.000 - Rp 5.000.000,Lancar,Piatu,Sedang
Ridwan Budiyanto,7B,2024/2025,205,Baik,93.1,Tinggi,2,Ringan,Wiraswasta,Rp 2.000.000 - Rp 5.000.000,Lancar,Lengkap,Sedang
Alika Sihombing,7C,2024/2025,188,Kurang,73.6,Rendah,0,Tidak Ada,Wiraswasta,Rp 2.000.000 - Rp 5.000.000,Menunggak 1-2 Bulan,Lengkap,Tinggi
Puti Suartini,7C,2023/2024,219,Baik,83.6,Sedang,0,Tidak Ada,PNS/TNI/Polri,< Rp 2.000.000,Lancar,Lengkap,Rendah
Cengkal Wahyudin,7A,2023/2024,209,Baik,80.8,Sedang,0,Tidak Ada,PNS/TNI/Polri,Rp 2.000.000 - Rp 5.000.000,Lancar,Lengkap,Rendah
Kemal Pratama,8C,2023/2024,196,Kurang,69.1,Rendah,0,Tidak Ada,Buruh/Petani,< Rp 2.000.000,Menunggak >2 Bulan,Yatim,Tinggi
Maman Siregar,7C,2024/2025,205,Baik,94.4,Tinggi,1,Ringan,Karyawan Swasta,> Rp 5.000.000,Lancar,Lengkap,Rendah
Sabri Halim,8A,2023/2024,229,Sangat Baik,70.0,Rendah,1,Ringan,Buruh/Petani,Rp 2.000.000 - Rp 5.000.000,Menunggak 1-2 Bulan,Lengkap,Sedang
Talia Purnawati,8C,2025/2026,195,Kurang,87.0,Tinggi,1,Ringan,PNS/TNI/Polri,> Rp 5.000.000,Menunggak 1-2 Bulan,Lengkap,Sedang
Atmaja Sudiati,7B,2023/2024,216,Baik,93.8,Tinggi,0,Tidak Ada,Karyawan Swasta,> Rp 5.000.000,Lancar,Yatim,Rendah
Kanda Mahendra,7C,2023/2024,203,Baik,77.0,Sedang,0,Tidak Ada,Buruh/Petani,Rp 2.000.000 - Rp 5.000.000,Lancar,Piatu,Sedang
Malik Waskita,9C,2025/2026,240,Sangat Baik,81.2,Sedang,0,Tidak Ada,PNS/TNI/Polri,> Rp 5.000.000,Lancar,Yatim Piatu,Rendah
Darmaji Laksita,8A,2024/2025,213,Baik,77.3,Sedang,0,Tidak Ada,Karyawan Swasta,Rp 2.000.000 - Rp 5.000.000,Lancar,Lengkap,Sedang
Rangga Simbolon,7C,2023/2024,183,Kurang,87.5,Tinggi,1,Ringan,Karyawan Swasta,> Rp 5.000.000,Menunggak >2 Bulan,Lengkap,Sedang
Purwadi Wibowo,9C,2025/2026,191,Kurang,78.0,Sedang,0,Tidak Ada,Buruh/Petani,< Rp 2.000.000,Lancar,Lengkap,Sedang
Elma Rahmawati,7A,2024/2025,193,Kurang,85.6,Tinggi,0,Tidak Ada,Karyawan Swasta,> Rp 5.000.000,Lancar,Lengkap,Sedang
Harjaya Pratama,8B,2024/2025,181,Kurang,85.7,Tinggi,1,Ringan,Karyawan Swasta,Rp 2.000.000 - Rp 5.000.000,Menunggak 1-2 Bulan,Lengkap,Sedang
Zulfa Laksmiwati,9B,2023/2024,218,Baik,75.6,Sedang,0,Tidak Ada,Buruh/Petani,> Rp 5.000.000,Menunggak 1-2 Bulan,Lengkap,Sedang
Hana Yolanda,9B,2023/2024,188,Kurang,86.1,Tinggi,0,Tidak Ada,Karyawan Swasta,Rp 2.000.000 - Rp 5.000.000,Lancar,Yatim,Sedang
Nadia Widiastuti,7B,2024/2025,231,Sangat Baik,83.2,Sedang,0,Tidak Ada,Wiraswasta,> Rp 5.000.000,Lancar,Lengkap,Rendah
Slamet Rahimah,8B,2025/2026,210,Baik,75.1,Sedang,3,Sedang/Berat,Karyawan Swasta,< Rp 2.000.000,Lancar,Yatim,Sedang
Fitria Riyanti,7C,2024/2025,197,Kurang,73.9,Rendah,0,Tidak Ada,Karyawan Swasta,Rp 2.000.000 - Rp 5.000.000,Menunggak >2 Bulan,Lengkap,Tinggi
Bahuraksa Marpaung,8A,2023/2024,236,Sangat Baik,66.3,Rendah,0,Tidak Ada,Karyawan Swasta,Rp 2.000.000 - Rp 5.000.000,Lancar,Lengkap,Sedang
Fitriani Hakim,9B,2024/2025,187,Kurang,80.6,Sedang,5,Sedang/Berat,Buruh/Petani,> Rp 5.000.000,Menunggak 1-2 Bulan,Yatim,Tinggi
Karma Prasetyo,8A,2023/2024,224,Sangat Baik,68.0,Rendah,0,Tidak Ada,Buruh/Petani,> Rp 5.000.000,Menunggak 1-2 Bulan,Yatim,Sedang
Adika Purwanti,7B,2024/2025,213,Baik,73.7,Rendah,0,Tidak Ada,Karyawan Swasta,Rp 2.000.000 - Rp 5.000.000,Lancar,Lengkap,Sedang
Jelita Namaga,7C,2025/2026,197,Kurang,95.4,Tinggi,0,Tidak Ada,PNS/TNI/Polri,Rp 2.000.000 - Rp 5.000.000,Lancar,Yatim Piatu,Sedang
Ana Maheswara,7B,2024/2025,220,Sangat Baik,79.2,Sedang,2,Ringan,Karyawan Swasta,< Rp 2.000.000,Menunggak 1-2 Bulan,Lengkap,Sedang
Ratna Pangestu,9C,2023/2024,201,Baik,72.6,Rendah,0,Tidak Ada,Wiraswasta,Rp 2.000.000 - Rp 5.000.000,Lancar,Lengkap,Sedang
Wahyu Sitompul,9C,2024/2025,239,Sangat Baik,67.9,Rendah,2,Ringan,Karyawan Swasta,> Rp 5.000.000,Menunggak 1-2 Bulan,Lengkap,Sedang
Rika Firgantoro,8A,2025/2026,226,Sangat Baik,77.2,Sedang,0,Tidak Ada,Buruh/Petani,Rp 2.000.000 - Rp 5.000.000,Lancar,Lengkap,Rendah
Teddy Padmasari,8C,2024/2025,221,Sangat Baik,84.5,Sedang,2,Ringan,Karyawan Swasta,Rp 2.000.000 - Rp 5.000.000,Lancar,Lengkap,Rendah
Ian Ramadan,9B,2024/2025,229,Sangat Baik,83.9,Sedang,0,Tidak Ada,Karyawan Swasta,Rp 2.000.000 - Rp 5.000.000,Lancar,Lengkap,Rendah
Gangsa Widiastuti,8C,2023/2024,207,Baik,81.0,Sedang,5,Sedang/Berat,Karyawan Swasta,Rp 2.000.000 - Rp 5.000.000,Menunggak 1-2 Bulan,Lengkap,Sedang
Raina Rahimah,9B,2025/2026,237,Sangat Baik,71.3,Rendah,0,Tidak Ada,PNS/TNI/Polri,Rp 2.000.000 - Rp 5.000.000,Lancar,Lengkap,Sedang
Respati Winarno,8C,2024/2025,182,Kurang,73.6,Rendah,2,Ringan,Wiraswasta,Rp 2.000.000 - Rp 5.000.000,Menunggak >2 Bulan,Lengkap,Tinggi
Ajimin Sirait,9A,2025/2026,213,Baik,73.5,Rendah,0,Tidak Ada,Karyawan Swasta,> Rp 5.000.000,Lancar,Lengkap,Sedang
Mala Nurdiyanti,8A,2024/2025,182,Kurang,94.6,Tinggi,1,Ringan,Wiraswasta,< Rp 2.000.000,Lancar,Lengkap,Sedang
Abyasa Prastuti,9A,2023/2024,202,Baik,72.3,Rendah,0,Tidak Ada,Wiraswasta,> Rp 5.000.000,Menunggak 1-2 Bulan,Lengkap,Sedang
Martaka Rajata,7C,2024/2025,200,Baik,88.8,Tinggi,0,Tidak Ada,Karyawan Swasta,Rp 2.000.000 - Rp 5.000.000,Lancar,Lengkap,Rendah
Puti Mutia Purnawati,7B,2025/2026,195,Kurang,89.2,Tinggi,0,Tidak Ada,PNS/TNI/Polri,Rp 2.000.000 - Rp 5.000.000,Menunggak 1-2 Bulan,Yatim,Sedang
Kasusra Iswahyudi,7C,2024/2025,214,Baik,76.9,Sedang,0,Tidak Ada,Buruh/Petani,Rp 2.000.000 - Rp 5.000.000,Lancar,Lengkap,Sedang
Tari Wacana,9A,2023/2024,230,Sangat Baik,93.5,Tinggi,2,Ringan,Karyawan Swasta,Rp 2.000.000 - Rp 5.000.000,Lancar,Lengkap,Rendah
Arsipatra Natsir,8C,2024/2025,190,Kurang,74.0,Rendah,2,Ringan,Wiraswasta,< Rp 2.000.000,Menunggak 1-2 Bulan,Lengkap,Tinggi
Martani Padmasari,7B,2024/2025,223,Sangat Baik,81.4,Sedang,0,Tidak Ada,Karyawan Swasta,Rp 2.000.000 - Rp 5.000.000,Lancar,Lengkap,Rendah
Balamantri Dabukke,8A,2025/2026,223,Sangat Baik,85.7,Tinggi,0,Tidak Ada,Karyawan Swasta,> Rp 5.000.000,Menunggak 1-2 Bulan,Lengkap,Rendah
Nyana Handayani,9A,2025/2026,224,Sangat Baik,89.7,Tinggi,0,Tidak Ada,Buruh/Petani,> Rp 5.000.000,Lancar,Lengkap,Rendah
Warta Riyanti,8C,2023/2024,183,Kurang,68.5,Rendah,0,Tidak Ada,Buruh/Petani,< Rp 2.000.000,Menunggak >2 Bulan,Yatim,Tinggi
Panji Gunawan,9C,2024/2025,206,Baik,71.3,Rendah,0,Tidak Ada,Buruh/Petani,< Rp 2.000.000,Menunggak 1-2 Bulan,Yatim,Sedang
Galur Ardianto,8B,2023/2024,190,Kurang,91.6,Tinggi,1,Ringan,Karyawan Swasta,Rp 2.000.000 - Rp 5.000.000,Menunggak >2 Bulan,Yatim,Sedang
Harsana Laksita,9C,2025/2026,215,Baik,78.1,Sedang,0,Tidak Ada,Karyawan Swasta,Rp 2.000.000 - Rp 5.000.000,Lancar,Lengkap,Sedang
Sabrina Usada,9C,2025/2026,206,Baik,80.1,Sedang,0,Tidak Ada,PNS/TNI/Polri,Rp 2.000.000 - Rp 5.000.000,Lancar,Piatu,Rendah
Tedi Hutasoit,8C,2024/2025,181,Kurang,89.0,Tinggi,1,Ringan,Karyawan Swasta,Rp 2.000.000 - Rp 5.000.000,Lancar,Lengkap,Sedang
Mulyanto Pradana,7B,2025/2026,225,Sangat Baik,81.1,Sedang,0,Tidak Ada,Buruh/Petani,Rp 2.000.000 - Rp 5.000.000,Lancar,Yatim Piatu,Rendah
Wage Damanik,8B,2023/2024,207,Baik,77.9,Sedang,1,Ringan,PNS/TNI/Polri,Rp 2.000.000 - Rp 5.000.000,Menunggak 1-2 Bulan,Lengkap,Sedang
Ulya Wacana,8C,2025/2026,234,Sangat Baik,92.9,Tinggi,0,Tidak Ada,Buruh/Petani,Rp 2.000.000 - Rp 5.000.000,Lancar,Lengkap,Rendah
Sarah Wastuti,9B,2024/2025,203,Baik,80.9,Sedang,0,Tidak Ada,Karyawan Swasta,Rp 2.000.000 - Rp 5.000.000,Lancar,Lengkap,Rendah
Maimunah Utami,8B,2023/2024,226,Sangat Baik,97.6,Tinggi,0,Tidak Ada,Wiraswasta,> Rp 5.000.000,Lancar,Lengkap,Rendah
Melinda Wijayanti,7C,2023/2024,237,Sangat Baik,72.4,Rendah,0,Tidak Ada,PNS/TNI/Polri,Rp 2.000.000 - Rp 5.000.000,Menunggak 1-2 Bulan,Lengkap,Sedang
Nabila Sihotang,8B,2025/2026,232,Sangat Baik,83.5,Sedang,0,Tidak Ada,PNS/TNI/Polri,> Rp 5.000.000,Menunggak 1-2 Bulan,Lengkap,Rendah
Jono Hidayat,7B,2023/2024,202,Baik,98.3,Tinggi,0,Tidak Ada,Wiraswasta,> Rp 5.000.000,Lancar,Lengkap,Rendah
Ganjaran Siregar,8C,2023/2024,188,Kurang,80.8,Sedang,1,Ringan,Wiraswasta,Rp 2.000.000 - Rp 5.000.000,Lancar,Lengkap,Sedang
Nasrullah Saputra,9C,2025/2026,218,Baik,91.5,Tinggi,0,Tidak Ada,Wiraswasta,Rp 2.000.000 - Rp 5.000.000,Lancar,Lengkap,Rendah
Umi Ramadan,7A,2025/2026,215,Baik,84.9,Sedang,0,Tidak Ada,Buruh/Petani,Rp 2.000.000 - Rp 5.000.000,Lancar,Lengkap,Rendah
Jaswadi Nashiruddin,7C,2024/2025,225,Sangat Baik,83.8,Sedang,3,Sedang/Berat,Wiraswasta,Rp 2.000.000 - Rp 5.000.000,Lancar,Lengkap,Rendah
Margana Maulana,9C,2025/2026,193,Kurang,90.1,Tinggi,2,Ringan,Buruh/Petani,> Rp 5.000.000,Lancar,Lengkap,Sedang
Sari Yuliarti,9C,2025/2026,221,Sangat Baik,83.6,Sedang,0,Tidak Ada,Buruh/Petani,Rp 2.000.000 - Rp 5.000.000,Lancar,Lengkap,Rendah
Mutia Hariyah,9A,2023/2024,239,Sangat Baik,92.0,Tinggi,0,Tidak Ada,PNS/TNI/Polri,Rp 2.000.000 - Rp 5.000.000,Lancar,Lengkap,Rendah
Prima Maheswara,9B,2024/2025,192,Kurang,68.2,Rendah,0,Tidak Ada,Wiraswasta,< Rp 2.000.000,Menunggak 1-2 Bulan,Lengkap,Tinggi
Raisa Waluyo,9C,2024/2025,197,Kurang,97.4,Tinggi,2,Ringan,Wiraswasta,> Rp 5.000.000,Menunggak 1-2 Bulan,Lengkap,Sedang
Ella Rajata,7A,2024/2025,237,Sangat Baik,79.7,Sedang,0,Tidak Ada,PNS/TNI/Polri,Rp 2.000.000 - Rp 5.000.000,Lancar,Lengkap,Rendah
Budi Wibowo,7C,2023/2024,186,Kurang,71.0,Rendah,0,Tidak Ada,PNS/TNI/Polri,< Rp 2.000.000,Menunggak >2 Bulan,Lengkap,Tinggi
Labuh Mangunsong,9C,2025/2026,223,Sangat Baik,67.0,Rendah,0,Tidak Ada,Karyawan Swasta,> Rp 5.000.000,Menunggak 1-2 Bulan,Lengkap,Sedang
Uda Halim,7A,2024/2025,192,Kurang,88.7,Tinggi,5,Sedang/Berat,Wiraswasta,< Rp 2.000.000,Menunggak >2 Bulan,Yatim,Tinggi
Sabri Nugroho,7B,2024/2025,199,Kurang,88.4,Tinggi,1,Ringan,Buruh/Petani,Rp 2.000.000 - Rp 5.000.000,Lancar,Lengkap,Sedang
Mala Sihombing,7C,2025/2026,203,Baik,65.8,Rendah,1,Ringan,Wiraswasta,Rp 2.000.000 - Rp 5.000.000,Lancar,Lengkap,Sedang
Restu Kuswandari,8B,2024/2025,217,Baik,67.0,Rendah,2,Ringan,Tidak Bekerja,> Rp 5.000.000,Menunggak >2 Bulan,Lengkap,Tinggi
Dirja Pratama,8C,2024/2025,230,Sangat Baik,65.5,Rendah,0,Tidak Ada,Buruh/Petani,Rp 2.000.000 - Rp 5.000.000,Lancar,Lengkap,Sedang
Ilyas Irawan,8A,2024/2025,205,Baik,93.2,Tinggi,2,Ringan,Karyawan Swasta,Rp 2.000.000 - Rp 5.000.000,Menunggak 1-2 Bulan,Lengkap,Sedang
Maman Wasita,7C,2025/2026,196,Kurang,73.3,Rendah,1,Ringan,Tidak Bekerja,Rp 2.000.000 - Rp 5.000.000,Menunggak >2 Bulan,Yatim,Tinggi
Darmaji Aryani,7A,2023/2024,228,Sangat Baik,72.1,Rendah,2,Ringan,PNS/TNI/Polri,> Rp 5.000.000,Lancar,Yatim Piatu,Sedang
Galih Irawan,9A,2023/2024,196,Kurang,92.1,Tinggi,0,Tidak Ada,Karyawan Swasta,< Rp 2.000.000,Menunggak 1-2 Bulan,Yatim,Sedang
Dartono Wulandari,7C,2023/2024,217,Baik,92.5,Tinggi,0,Tidak Ada,PNS/TNI/Polri,Rp 2.000.000 - Rp 5.000.000,Menunggak 1-2 Bulan,Lengkap,Rendah
Opan Dabukke,9A,2024/2025,223,Sangat Baik,86.4,Tinggi,0,Tidak Ada,Karyawan Swasta,> Rp 5.000.000,Lancar,Lengkap,Rendah
Vanesa Mandasari,9A,2024/2025,194,Kurang,68.3,Rendah,0,Tidak Ada,Buruh/Petani,< Rp 2.000.000,Menunggak 1-2 Bulan,Lengkap,Tinggi
Zelda Mardhiyah,9C,2024/2025,222,Sangat Baik,97.3,Tinggi,0,Tidak Ada,Karyawan Swasta,Rp 2.000.000 - Rp 5.000.000,Lancar,Lengkap,Rendah
Bagiya Hakim,7C,2025/2026,193,Kurang,70.7,Rendah,0,Tidak Ada,Karyawan Swasta,< Rp 2.000.000,Menunggak >2 Bulan,Lengkap,Tinggi
Martani Hakim,7B,2025/2026,223,Sangat Baik,75.7,Sedang,0,Tidak Ada,Wiraswasta,Rp 2.000.000 - Rp 5.000.000,Lancar,Lengkap,Rendah
Jessica Lestari,8A,2024/2025,212,Baik,77.9,Sedang,0,Tidak Ada,Karyawan Swasta,< Rp 2.000.000,Lancar,Lengkap,Sedang
Bakiadi Pratama,9A,2025/2026,210,Baik,82.3,Sedang,0,Tidak Ada,Karyawan Swasta,Rp 2.000.000 - Rp 5.000.000,Lancar,Lengkap,Rendah
Akarsana Siregar,8A,2023/2024,181,Kurang,87.4,Tinggi,0,Tidak Ada,Wiraswasta,> Rp 5.000.000,Lancar,Lengkap,Sedang
Kardi Wacana,9C,2023/2024,200,Baik,71.1,Rendah,3,Sedang/Berat,Buruh/Petani,< Rp 2.000.000,Lancar,Lengkap,Tinggi
Radit Kuswandari,8B,2024/2025,198,Kurang,69.8,Rendah,0,Tidak Ada,Wiraswasta,> Rp 5.000.000,Menunggak 1-2 Bulan,Yatim,Tinggi
Iriana Pertiwi,8C,2023/2024,209,Baik,86.2,Tinggi,5,Sedang/Berat,Karyawan Swasta,Rp 2.000.000 - Rp 5.000.000,Menunggak 1-2 Bulan,Lengkap,Sedang
Caket Uwais,8A,2023/2024,211,Baik,96.9,Tinggi,0,Tidak Ada,Karyawan Swasta,> Rp 5.000.000,Menunggak 1-2 Bulan,Lengkap,Rendah
Harto Nuraini,8B,2025/2026,187,Kurang,79.1,Sedang,2,Ringan,Wiraswasta,< Rp 2.000.000,Menunggak >2 Bulan,Lengkap,Tinggi
Niyaga Gunarto,9C,2024/2025,194,Kurang,67.5,Rendah,0,Tidak Ada,PNS/TNI/Polri,Rp 2.000.000 - Rp 5.000.000,Menunggak 1-2 Bulan,Lengkap,Tinggi
Kambali Prastuti,8C,2023/2024,212,Baik,89.0,Tinggi,0,Tidak Ada,Karyawan Swasta,Rp 2.000.000 - Rp 5.000.000,Lancar,Lengkap,Rendah
Jaga Haryanto,9C,2023/2024,229,Sangat Baik,85.3,Tinggi,0,Tidak Ada,Karyawan Swasta,Rp 2.000.000 - Rp 5.000.000,Lancar,Lengkap,Rendah
Putri Saptono,9A,2025/2026,193,Kurang,77.6,Sedang,0,Tidak Ada,PNS/TNI/Polri,< Rp 2.000.000,Menunggak 1-2 Bulan,Lengkap,Sedang
Eka Simanjuntak,8C,2024/2025,181,Kurang,98.4,Tinggi,1,Ringan,PNS/TNI/Polri,Rp 2.000.000 - Rp 5.000.000,Menunggak 1-2 Bulan,Lengkap,Sedang
Mumpuni Kusmawati,8C,2025/2026,193,Kurang,65.3,Rendah,0,Tidak Ada,Buruh/Petani,< Rp 2.000.000,Menunggak >2 Bulan,Lengkap,Tinggi
Farah Suryono,7B,2024/2025,181,Kurang,96.4,Tinggi,0,Tidak Ada,Karyawan Swasta,< Rp 2.000.000,Lancar,Lengkap,Sedang
Aisyah Nasyidah,9B,2025/2026,234,Sangat Baik,98.2,Tinggi,0,Tidak Ada,PNS/TNI/Polri,> Rp 5.000.000,Lancar,Lengkap,Rendah
Baktianto Haryanti,7A,2023/2024,218,Baik,72.9,Rendah,0,Tidak Ada,Tidak Bekerja,Rp 2.000.000 - Rp 5.000.000,Menunggak 1-2 Bulan,Lengkap,Sedang
Natalia Budiman,9A,2024/2025,227,Sangat Baik,77.8,Sedang,1,Ringan,Karyawan Swasta,> Rp 5.000.000,Lancar,Lengkap,Rendah
Nadine Habibi,9B,2025/2026,217,Baik,93.4,Tinggi,0,Tidak Ada,Karyawan Swasta,Rp 2.000.000 - Rp 5.000.000,Lancar,Lengkap,Rendah
Suci Agustina,7B,2025/2026,235,Sangat Baik,77.7,Sedang,0,Tidak Ada,Wiraswasta,> Rp 5.000.000,Lancar,Lengkap,Rendah
Lukita Utama,8C,2023/2024,229,Sangat Baik,78.2,Sedang,0,Tidak Ada,PNS/TNI/Polri,< Rp 2.000.000,Lancar,Lengkap,Rendah
Prasetyo Sihotang,7B,2023/2024,186,Kurang,88.7,Tinggi,0,Tidak Ada,Buruh/Petani,< Rp 2.000.000,Lancar,Lengkap,Sedang
Kiandra Pangestu,8C,2024/2025,194,Kurang,82.0,Sedang,3,Sedang/Berat,Karyawan Swasta,Rp 2.000.000 - Rp 5.000.000,Lancar,Lengkap,Sedang
Jaswadi Maryadi,9B,2024/2025,233,Sangat Baik,71.7,Rendah,0,Tidak Ada,PNS/TNI/Polri,Rp 2.000.000 - Rp 5.000.000,Lancar,Lengkap,Sedang
Ami Salahudin,9C,2023/2024,194,Kurang,70.6,Rendah,1,Ringan,Buruh/Petani,< Rp 2.000.000,Menunggak 1-2 Bulan,Lengkap,Tinggi
Hani Fujiati,8A,2024/2025,230,Sangat Baik,88.1,Tinggi,2,Ringan,Karyawan Swasta,> Rp 5.000.000,Menunggak 1-2 Bulan,Lengkap,Rendah
Gamblang Maheswara,8C,2024/2025,187,Kurang,65.2,Rendah,0,Tidak Ada,Buruh/Petani,< Rp 2.000.000,Menunggak >2 Bulan,Lengkap,Tinggi
Almira Lailasari,8C,2025/2026,217,Baik,74.7,Rendah,0,Tidak Ada,Wiraswasta,Rp 2.000.000 - Rp 5.000.000,Lancar,Lengkap,Sedang
Zamira Kuswandari,8B,2023/2024,208,Baik,75.9,Sedang,0,Tidak Ada,Karyawan Swasta,< Rp 2.000.000,Menunggak 1-2 Bulan,Lengkap,Sedang
Mila Hartati,9B,2023/2024,220,Sangat Baik,82.4,Sedang,2,Ringan,Karyawan Swasta,Rp 2.000.000 - Rp 5.000.000,Lancar,Lengkap,Rendah
Yessi Wibisono,8A,2025/2026,188,Kurang,78.8,Sedang,1,Ringan,Buruh/Petani,Rp 2.000.000 - Rp 5.000.000,Lancar,Piatu,Sedang
Putri Pranowo,9B,2024/2025,213,Baik,94.8,Tinggi,0,Tidak Ada,Karyawan Swasta,< Rp 2.000.000,Lancar,Lengkap,Rendah
Cengkir Latupono,8B,2025/2026,238,Sangat Baik,84.1,Sedang,0,Tidak Ada,Karyawan Swasta,> Rp 5.000.000,Lancar,Lengkap,Rendah
Ayu Lazuardi,7B,2024/2025,232,Sangat Baik,67.1,Rendah,0,Tidak Ada,PNS/TNI/Polri,> Rp 5.000.000,Lancar,Lengkap,Sedang
Sutan Radika Latupono,8A,2023/2024,193,Kurang,82.8,Sedang,0,Tidak Ada,Karyawan Swasta,Rp 2.000.000 - Rp 5.000.000,Lancar,Piatu,Sedang
Unjani Jailani,8B,2023/2024,217,Baik,72.3,Rendah,0,Tidak Ada,Wiraswasta,> Rp 5.000.000,Lancar,Lengkap,Sedang
Taufik Waluyo,7A,2024/2025,224,Sangat Baik,71.0,Rendah,1,Ringan,Wiraswasta,Rp 2.000.000 - Rp 5.000.000,Lancar,Lengkap,Sedang
Lantar Mandasari,7B,2025/2026,227,Sangat Baik,90.4,Tinggi,0,Tidak Ada,PNS/TNI/Polri,> Rp 5.000.000,Lancar,Lengkap,Rendah
Halima Palastri,9C,2025/2026,240,Sangat Baik,84.3,Sedang,0,Tidak Ada,Karyawan Swasta,> Rp 5.000.000,Lancar,Lengkap,Rendah
Sadina Winarsih,9A,2023/2024,231,Sangat Baik,94.0,Tinggi,0,Tidak Ada,Karyawan Swasta,< Rp 2.000.000,Lancar,Lengkap,Rendah
Intan Sitompul,7A,2023/2024,182,Kurang,65.5,Rendah,0,Tidak Ada,Wiraswasta,< Rp 2.000.000,Menunggak 1-2 Bulan,Lengkap,Tinggi
Labuh Aryani,8A,2025/2026,230,Sangat Baik,70.2,Rendah,0,Tidak Ada,PNS/TNI/Polri,> Rp 5.000.000,Menunggak 1-2 Bulan,Yatim,Sedang
Marsudi Sihotang,7A,2023/2024,219,Baik,76.3,Sedang,0,Tidak Ada,PNS/TNI/Polri,Rp 2.000.000 - Rp 5.000.000,Menunggak 1-2 Bulan,Lengkap,Sedang
Paulin Dongoran,9C,2023/2024,219,Baik,69.7,Rendah,0,Tidak Ada,Karyawan Swasta,> Rp 5.000.000,Lancar,Piatu,Sedang
Karya Riyanti,7A,2025/2026,240,Sangat Baik,71.7,Rendah,0,Tidak Ada,Karyawan Swasta,Rp 2.000.000 - Rp 5.000.000,Lancar,Lengkap,Sedang
Ika Adriansyah,8C,2023/2024,191,Kurang,95.5,Tinggi,1,Ringan,Wiraswasta,> Rp 5.000.000,Menunggak 1-2 Bulan,Lengkap,Sedang
Zalindra Sitorus,9B,2024/2025,189,Kurang,98.4,Tinggi,0,Tidak Ada,Tidak Bekerja,< Rp 2.000.000,Menunggak >2 Bulan,Lengkap,Sedang
Prabawa Sudiati,8C,2024/2025,233,Sangat Baik,70.6,Rendah,10,Sedang/Berat,Wiraswasta,< Rp 2.000.000,Menunggak 1-2 Bulan,Lengkap,Tinggi
Sabrina Sitompul,9C,2023/2024,239,Sangat Baik,86.5,Tinggi,2,Ringan,PNS/TNI/Polri,> Rp 5.000.000,Menunggak 1-2 Bulan,Lengkap,Rendah
Tari Maulana,7C,2023/2024,231,Sangat Baik,83.6,Sedang,2,Ringan,Karyawan Swasta,< Rp 2.000.000,Lancar,Lengkap,Rendah
Kurnia Adriansyah,7A,2024/2025,220,Sangat Baik,81.9,Sedang,0,Tidak Ada,Karyawan Swasta,> Rp 5.000.000,Lancar,Lengkap,Rendah
Laila Budiman,7C,2023/2024,188,Kurang,86.0,Tinggi,0,Tidak Ada,Wiraswasta,Rp 2.000.000 - Rp 5.000.000,Lancar,Lengkap,Sedang
Cindy Sudiati,8C,2025/2026,208,Baik,70.8,Rendah,0,Tidak Ada,Wiraswasta,< Rp 2.000.000,Menunggak 1-2 Bulan,Lengkap,Sedang
Luwes Maryadi,9A,2025/2026,232,Sangat Baik,66.3,Rendah,2,Ringan,PNS/TNI/Polri,Rp 2.000.000 - Rp 5.000.000,Menunggak 1-2 Bulan,Lengkap,Sedang
Sabrina Susanti,7C,2025/2026,197,Kurang,80.7,Sedang,0,Tidak Ada,Wiraswasta,< Rp 2.000.000,Lancar,Lengkap,Sedang
Rahmi Kusumo,9B,2024/2025,187,Kurang,84.6,Sedang,0,Tidak Ada,Karyawan Swasta,Rp 2.000.000 - Rp 5.000.000,Lancar,Lengkap,Sedang
Estiawan Saputra,9C,2025/2026,194,Kurang,69.6,Rendah,0,Tidak Ada,Wiraswasta,< Rp 2.000.000,Menunggak >2 Bulan,Lengkap,Tinggi
Laswi Novitasari,9A,2024/2025,238,Sangat Baik,67.1,Rendah,2,Ringan,PNS/TNI/Polri,< Rp 2.000.000,Menunggak 1-2 Bulan,Yatim,Sedang
Prayoga Kusmawati,7B,2025/2026,226,Sangat Baik,90.4,Tinggi,0,Tidak Ada,Karyawan Swasta,> Rp 5.000.000,Lancar,Lengkap,Rendah
Omar Siregar,7C,2023/2024,234,Sangat Baik,91.2,Tinggi,0,Tidak Ada,PNS/TNI/Polri,Rp 2.000.000 - Rp 5.000.000,Lancar,Yatim,Rendah
Luwes Lazuardi,9A,2024/2025,220,Sangat Baik,75.5,Sedang,0,Tidak Ada,Wiraswasta,Rp 2.000.000 - Rp 5.000.000,Lancar,Lengkap,Rendah
Galuh Riyanti,9B,2025/2026,206,Baik,68.0,Rendah,1,Ringan,PNS/TNI/Polri,Rp 2.000.000 - Rp 5.000.000,Lancar,Yatim Piatu,Sedang
Jagaraga Adriansyah,9B,2024/2025,192,Kurang,96.0,Tinggi,1,Ringan,Wiraswasta,> Rp 5.000.000,Lancar,Lengkap,Sedang
Icha Purwanti,7C,2024/2025,213,Baik,68.1,Rendah,0,Tidak Ada,PNS/TNI/Polri,< Rp 2.000.000,Menunggak 1-2 Bulan,Lengkap,Sedang
Bagiya Rahayu,7C,2025/2026,201,Baik,78.2,Sedang,1,Ringan,Karyawan Swasta,Rp 2.000.000 - Rp 5.000.000,Lancar,Lengkap,Sedang
Shakila Sihombing,8A,2024/2025,199,Kurang,73.7,Rendah,0,Tidak Ada,Karyawan Swasta,> Rp 5.000.000,Menunggak >2 Bulan,Lengkap,Tinggi
Langgeng Mangunsong,7A,2024/2025,219,Baik,72.9,Rendah,0,Tidak Ada,Karyawan Swasta,< Rp 2.000.000,Lancar,Lengkap,Sedang
Embuh Saefullah,7B,2023/2024,189,Kurang,67.9,Rendah,1,Ringan,Buruh/Petani,< Rp 2.000.000,Menunggak 1-2 Bulan,Lengkap,Tinggi
Hartaka Riyanti,8A,2024/2025,192,Kurang,92.8,Tinggi,0,Tidak Ada,Karyawan Swasta,Rp 2.000.000 - Rp 5.000.000,Menunggak 1-2 Bulan,Lengkap,Sedang
Jessica Nurdiyanti,8C,2025/2026,235,Sangat Baik,97.9,Tinggi,1,Ringan,Wiraswasta,> Rp 5.000.000,Lancar,Lengkap,Rendah
Humaira Oktaviani,7A,2025/2026,224,Sangat Baik,86.6,Tinggi,0,Tidak Ada,Buruh/Petani,Rp 2.000.000 - Rp 5.000.000,Lancar,Lengkap,Rendah
Dipa Kurniawan,7C,2024/2025,238,Sangat Baik,81.1,Sedang,0,Tidak Ada,Karyawan Swasta,> Rp 5.000.000,Lancar,Lengkap,Rendah
Agus Puspita,8A,2023/2024,212,Baik,88.0,Tinggi,0,Tidak Ada,PNS/TNI/Polri,> Rp 5.000.000,Lancar,Lengkap,Rendah
Respati Pranowo,9C,2024/2025,206,Baik,81.7,Sedang,0,Tidak Ada,Karyawan Swasta,Rp 2.000.000 - Rp 5.000.000,Menunggak >2 Bulan,Lengkap,Rendah
Fathonah Simanjuntak,9B,2024/2025,190,Kurang,72.0,Rendah,0,Tidak Ada,Wiraswasta,< Rp 2.000.000,Menunggak 1-2 Bulan,Piatu,Tinggi
Tasnim Permata,8B,2023/2024,211,Baik,65.4,Rendah,0,Tidak Ada,Buruh/Petani,> Rp 5.000.000,Lancar,Lengkap,Sedang
Ciaobella Ramadan,7B,2024/2025,192,Kurang,84.1,Sedang,0,Tidak Ada,Karyawan Swasta,Rp 2.000.000 - Rp 5.000.000,Lancar,Lengkap,Sedang
Caraka Yulianti,7B,2025/2026,191,Kurang,82.7,Sedang,0,Tidak Ada,Karyawan Swasta,Rp 2.000.000 - Rp 5.000.000,Menunggak 1-2 Bulan,Lengkap,Sedang
Perkasa Pangestu,7C,2024/2025,219,Baik,98.0,Tinggi,0,Tidak Ada,Wiraswasta,< Rp 2.000.000,Lancar,Lengkap,Rendah
Makara Yulianti,9B,2024/2025,223,Sangat Baik,68.8,Rendah,1,Ringan,Karyawan Swasta,Rp 2.000.000 - Rp 5.000.000,Menunggak 1-2 Bulan,Lengkap,Sedang
Luwes Hassanah,9A,2025/2026,208,Baik,96.1,Tinggi,0,Tidak Ada,Karyawan Swasta,Rp 2.000.000 - Rp 5.000.000,Lancar,Lengkap,Rendah
Hasta Pradana,9B,2024/2025,198,Kurang,88.3,Tinggi,0,Tidak Ada,Wiraswasta,Rp 2.000.000 - Rp 5.000.000,Lancar,Lengkap,Sedang
Praba Wijaya,9A,2025/2026,229,Sangat Baik,83.2,Sedang,0,Tidak Ada,PNS/TNI/Polri,> Rp 5.000.000,Lancar,Yatim,Rendah
Lidya Manullang,8B,2023/2024,238,Sangat Baik,65.8,Rendah,0,Tidak Ada,Karyawan Swasta,Rp 2.000.000 - Rp 5.000.000,Lancar,Lengkap,Sedang
Wadi Habibi,9C,2025/2026,221,Sangat Baik,68.5,Rendah,2,Ringan,Karyawan Swasta,Rp 2.000.000 - Rp 5.000.000,Menunggak 1-2 Bulan,Lengkap,Sedang
Paulin Saragih,8A,2024/2025,201,Baik,79.7,Sedang,0,Tidak Ada,Buruh/Petani,Rp 2.000.000 - Rp 5.000.000,Menunggak 1-2 Bulan,Lengkap,Sedang
Tania Mulyani,8B,2025/2026,216,Baik,87.5,Tinggi,3,Sedang/Berat,Karyawan Swasta,Rp 2.000.000 - Rp 5.000.000,Menunggak >2 Bulan,Lengkap,Sedang
Darmaji Saptono,8A,2023/2024,228,Sangat Baik,97.8,Tinggi,0,Tidak Ada,PNS/TNI/Polri,Rp 2.000.000 - Rp 5.000.000,Lancar,Lengkap,Rendah
Muni Firgantoro,8A,2024/2025,191,Kurang,82.4,Sedang,0,Tidak Ada,Wiraswasta,Rp 2.000.000 - Rp 5.000.000,Menunggak 1-2 Bulan,Lengkap,Sedang
Martaka Marpaung,7C,2024/2025,184,Kurang,83.0,Sedang,0,Tidak Ada,Karyawan Swasta,Rp 2.000.000 - Rp 5.000.000,Lancar,Lengkap,Sedang
Adhiarja Namaga,9B,2025/2026,216,Baik,95.8,Tinggi,1,Ringan,Wiraswasta,< Rp 2.000.000,Lancar,Lengkap,Rendah
Fitriani Mansur,9B,2023/2024,230,Sangat Baik,76.4,Sedang,0,Tidak Ada,Buruh/Petani,< Rp 2.000.000,Lancar,Lengkap,Rendah
Puspa Nasyidah,7B,2023/2024,218,Baik,92.0,Tinggi,0,Tidak Ada,Karyawan Swasta,> Rp 5.000.000,Lancar,Yatim Piatu,Rendah
Diah Sihombing,8A,2024/2025,218,Baik,69.4,Rendah,0,Tidak Ada,Wiraswasta,Rp 2.000.000 - Rp 5.000.000,Menunggak 1-2 Bulan,Lengkap,Sedang
Queen Budiman,8B,2023/2024,191,Kurang,69.9,Rendah,0,Tidak Ada,Tidak Bekerja,< Rp 2.000.000,Menunggak 1-2 Bulan,Piatu,Tinggi
Heru Siregar,9A,2023/2024,238,Sangat Baik,88.5,Tinggi,0,Tidak Ada,Karyawan Swasta,> Rp 5.000.000,Lancar,Lengkap,Rendah
Kemal Pertiwi,8A,2025/2026,237,Sangat Baik,68.0,Rendah,0,Tidak Ada,Karyawan Swasta,Rp 2.000.000 - Rp 5.000.000,Lancar,Lengkap,Sedang
Balapati Uwais,9B,2025/2026,185,Kurang,87.3,Tinggi,0,Tidak Ada,Buruh/Petani,Rp 2.000.000 - Rp 5.000.000,Menunggak 1-2 Bulan,Lengkap,Sedang
Umaya Mandala,7C,2023/2024,238,Sangat Baik,94.3,Tinggi,2,Ringan,Buruh/Petani,Rp 2.000.000 - Rp 5.000.000,Lancar,Lengkap,Rendah
Chandra Nasyiah,9C,2025/2026,192,Kurang,71.0,Rendah,1,Ringan,Buruh/Petani,< Rp 2.000.000,Menunggak >2 Bulan,Lengkap,Tinggi
Galur Puspita,9A,2024/2025,223,Sangat Baik,66.2,Rendah,2,Ringan,Wiraswasta,Rp 2.000.000 - Rp 5.000.000,Lancar,Lengkap,Sedang
Hairyanto Mahendra,9A,2025/2026,194,Kurang,79.4,Sedang,3,Sedang/Berat,Karyawan Swasta,Rp 2.000.000 - Rp 5.000.000,Menunggak >2 Bulan,Yatim,Tinggi
Jail Mangunsong,9C,2025/2026,189,Kurang,75.7,Sedang,2,Ringan,Tidak Bekerja,Rp 2.000.000 - Rp 5.000.000,Menunggak 1-2 Bulan,Lengkap,Tinggi
Zamira Winarsih,8A,2025/2026,224,Sangat Baik,78.8,Sedang,0,Tidak Ada,Karyawan Swasta,< Rp 2.000.000,Lancar,Lengkap,Rendah
Almira Budiman,7B,2023/2024,209,Baik,86.3,Tinggi,0,Tidak Ada,Karyawan Swasta,> Rp 5.000.000,Lancar,Lengkap,Rendah
Tania Hutasoit,8B,2024/2025,227,Sangat Baik,67.7,Rendah,0,Tidak Ada,Buruh/Petani,Rp 2.000.000 - Rp 5.000.000,Lancar,Piatu,Sedang
Bagya Hutapea,7C,2024/2025,198,Kurang,76.6,Sedang,2,Ringan,Buruh/Petani,< Rp 2.000.000,Menunggak >2 Bulan,Lengkap,Tinggi
Luwar Nainggolan,7C,2024/2025,204,Baik,84.5,Sedang,0,Tidak Ada,PNS/TNI/Polri,Rp 2.000.000 - Rp 5.000.000,Lancar,Lengkap,Rendah
Rika Prasetyo,9C,2023/2024,208,Baik,84.9,Sedang,1,Ringan,Buruh/Petani,Rp 2.000.000 - Rp 5.000.000,Lancar,Lengkap,Rendah
Pardi Wahyudin,9B,2023/2024,190,Kurang,75.1,Sedang,0,Tidak Ada,Buruh/Petani,Rp 2.000.000 - Rp 5.000.000,Menunggak 1-2 Bulan,Lengkap,Sedang
Bagas Mandala,7B,2023/2024,184,Kurang,75.3,Sedang,0,Tidak Ada,Wiraswasta,Rp 2.000.000 - Rp 5.000.000,Lancar,Lengkap,Sedang
Olivia Maulana,8B,2024/2025,191,Kurang,78.6,Sedang,0,Tidak Ada,PNS/TNI/Polri,Rp 2.000.000 - Rp 5.000.000,Lancar,Lengkap,Sedang
Zaenab Permata,9A,2024/2025,187,Kurang,72.6,Rendah,0,Tidak Ada,Karyawan Swasta,Rp 2.000.000 - Rp 5.000.000,Menunggak >2 Bulan,Yatim,Tinggi
Laila Permata,8C,2024/2025,195,Kurang,72.4,Rendah,0,Tidak Ada,Buruh/Petani,Rp 2.000.000 - Rp 5.000.000,Menunggak 1-2 Bulan,Piatu,Tinggi
Nurul Laksita,7C,2024/2025,239,Sangat Baik,93.0,Tinggi,0,Tidak Ada,Wiraswasta,Rp 2.000.000 - Rp 5.000.000,Lancar,Lengkap,Rendah
Hasim Mayasari,9C,2025/2026,216,Baik,83.7,Sedang,0,Tidak Ada,Karyawan Swasta,> Rp 5.000.000,Lancar,Lengkap,Rendah
Gabriella Yuniar,9C,2024/2025,222,Sangat Baik,74.1,Rendah,0,Tidak Ada,Buruh/Petani,< Rp 2.000.000,Menunggak >2 Bulan,Lengkap,Sedang
Darsirah Mandala,8B,2025/2026,200,Baik,75.4,Sedang,0,Tidak Ada,Karyawan Swasta,< Rp 2.000.000,Menunggak >2 Bulan,Lengkap,Sedang
Salimah Aryani,9C,2025/2026,227,Sangat Baik,66.9,Rendah,1,Ringan,Karyawan Swasta,< Rp 2.000.000,Lancar,Piatu,Sedang
Puti Padma Adriansyah,8C,2023/2024,194,Kurang,75.2,Sedang,2,Ringan,Wiraswasta,< Rp 2.000.000,Menunggak 1-2 Bulan,Lengkap,Tinggi
Tania Iswahyudi,8A,2024/2025,224,Sangat Baik,85.8,Tinggi,0,Tidak Ada,Wiraswasta,Rp 2.000.000 - Rp 5.000.000,Lancar,Piatu,Rendah
Galih Lailasari,9C,2023/2024,225,Sangat Baik,87.9,Tinggi,0,Tidak Ada,PNS/TNI/Polri,< Rp 2.000.000,Lancar,Lengkap,Rendah
Ella Nainggolan,7C,2025/2026,209,Baik,97.9,Tinggi,0,Tidak Ada,Karyawan Swasta,> Rp 5.000.000,Lancar,Lengkap,Rendah
Banawa Melani,9A,2025/2026,188,Kurang,76.4,Sedang,0,Tidak Ada,Karyawan Swasta,Rp 2.000.000 - Rp 5.000.000,Lancar,Lengkap,Sedang
Eva Uyainah,7B,2023/2024,212,Baik,75.6,Sedang,1,Ringan,Karyawan Swasta,Rp 2.000.000 - Rp 5.000.000,Menunggak >2 Bulan,Piatu,Sedang
Elvina Narpati,7B,2024/2025,230,Sangat Baik,84.2,Sedang,0,Tidak Ada,Karyawan Swasta,< Rp 2.000.000,Lancar,Lengkap,Rendah
Tirta Wahyudin,9B,2023/2024,222,Sangat Baik,73.6,Rendah,0,Tidak Ada,PNS/TNI/Polri,> Rp 5.000.000,Menunggak 1-2 Bulan,Lengkap,Sedang
Tri Anggraini,7B,2025/2026,194,Kurang,88.6,Tinggi,0,Tidak Ada,PNS/TNI/Polri,< Rp 2.000.000,Menunggak 1-2 Bulan,Lengkap,Sedang
Iriana Prabowo,9A,2024/2025,233,Sangat Baik,77.5,Sedang,2,Ringan,PNS/TNI/Polri,Rp 2.000.000 - Rp 5.000.000,Lancar,Lengkap,Sedang
Sabar Melani,9B,2023/2024,204,Baik,85.0,Tinggi,1,Ringan,Wiraswasta,Rp 2.000.000 - Rp 5.000.000,Lancar,Lengkap,Rendah
Dian Dongoran,7C,2023/2024,193,Kurang,78.0,Sedang,0,Tidak Ada,PNS/TNI/Polri,< Rp 2.000.000,Lancar,Lengkap,Sedang
Azalea Susanti,8C,2023/2024,236,Sangat Baik,75.5,Sedang,0,Tidak Ada,Karyawan Swasta,Rp 2.000.000 - Rp 5.000.000,Lancar,Lengkap,Rendah
Danuja Suartini,8B,2023/2024,226,Sangat Baik,83.9,Sedang,0,Tidak Ada,Wiraswasta,< Rp 2.000.000,Lancar,Piatu,Rendah
Yuni Megantara,7C,2024/2025,211,Baik,94.5,Tinggi,1,Ringan,Karyawan Swasta,> Rp 5.000.000,Lancar,Lengkap,Rendah
Ratna Prabowo,8C,2025/2026,188,Kurang,69.4,Rendah,0,Tidak Ada,Tidak Bekerja,Rp 2.000.000 - Rp 5.000.000,Lancar,Lengkap,Tinggi
Latika Kusumo,9B,2024/2025,205,Baik,95.0,Tinggi,0,Tidak Ada,PNS/TNI/Polri,Rp 2.000.000 - Rp 5.000.000,Lancar,Lengkap,Rendah
Dian Wijayanti,7B,2024/2025,234,Sangat Baik,94.4,Tinggi,1,Ringan,Wiraswasta,< Rp 2.000.000,Lancar,Lengkap,Rendah
Mutia Firmansyah,8B,2024/2025,226,Sangat Baik,66.2,Rendah,0,Tidak Ada,PNS/TNI/Polri,< Rp 2.000.000,Menunggak 1-2 Bulan,Lengkap,Sedang
Dipa Yuniar,8C,2024/2025,215,Baik,86.2,Tinggi,0,Tidak Ada,Karyawan Swasta,> Rp 5.000.000,Menunggak 1-2 Bulan,Lengkap,Rendah
Jumadi Anggriawan,7C,2024/2025,194,Kurang,90.9,Tinggi,2,Ringan,PNS/TNI/Polri,> Rp 5.000.000,Lancar,Lengkap,Sedang
Rusman Tamba,9A,2023/2024,221,Sangat Baik,80.4,Sedang,2,Ringan,Karyawan Swasta,Rp 2.000.000 - Rp 5.000.000,Lancar,Lengkap,Rendah
Ikin Pranowo,8B,2025/2026,221,Sangat Baik,77.8,Sedang,3,Sedang/Berat,PNS/TNI/Polri,< Rp 2.000.000,Menunggak >2 Bulan,Yatim,Sedang
Cawisadi Wasita,9C,2025/2026,194,Kurang,73.5,Rendah,3,Sedang/Berat,Buruh/Petani,< Rp 2.000.000,Menunggak >2 Bulan,Piatu,Tinggi
Samiah Rajata,9B,2025/2026,181,Kurang,85.3,Tinggi,1,Ringan,Karyawan Swasta,> Rp 5.000.000,Lancar,Lengkap,Sedang
Cahyanto Hidayanto,9C,2024/2025,193,Kurang,75.1,Sedang,0,Tidak Ada,Buruh/Petani,> Rp 5.000.000,Menunggak 1-2 Bulan,Lengkap,Sedang
Paramita Fujiati,8C,2025/2026,231,Sangat Baik,67.3,Rendah,0,Tidak Ada,Karyawan Swasta,Rp 2.000.000 - Rp 5.000.000,Lancar,Lengkap,Sedang
Ismail Mulyani,7A,2024/2025,193,Kurang,80.7,Sedang,0,Tidak Ada,Karyawan Swasta,Rp 2.000.000 - Rp 5.000.000,Lancar,Lengkap,Sedang
Tira Purnawati,9A,2023/2024,218,Baik,68.7,Rendah,1,Ringan,Wiraswasta,Rp 2.000.000 - Rp 5.000.000,Menunggak 1-2 Bulan,Lengkap,Sedang
Safina Oktaviani,9C,2023/2024,227,Sangat Baik,72.3,Rendah,0,Tidak Ada,PNS/TNI/Polri,Rp 2.000.000 - Rp 5.000.000,Lancar,Lengkap,Sedang
Jais Pratama,7B,2024/2025,224,Sangat Baik,92.0,Tinggi,0,Tidak Ada,Buruh/Petani,> Rp 5.000.000,Lancar,Lengkap,Rendah
Paulin Nurdiyanti,9A,2025/2026,190,Kurang,89.6,Tinggi,0,Tidak Ada,Karyawan Swasta,> Rp 5.000.000,Lancar,Lengkap,Sedang
Eva Widodo,9A,2025/2026,236,Sangat Baik,80.2,Sedang,0,Tidak Ada,Buruh/Petani,Rp 2.000.000 - Rp 5.000.000,Lancar,Lengkap,Rendah
Eli Winarno,9C,2023/2024,207,Baik,68.4,Rendah,0,Tidak Ada,Karyawan Swasta,< Rp 2.000.000,Menunggak >2 Bulan,Yatim,Sedang
Karimah Maulana,8B,2025/2026,223,Sangat Baik,94.5,Tinggi,0,Tidak Ada,Karyawan Swasta,> Rp 5.000.000,Lancar,Lengkap,Rendah
Rizki Lazuardi,7B,2025/2026,185,Kurang,85.3,Tinggi,0,Tidak Ada,Wiraswasta,Rp 2.000.000 - Rp 5.000.000,Lancar,Lengkap,Sedang
Clara Megantara,7A,2023/2024,189,Kurang,68.1,Rendah,0,Tidak Ada,Wiraswasta,< Rp 2.000.000,Menunggak 1-2 Bulan,Lengkap,Tinggi
Reza Mahendra,8C,2024/2025,190,Kurang,73.3,Rendah,1,Ringan,Buruh/Petani,Rp 2.000.000 - Rp 5.000.000,Menunggak >2 Bulan,Piatu,Tinggi
Yance Halimah,9A,2023/2024,240,Sangat Baik,86.7,Tinggi,0,Tidak Ada,PNS/TNI/Polri,Rp 2.000.000 - Rp 5.000.000,Lancar,Lengkap,Rendah
Nurul Nasyidah,8B,2024/2025,182,Kurang,87.3,Tinggi,0,Tidak Ada,Buruh/Petani,Rp 2.000.000 - Rp 5.000.000,Menunggak 1-2 Bulan,Lengkap,Sedang
Rika Dongoran,9A,2024/2025,203,Baik,77.5,Sedang,0,Tidak Ada,Karyawan Swasta,< Rp 2.000.000,Menunggak 1-2 Bulan,Lengkap,Sedang
Cinthia Firgantoro,8A,2025/2026,225,Sangat Baik,75.8,Sedang,0,Tidak Ada,PNS/TNI/Polri,Rp 2.000.000 - Rp 5.000.000,Lancar,Lengkap,Rendah
Diah Wacana,9A,2024/2025,227,Sangat Baik,68.1,Rendah,0,Tidak Ada,PNS/TNI/Polri,Rp 2.000.000 - Rp 5.000.000,Lancar,Piatu,Sedang
Kardi Hastuti,9C,2023/2024,220,Sangat Baik,79.6,Sedang,0,Tidak Ada,PNS/TNI/Polri,> Rp 5.000.000,Lancar,Lengkap,Rendah
Vanya Waluyo,8C,2023/2024,183,Kurang,87.3,Tinggi,0,Tidak Ada,Buruh/Petani,Rp 2.000.000 - Rp 5.000.000,Lancar,Lengkap,Sedang
Shakila Hutapea,8C,2025/2026,199,Kurang,88.9,Tinggi,1,Ringan,Buruh/Petani,Rp 2.000.000 - Rp 5.000.000,Lancar,Lengkap,Sedang
Gangsar Najmudin,7B,2023/2024,236,Sangat Baik,81.2,Sedang,0,Tidak Ada,Buruh/Petani,> Rp 5.000.000,Lancar,Lengkap,Rendah
Estiono Nurdiyanti,9A,2023/2024,195,Kurang,66.2,Rendah,0,Tidak Ada,Wiraswasta,< Rp 2.000.000,Menunggak 1-2 Bulan,Piatu,Tinggi
Lukita Sihotang,8A,2023/2024,206,Baik,82.0,Sedang,0,Tidak Ada,Karyawan Swasta,Rp 2.000.000 - Rp 5.000.000,Menunggak 1-2 Bulan,Lengkap,Rendah
Mustofa Hakim,8C,2025/2026,215,Baik,73.7,Rendah,1,Ringan,Karyawan Swasta,> Rp 5.000.000,Menunggak 1-2 Bulan,Lengkap,Sedang
Dasa Usamah,8B,2025/2026,185,Kurang,88.9,Tinggi,0,Tidak Ada,Karyawan Swasta,Rp 2.000.000 - Rp 5.000.000,Menunggak 1-2 Bulan,Lengkap,Sedang
Dewi Lailasari,8A,2023/2024,183,Kurang,67.4,Rendah,0,Tidak Ada,Tidak Bekerja,Rp 2.000.000 - Rp 5.000.000,Menunggak >2 Bulan,Piatu,Tinggi
Putri Wacana,7B,2025/2026,192,Kurang,87.1,Tinggi,1,Ringan,Karyawan Swasta,< Rp 2.000.000,Lancar,Lengkap,Sedang
Gading Rahmawati,8A,2023/2024,219,Baik,71.6,Rendah,1,Ringan,Wiraswasta,Rp 2.000.000 - Rp 5.000.000,Menunggak 1-2 Bulan,Lengkap,Sedang
Gangsar Budiyanto,8C,2024/2025,240,Sangat Baik,93.6,Tinggi,0,Tidak Ada,Karyawan Swasta,Rp 2.000.000 - Rp 5.000.000,Lancar,Lengkap,Rendah
Bakidin Purnawati,7B,2024/2025,186,Kurang,78.2,Sedang,0,Tidak Ada,Karyawan Swasta,> Rp 5.000.000,Menunggak 1-2 Bulan,Lengkap,Sedang
Dalimin Simanjuntak,7B,2023/2024,227,Sangat Baik,88.9,Tinggi,0,Tidak Ada,Karyawan Swasta,> Rp 5.000.000,Lancar,Lengkap,Rendah
Titin Gunarto,7A,2023/2024,219,Baik,90.7,Tinggi,10,Sedang/Berat,Karyawan Swasta,< Rp 2.000.000,Lancar,Lengkap,Sedang
Intan Yuniar,8A,2025/2026,217,Baik,87.0,Tinggi,0,Tidak Ada,Buruh/Petani,Rp 2.000.000 - Rp 5.000.000,Lancar,Lengkap,Rendah
Bagas Yuliarti,7A,2024/2025,230,Sangat Baik,91.8,Tinggi,3,Sedang/Berat,PNS/TNI/Polri,> Rp 5.000.000,Lancar,Lengkap,Rendah
Tira Latupono,9B,2023/2024,199,Kurang,77.5,Sedang,0,Tidak Ada,Tidak Bekerja,Rp 2.000.000 - Rp 5.000.000,Lancar,Lengkap,Sedang
Sutan Lamar Tarihoran,8C,2023/2024,199,Kurang,90.9,Tinggi,0,Tidak Ada,Buruh/Petani,< Rp 2.000.000,Lancar,Lengkap,Sedang
Shakila Usamah,8C,2023/2024,232,Sangat Baik,96.3,Tinggi,0,Tidak Ada,Karyawan Swasta,Rp 2.000.000 - Rp 5.000.000,Lancar,Lengkap,Rendah
Azalea Latupono,7A,2023/2024,205,Baik,69.7,Rendah,1,Ringan,PNS/TNI/Polri,Rp 2.000.000 - Rp 5.000.000,Menunggak 1-2 Bulan,Lengkap,Sedang
Titin Halimah,7C,2023/2024,233,Sangat Baik,70.9,Rendah,0,Tidak Ada,Karyawan Swasta,Rp 2.000.000 - Rp 5.000.000,Lancar,Lengkap,Sedang
Joko Safitri,8A,2023/2024,237,Sangat Baik,79.1,Sedang,0,Tidak Ada,PNS/TNI/Polri,< Rp 2.000.000,Lancar,Lengkap,Rendah
Salimah Halim,9C,2023/2024,216,Baik,95.4,Tinggi,0,Tidak Ada,Karyawan Swasta,Rp 2.000.000 - Rp 5.000.000,Menunggak 1-2 Bulan,Yatim,Rendah
Karma Hassanah,7C,2025/2026,210,Baik,94.4,Tinggi,2,Ringan,Wiraswasta,Rp 2.000.000 - Rp 5.000.000,Lancar,Lengkap,Sedang
Puji Laksita,7B,2023/2024,208,Baik,68.8,Rendah,0,Tidak Ada,Karyawan Swasta,Rp 2.000.000 - Rp 5.000.000,Menunggak 1-2 Bulan,Lengkap,Sedang
Kani Widiastuti,8A,2024/2025,211,Baik,69.5,Rendah,0,Tidak Ada,Karyawan Swasta,Rp 2.000.000 - Rp 5.000.000,Menunggak >2 Bulan,Piatu,Sedang
Qori Suartini,8B,2025/2026,183,Kurang,92.4,Tinggi,0,Tidak Ada,Wiraswasta,Rp 2.000.000 - Rp 5.000.000,Lancar,Lengkap,Sedang
Azalea Prasetyo,9B,2024/2025,185,Kurang,73.0,Rendah,1,Ringan,Buruh/Petani,< Rp 2.000.000,Menunggak >2 Bulan,Lengkap,Tinggi
Yessi Utami,9B,2023/2024,219,Baik,82.8,Sedang,0,Tidak Ada,PNS/TNI/Polri,> Rp 5.000.000,Lancar,Lengkap,Rendah
Syahrini Hutasoit,7C,2024/2025,205,Baik,83.9,Sedang,5,Sedang/Berat,Wiraswasta,Rp 2.000.000 - Rp 5.000.000,Lancar,Lengkap,Sedang
Patricia Siregar,9A,2024/2025,207,Baik,84.4,Sedang,0,Tidak Ada,Buruh/Petani,> Rp 5.000.000,Lancar,Lengkap,Rendah
Hendri Maheswara,9A,2023/2024,235,Sangat Baik,68.7,Rendah,0,Tidak Ada,PNS/TNI/Polri,Rp 2.000.000 - Rp 5.000.000,Lancar,Lengkap,Sedang
Devi Napitupulu,8A,2025/2026,231,Sangat Baik,96.1,Tinggi,0,Tidak Ada,Karyawan Swasta,> Rp 5.000.000,Lancar,Piatu,Rendah
Juli Nasyiah,9B,2023/2024,205,Baik,85.9,Tinggi,0,Tidak Ada,Karyawan Swasta,> Rp 5.000.000,Lancar,Lengkap,Rendah
Sadina Siregar,8B,2024/2025,231,Sangat Baik,75.4,Sedang,0,Tidak Ada,PNS/TNI/Polri,Rp 2.000.000 - Rp 5.000.000,Lancar,Lengkap,Rendah
Jumadi Anggraini,7A,2023/2024,210,Baik,69.4,Rendah,1,Ringan,Wiraswasta,Rp 2.000.000 - Rp 5.000.000,Lancar,Lengkap,Sedang
Jumari Nababan,7B,2023/2024,237,Sangat Baik,75.6,Sedang,3,Sedang/Berat,PNS/TNI/Polri,< Rp 2.000.000,Menunggak 1-2 Bulan,Lengkap,Sedang
Dina Farida,8C,2025/2026,198,Kurang,79.7,Sedang,1,Ringan,Karyawan Swasta,> Rp 5.000.000,Lancar,Lengkap,Sedang
Pangeran Hutasoit,7A,2025/2026,217,Baik,82.1,Sedang,0,Tidak Ada,Karyawan Swasta,> Rp 5.000.000,Lancar,Lengkap,Rendah
Ana Marpaung,9B,2023/2024,206,Baik,84.7,Sedang,2,Ringan,PNS/TNI/Polri,Rp 2.000.000 - Rp 5.000.000,Lancar,Piatu,Sedang
Elma Hartati,8C,2023/2024,211,Baik,81.2,Sedang,0,Tidak Ada,Buruh/Petani,> Rp 5.000.000,Lancar,Lengkap,Rendah
Faizah Winarno,7C,2025/2026,214,Baik,91.6,Tinggi,3,Sedang/Berat,Wiraswasta,Rp 2.000.000 - Rp 5.000.000,Lancar,Lengkap,Sedang
Kacung Widodo,8B,2023/2024,225,Sangat Baik,77.7,Sedang,1,Ringan,Karyawan Swasta,> Rp 5.000.000,Lancar,Lengkap,Rendah
Wawan Damanik,7A,2025/2026,210,Baik,76.0,Sedang,0,Tidak Ada,Wiraswasta,Rp 2.000.000 - Rp 5.000.000,Lancar,Yatim,Sedang
Kawaca Mulyani,8B,2025/2026,202,Baik,68.3,Rendah,0,Tidak Ada,Wiraswasta,Rp 2.000.000 - Rp 5.000.000,Lancar,Piatu,Sedang
Virman Agustina,8A,2025/2026,227,Sangat Baik,73.4,Rendah,0,Tidak Ada,Karyawan Swasta,Rp 2.000.000 - Rp 5.000.000,Lancar,Piatu,Sedang
Muhammad Yuniar,7B,2023/2024,202,Baik,91.6,Tinggi,0,Tidak Ada,Karyawan Swasta,Rp 2.000.000 - Rp 5.000.000,Lancar,Lengkap,Rendah
Nardi Prastuti,8A,2025/2026,191,Kurang,92.5,Tinggi,0,Tidak Ada,Buruh/Petani,Rp 2.000.000 - Rp 5.000.000,Menunggak 1-2 Bulan,Lengkap,Sedang
Ami Tampubolon,9B,2023/2024,234,Sangat Baik,80.2,Sedang,0,Tidak Ada,Karyawan Swasta,Rp 2.000.000 - Rp 5.000.000,Menunggak 1-2 Bulan,Lengkap,Rendah
Ade Pudjiastuti,7A,2025/2026,207,Baik,94.5,Tinggi,2,Ringan,Karyawan Swasta,< Rp 2.000.000,Menunggak 1-2 Bulan,Lengkap,Sedang
Tirta Haryanto,7B,2024/2025,193,Kurang,82.6,Sedang,1,Ringan,Wiraswasta,< Rp 2.000.000,Lancar,Lengkap,Sedang
Devi Manullang,7B,2023/2024,233,Sangat Baik,71.4,Rendah,0,Tidak Ada,Tidak Bekerja,< Rp 2.000.000,Lancar,Lengkap,Sedang
Puti Yance Zulaika,8C,2024/2025,238,Sangat Baik,75.2,Sedang,0,Tidak Ada,Karyawan Swasta,> Rp 5.000.000,Lancar,Lengkap,Rendah
Radika Marpaung,7B,2025/2026,184,Kurang,78.2,Sedang,0,Tidak Ada,Buruh/Petani,> Rp 5.000.000,Lancar,Piatu,Sedang
Tasdik Saputra,7A,2025/2026,209,Baik,83.1,Sedang,3,Sedang/Berat,Karyawan Swasta,> Rp 5.000.000,Lancar,Lengkap,Sedang
Jessica Wijayanti,9A,2025/2026,207,Baik,72.3,Rendah,0,Tidak Ada,Buruh/Petani,Rp 2.000.000 - Rp 5.000.000,Lancar,Lengkap,Sedang
Gandi Namaga,7C,2023/2024,229,Sangat Baik,93.1,Tinggi,2,Ringan,Karyawan Swasta,> Rp 5.000.000,Lancar,Lengkap,Rendah
Pardi Setiawan,9B,2024/2025,201,Baik,78.2,Sedang,1,Ringan,Wiraswasta,Rp 2.000.000 - Rp 5.000.000,Lancar,Lengkap,Sedang
Sutan Saiful Handayani,8B,2024/2025,232,Sangat Baik,95.6,Tinggi,1,Ringan,Karyawan Swasta,> Rp 5.000.000,Lancar,Piatu,Rendah
Gambira Rahayu,7A,2025/2026,238,Sangat Baik,85.0,Tinggi,0,Tidak Ada,Karyawan Swasta,> Rp 5.000.000,Lancar,Lengkap,Rendah
Zamira Hakim,8B,2023/2024,239,Sangat Baik,78.5,Sedang,0,Tidak Ada,Buruh/Petani,Rp 2.000.000 - Rp 5.000.000,Lancar,Lengkap,Rendah
Kusuma Nurdiyanti,8C,2025/2026,204,Baik,94.8,Tinggi,0,Tidak Ada,Karyawan Swasta,Rp 2.000.000 - Rp 5.000.000,Lancar,Lengkap,Rendah
Siti Jailani,8C,2024/2025,186,Kurang,78.7,Sedang,0,Tidak Ada,Karyawan Swasta,Rp 2.000.000 - Rp 5.000.000,Lancar,Lengkap,Sedang
Maimunah Kusmawati,7A,2023/2024,188,Kurang,97.5,Tinggi,0,Tidak Ada,PNS/TNI/Polri,Rp 2.000.000 - Rp 5.000.000,Menunggak 1-2 Bulan,Lengkap,Sedang
Asmadi Hardiansyah,7B,2024/2025,231,Sangat Baik,95.5,Tinggi,0,Tidak Ada,Karyawan Swasta,Rp 2.000.000 - Rp 5.000.000,Lancar,Lengkap,Rendah
Cengkal Purnawati,7A,2025/2026,200,Baik,76.0,Sedang,0,Tidak Ada,PNS/TNI/Polri,Rp 2.000.000 - Rp 5.000.000,Menunggak 1-2 Bulan,Lengkap,Sedang
Eka Halimah,8B,2023/2024,221,Sangat Baik,78.6,Sedang,2,Ringan,Tidak Bekerja,Rp 2.000.000 - Rp 5.000.000,Lancar,Lengkap,Sedang
Ciaobella Mayasari,7A,2024/2025,223,Sangat Baik,94.8,Tinggi,1,Ringan,Karyawan Swasta,> Rp 5.000.000,Lancar,Lengkap,Rendah
Hasna Napitupulu,8A,2025/2026,237,Sangat Baik,96.0,Tinggi,0,Tidak Ada,Karyawan Swasta,> Rp 5.000.000,Lancar,Lengkap,Rendah
Tiara Pangestu,8B,2024/2025,195,Kurang,65.8,Rendah,0,Tidak Ada,Wiraswasta,< Rp 2.000.000,Menunggak >2 Bulan,Piatu,Tinggi
Darmana Zulaika,7C,2025/2026,220,Sangat Baik,97.6,Tinggi,1,Ringan,PNS/TNI/Polri,> Rp 5.000.000,Lancar,Piatu,Rendah
Jasmin Budiyanto,9C,2025/2026,226,Sangat Baik,80.9,Sedang,1,Ringan,Karyawan Swasta,Rp 2.000.000 - Rp 5.000.000,Lancar,Lengkap,Rendah
Rini Sinaga,8B,2024/2025,226,Sangat Baik,84.0,Sedang,0,Tidak Ada,PNS/TNI/Polri,Rp 2.000.000 - Rp 5.000.000,Lancar,Lengkap,Rendah
Putri Hassanah,9C,2025/2026,185,Kurang,84.4,Sedang,0,Tidak Ada,Karyawan Swasta,< Rp 2.000.000,Lancar,Lengkap,Sedang
Yuliana Winarno,9A,2025/2026,222,Sangat Baik,67.2,Rendah,2,Ringan,Tidak Bekerja,Rp 2.000.000 - Rp 5.000.000,Lancar,Lengkap,Sedang
Adikara Yulianti,8A,2024/2025,216,Baik,68.9,Rendah,0,Tidak Ada,Wiraswasta,> Rp 5.000.000,Lancar,Lengkap,Sedang
Rahayu Kuswandari,9B,2023/2024,181,Kurang,96.1,Tinggi,0,Tidak Ada,Karyawan Swasta,< Rp 2.000.000,Lancar,Lengkap,Sedang
Gasti Zulaika,9C,2024/2025,202,Baik,80.9,Sedang,0,Tidak Ada,PNS/TNI/Polri,Rp 2.000.000 - Rp 5.000.000,Lancar,Lengkap,Rendah
Dalima Hastuti,7C,2025/2026,220,Sangat Baik,93.4,Tinggi,0,Tidak Ada,Wiraswasta,< Rp 2.000.000,Lancar,Lengkap,Rendah
Bagya Usada,7C,2024/2025,195,Kurang,75.4,Sedang,0,Tidak Ada,Wiraswasta,Rp 2.000.000 - Rp 5.000.000,Lancar,Yatim,Sedang
Ajiman Natsir,7B,2024/2025,216,Baik,77.2,Sedang,0,Tidak Ada,Karyawan Swasta,Rp 2.000.000 - Rp 5.000.000,Menunggak >2 Bulan,Lengkap,Sedang
Tina Lazuardi,8A,2024/2025,180,Kurang,67.0,Rendah,0,Tidak Ada,Wiraswasta,< Rp 2.000.000,Menunggak >2 Bulan,Lengkap,Tinggi
Eman Hakim,7B,2024/2025,186,Kurang,94.2,Tinggi,0,Tidak Ada,Karyawan Swasta,Rp 2.000.000 - Rp 5.000.000,Lancar,Lengkap,Sedang
Dina Rajasa,9A,2025/2026,199,Kurang,98.2,Tinggi,0,Tidak Ada,Wiraswasta,< Rp 2.000.000,Lancar,Lengkap,Sedang
Prasetya Kusumo,7A,2023/2024,220,Sangat Baik,71.7,Rendah,0,Tidak Ada,Karyawan Swasta,Rp 2.000.000 - Rp 5.000.000,Lancar,Piatu,Sedang
Dagel Wastuti,9B,2024/2025,231,Sangat Baik,91.4,Tinggi,2,Ringan,Buruh/Petani,Rp 2.000.000 - Rp 5.000.000,Lancar,Lengkap,Rendah
Rahmi Prayoga,7B,2023/2024,238,Sangat Baik,91.4,Tinggi,0,Tidak Ada,Wiraswasta,> Rp 5.000.000,Lancar,Piatu,Rendah
Irsad Wulandari,9A,2023/2024,215,Baik,68.9,Rendah,0,Tidak Ada,Wiraswasta,< Rp 2.000.000,Lancar,Lengkap,Sedang
Hafshah Purwanti,7A,2023/2024,218,Baik,65.4,Rendah,1,Ringan,Wiraswasta,> Rp 5.000.000,Lancar,Lengkap,Sedang
Cengkir Pranowo,9B,2024/2025,211,Baik,94.6,Tinggi,0,Tidak Ada,Karyawan Swasta,Rp 2.000.000 - Rp 5.000.000,Menunggak 1-2 Bulan,Lengkap,Rendah
Harimurti Pradana,7B,2025/2026,217,Baik,85.6,Tinggi,1,Ringan,Karyawan Swasta,Rp 2.000.000 - Rp 5.000.000,Lancar,Lengkap,Rendah
Warsita Uyainah,8B,2024/2025,217,Baik,70.2,Rendah,0,Tidak Ada,Tidak Bekerja,Rp 2.000.000 - Rp 5.000.000,Lancar,Lengkap,Sedang
Gawati Rajata,7B,2025/2026,219,Baik,88.4,Tinggi,1,Ringan,Karyawan Swasta,Rp 2.000.000 - Rp 5.000.000,Lancar,Lengkap,Rendah
Padma Astuti,9C,2023/2024,183,Kurang,85.0,Tinggi,0,Tidak Ada,Wiraswasta,Rp 2.000.000 - Rp 5.000.000,Lancar,Lengkap,Sedang
Syahrini Najmudin,7B,2025/2026,230,Sangat Baik,75.8,Sedang,0,Tidak Ada,PNS/TNI/Polri,Rp 2.000.000 - Rp 5.000.000,Lancar,Lengkap,Rendah
Lintang Thamrin,7A,2024/2025,187,Kurang,66.6,Rendah,0,Tidak Ada,Buruh/Petani,< Rp 2.000.000,Menunggak >2 Bulan,Piatu,Tinggi
Galih Namaga,8A,2023/2024,221,Sangat Baik,72.3,Rendah,0,Tidak Ada,PNS/TNI/Polri,Rp 2.000.000 - Rp 5.000.000,Menunggak 1-2 Bulan,Lengkap,Sedang
Niyaga Wijayanti,8C,2025/2026,227,Sangat Baik,77.4,Sedang,0,Tidak Ada,Karyawan Swasta,Rp 2.000.000 - Rp 5.000.000,Lancar,Lengkap,Rendah
Umi Samosir,8A,2025/2026,205,Baik,88.5,Tinggi,1,Ringan,PNS/TNI/Polri,> Rp 5.000.000,Menunggak 1-2 Bulan,Lengkap,Rendah
Yuliana Mustofa,7A,2024/2025,182,Kurang,88.9,Tinggi,0,Tidak Ada,Buruh/Petani,> Rp 5.000.000,Lancar,Lengkap,Sedang
Nilam Uwais,7C,2023/2024,226,Sangat Baik,79.2,Sedang,0,Tidak Ada,Karyawan Swasta,Rp 2.000.000 - Rp 5.000.000,Lancar,Lengkap,Rendah
Narji Melani,7B,2023/2024,181,Kurang,71.3,Rendah,2,Ringan,Wiraswasta,< Rp 2.000.000,Menunggak 1-2 Bulan,Lengkap,Tinggi
Darsirah Saragih,8B,2023/2024,204,Baik,95.6,Tinggi,0,Tidak Ada,PNS/TNI/Polri,Rp 2.000.000 - Rp 5.000.000,Menunggak 1-2 Bulan,Lengkap,Rendah
Victoria Utami,8B,2024/2025,205,Baik,69.3,Rendah,0,Tidak Ada,Wiraswasta,> Rp 5.000.000,Lancar,Lengkap,Sedang
Himawan Hasanah,9C,2025/2026,210,Baik,93.1,Tinggi,0,Tidak Ada,Karyawan Swasta,Rp 2.000.000 - Rp 5.000.000,Lancar,Lengkap,Rendah
Aurora Pranowo,9C,2025/2026,192,Kurang,75.7,Sedang,0,Tidak Ada,Wiraswasta,< Rp 2.000.000,Menunggak 1-2 Bulan,Yatim,Sedang
Narji Yolanda,8B,2024/2025,229,Sangat Baik,87.0,Tinggi,0,Tidak Ada,Karyawan Swasta,Rp 2.000.000 - Rp 5.000.000,Lancar,Lengkap,Rendah
Rina Safitri,7B,2025/2026,187,Kurang,92.7,Tinggi,0,Tidak Ada,Karyawan Swasta,Rp 2.000.000 - Rp 5.000.000,Menunggak 1-2 Bulan,Lengkap,Sedang
Cinta Prasasta,7B,2024/2025,210,Baik,82.4,Sedang,0,Tidak Ada,PNS/TNI/Polri,Rp 2.000.000 - Rp 5.000.000,Lancar,Lengkap,Rendah
Rendy Budiyanto,7A,2025/2026,185,Kurang,80.0,Sedang,0,Tidak Ada,Karyawan Swasta,Rp 2.000.000 - Rp 5.000.000,Lancar,Piatu,Sedang
Johan Prasetyo,9C,2023/2024,188,Kurang,83.2,Sedang,0,Tidak Ada,Buruh/Petani,< Rp 2.000.000,Lancar,Lengkap,Sedang
Julia Damanik,9A,2023/2024,210,Baik,90.8,Tinggi,0,Tidak Ada,Karyawan Swasta,> Rp 5.000.000,Lancar,Lengkap,Rendah
Jasmin Melani,7C,2023/2024,187,Kurang,83.5,Sedang,0,Tidak Ada,Wiraswasta,Rp 2.000.000 - Rp 5.000.000,Lancar,Lengkap,Sedang
Janet Wijayanti,9B,2025/2026,192,Kurang,82.8,Sedang,0,Tidak Ada,Karyawan Swasta,Rp 2.000.000 - Rp 5.000.000,Menunggak 1-2 Bulan,Lengkap,Sedang
Mursita Gunawan,9B,2024/2025,230,Sangat Baik,86.9,Tinggi,0,Tidak Ada,Wiraswasta,Rp 2.000.000 - Rp 5.000.000,Lancar,Lengkap,Rendah
Yolanda,8B,2025/2026,194,Kurang,94.7,Tinggi,0,Tidak Ada,Tidak Bekerja,< Rp 2.000.000,Menunggak 1-2 Bulan,Piatu,Sedang
Ilyas Namaga,7C,2024/2025,211,Baik,71.6,Rendah,0,Tidak Ada,Karyawan Swasta,Rp 2.000.000 - Rp 5.000.000,Menunggak 1-2 Bulan,Lengkap,Sedang
Lantar Marpaung,8A,2024/2025,182,Kurang,97.3,Tinggi,0,Tidak Ada,Karyawan Swasta,Rp 2.000.000 - Rp 5.000.000,Menunggak 1-2 Bulan,Lengkap,Sedang
Sutan Najam Marbun,8A,2023/2024,185,Kurang,73.2,Rendah,0,Tidak Ada,Buruh/Petani,< Rp 2.000.000,Menunggak 1-2 Bulan,Lengkap,Tinggi
Puti Zamira Marpaung,7C,2023/2024,204,Baik,93.0,Tinggi,0,Tidak Ada,PNS/TNI/Polri,Rp 2.000.000 - Rp 5.000.000,Lancar,Lengkap,Rendah
Gasti Hasanah,9C,2025/2026,235,Sangat Baik,71.4,Rendah,0,Tidak Ada,PNS/TNI/Polri,> Rp 5.000.000,Menunggak 1-2 Bulan,Lengkap,Sedang
Jaya Napitupulu,7C,2023/2024,215,Baik,78.5,Sedang,2,Ringan,Wiraswasta,> Rp 5.000.000,Menunggak 1-2 Bulan,Lengkap,Sedang
Edi Saputra,9C,2024/2025,217,Baik,68.9,Rendah,0,Tidak Ada,Buruh/Petani,Rp 2.000.000 - Rp 5.000.000,Menunggak 1-2 Bulan,Lengkap,Sedang
Danang Hutasoit,7B,2023/2024,214,Baik,93.8,Tinggi,0,Tidak Ada,PNS/TNI/Polri,> Rp 5.000.000,Lancar,Lengkap,Rendah
Unjani Hasanah,8A,2025/2026,227,Sangat Baik,78.9,Sedang,0,Tidak Ada,Karyawan Swasta,Rp 2.000.000 - Rp 5.000.000,Lancar,Lengkap,Rendah
Maras Hardiansyah,7B,2024/2025,182,Kurang,73.3,Rendah,0,Tidak Ada,Karyawan Swasta,< Rp 2.000.000,Menunggak >2 Bulan,Lengkap,Tinggi
Hari Saragih,7C,2024/2025,208,Baik,79.0,Sedang,0,Tidak Ada,PNS/TNI/Polri,Rp 2.000.000 - Rp 5.000.000,Menunggak 1-2 Bulan,Lengkap,Sedang
Mila Agustina,7A,2025/2026,198,Kurang,77.7,Sedang,0,Tidak Ada,PNS/TNI/Polri,< Rp 2.000.000,Lancar,Lengkap,Sedang
Puti Padmi Namaga,8B,2024/2025,223,Sangat Baik,68.1,Rendah,0,Tidak Ada,Karyawan Swasta,Rp 2.000.000 - Rp 5.000.000,Menunggak >2 Bulan,Yatim,Sedang
Enteng Ramadan,9C,2025/2026,218,Baik,77.5,Sedang,0,Tidak Ada,Wiraswasta,< Rp 2.000.000,Menunggak 1-2 Bulan,Lengkap,Sedang
Fitria Mandala,9B,2025/2026,223,Sangat Baik,89.9,Tinggi,0,Tidak Ada,Karyawan Swasta,> Rp 5.000.000,Lancar,Yatim,Rendah
Panca Yolanda,7C,2023/2024,213,Baik,83.5,Sedang,0,Tidak Ada,PNS/TNI/Polri,> Rp 5.000.000,Lancar,Piatu,Rendah
Samiah Oktaviani,9A,2024/2025,185,Kurang,76.3,Sedang,10,Sedang/Berat,Tidak Bekerja,< Rp 2.000.000,Menunggak >2 Bulan,Lengkap,Tinggi
Cahyadi Widodo,8C,2024/2025,224,Sangat Baik,86.4,Tinggi,0,Tidak Ada,PNS/TNI/Polri,> Rp 5.000.000,Menunggak >2 Bulan,Lengkap,Rendah
Siti Situmorang,8A,2025/2026,186,Kurang,83.3,Sedang,10,Sedang/Berat,PNS/TNI/Polri,< Rp 2.000.000,Menunggak >2 Bulan,Lengkap,Tinggi
Kezia Hutapea,8A,2024/2025,232,Sangat Baik,91.6,Tinggi,1,Ringan,PNS/TNI/Polri,Rp 2.000.000 - Rp 5.000.000,Lancar,Lengkap,Rendah
Bagya Mansur,8C,2024/2025,217,Baik,83.4,Sedang,0,Tidak Ada,Karyawan Swasta,Rp 2.000.000 - Rp 5.000.000,Lancar,Lengkap,Rendah
Chandra Puspita,7A,2025/2026,222,Sangat Baik,78.5,Sedang,0,Tidak Ada,Karyawan Swasta,Rp 2.000.000 - Rp 5.000.000,Lancar,Lengkap,Rendah
Gaman Maheswara,8C,2024/2025,217,Baik,74.9,Rendah,3,Sedang/Berat,Wiraswasta,< Rp 2.000.000,Lancar,Lengkap,Tinggi
Sarah Wulandari,7A,2023/2024,219,Baik,87.6,Tinggi,1,Ringan,Karyawan Swasta,> Rp 5.000.000,Menunggak 1-2 Bulan,Lengkap,Rendah
Elon Situmorang,7B,2025/2026,213,Baik,66.6,Rendah,5,Sedang/Berat,Karyawan Swasta,Rp 2.000.000 - Rp 5.000.000,Menunggak >2 Bulan,Lengkap,Tinggi
Kamal Ardianto,7B,2023/2024,183,Kurang,66.7,Rendah,0,Tidak Ada,Buruh/Petani,Rp 2.000.000 - Rp 5.000.000,Menunggak 1-2 Bulan,Lengkap,Tinggi
Lala Pangestu,7B,2023/2024,230,Sangat Baik,77.9,Sedang,0,Tidak Ada,PNS/TNI/Polri,> Rp 5.000.000,Lancar,Lengkap,Rendah
Prima Winarno,8A,2024/2025,215,Baik,87.0,Tinggi,0,Tidak Ada,Wiraswasta,Rp 2.000.000 - Rp 5.000.000,Lancar,Lengkap,Rendah
Ina Simbolon,9A,2023/2024,214,Baik,86.5,Tinggi,0,Tidak Ada,Wiraswasta,> Rp 5.000.000,Lancar,Lengkap,Rendah
Cemplunk Siregar,9A,2023/2024,234,Sangat Baik,68.8,Rendah,0,Tidak Ada,PNS/TNI/Polri,Rp 2.000.000 - Rp 5.000.000,Menunggak 1-2 Bulan,Lengkap,Sedang
Hamima Nainggolan,7A,2023/2024,234,Sangat Baik,91.1,Tinggi,0,Tidak Ada,Karyawan Swasta,> Rp 5.000.000,Lancar,Lengkap,Rendah
Darman Purnawati,9C,2025/2026,237,Sangat Baik,69.2,Rendah,0,Tidak Ada,Karyawan Swasta,< Rp 2.000.000,Menunggak 1-2 Bulan,Lengkap,Sedang
Lulut Fujiati,8B,2023/2024,217,Baik,65.2,Rendah,2,Ringan,Buruh/Petani,Rp 2.000.000 - Rp 5.000.000,Menunggak 1-2 Bulan,Lengkap,Tinggi
Reza Damanik,9A,2023/2024,230,Sangat Baik,75.3,Sedang,3,Sedang/Berat,PNS/TNI/Polri,Rp 2.000.000 - Rp 5.000.000,Menunggak 1-2 Bulan,Lengkap,Sedang
Dalimin Agustina,9B,2024/2025,187,Kurang,81.1,Sedang,0,Tidak Ada,Karyawan Swasta,< Rp 2.000.000,Menunggak 1-2 Bulan,Lengkap,Sedang
Betania Permata,8B,2023/2024,210,Baik,73.0,Rendah,0,Tidak Ada,Wiraswasta,Rp 2.000.000 - Rp 5.000.000,Menunggak 1-2 Bulan,Lengkap,Sedang
Cahyanto Rajata,9A,2025/2026,231,Sangat Baik,74.0,Rendah,2,Ringan,Buruh/Petani,Rp 2.000.000 - Rp 5.000.000,Menunggak 1-2 Bulan,Piatu,Sedang
Dalimin Hidayat,9A,2024/2025,199,Kurang,78.5,Sedang,0,Tidak Ada,PNS/TNI/Polri,Rp 2.000.000 - Rp 5.000.000,Lancar,Lengkap,Sedang
Bella Natsir,9A,2023/2024,180,Kurang,89.1,Tinggi,0,Tidak Ada,Karyawan Swasta,Rp 2.000.000 - Rp 5.000.000,Menunggak >2 Bulan,Lengkap,Sedang
Martana Nugroho,8C,2023/2024,215,Baik,98.2,Tinggi,5,Sedang/Berat,Wiraswasta,Rp 2.000.000 - Rp 5.000.000,Menunggak >2 Bulan,Lengkap,Sedang
Teddy Jailani,9A,2025/2026,203,Baik,87.0,Tinggi,1,Ringan,PNS/TNI/Polri,Rp 2.000.000 - Rp 5.000.000,Lancar,Lengkap,Rendah
Hartaka Purnawati,7B,2024/2025,229,Sangat Baik,71.0,Rendah,2,Ringan,Karyawan Swasta,Rp 2.000.000 - Rp 5.000.000,Lancar,Lengkap,Sedang
Dacin Hidayat,7A,2025/2026,207,Baik,83.6,Sedang,2,Ringan,Karyawan Swasta,Rp 2.000.000 - Rp 5.000.000,Menunggak 1-2 Bulan,Piatu,Sedang
Lega Lailasari,7B,2023/2024,202,Baik,96.7,Tinggi,0,Tidak Ada,PNS/TNI/Polri,> Rp 5.000.000,Lancar,Lengkap,Rendah
Nyoman Pratama,8C,2024/2025,186,Kurang,74.1,Rendah,1,Ringan,Karyawan Swasta,> Rp 5.000.000,Menunggak 1-2 Bulan,Yatim,Tinggi
Jarwi Thamrin,8B,2023/2024,214,Baik,98.2,Tinggi,0,Tidak Ada,Karyawan Swasta,Rp 2.000.000 - Rp 5.000.000,Lancar,Lengkap,Rendah
Aurora Palastri,7C,2023/2024,238,Sangat Baik,75.0,Sedang,0,Tidak Ada,PNS/TNI/Polri,Rp 2.000.000 - Rp 5.000.000,Lancar,Lengkap,Rendah
Respati Gunawan,9A,2025/2026,211,Baik,73.8,Rendah,0,Tidak Ada,Wiraswasta,< Rp 2.000.000,Lancar,Piatu,Sedang
Heryanto Rahimah,9A,2024/2025,228,Sangat Baik,67.4,Rendah,0,Tidak Ada,Buruh/Petani,Rp 2.000.000 - Rp 5.000.000,Menunggak 1-2 Bulan,Lengkap,Sedang
Emin Purnawati,7A,2024/2025,197,Kurang,90.9,Tinggi,0,Tidak Ada,Wiraswasta,Rp 2.000.000 - Rp 5.000.000,Lancar,Lengkap,Sedang
Puti Wani Pradana,8B,2024/2025,239,Sangat Baik,94.3,Tinggi,2,Ringan,Wiraswasta,> Rp 5.000.000,Lancar,Lengkap,Rendah
Hesti Prayoga,7A,2024/2025,194,Kurang,74.6,Rendah,1,Ringan,Buruh/Petani,Rp 2.000.000 - Rp 5.000.000,Menunggak >2 Bulan,Yatim,Tinggi
Cakrawangsa Damanik,8C,2025/2026,207,Baik,78.9,Sedang,2,Ringan,Karyawan Swasta,Rp 2.000.000 - Rp 5.000.000,Lancar,Piatu,Sedang
Gamani Maheswara,8B,2024/2025,193,Kurang,69.0,Rendah,0,Tidak Ada,Wiraswasta,Rp 2.000.000 - Rp 5.000.000,Menunggak 1-2 Bulan,Lengkap,Tinggi
Harsana Yuliarti,9A,2023/2024,228,Sangat Baik,72.7,Rendah,0,Tidak Ada,Wiraswasta,> Rp 5.000.000,Menunggak >2 Bulan,Yatim,Sedang
Kani Samosir,8C,2025/2026,236,Sangat Baik,83.6,Sedang,0,Tidak Ada,Wiraswasta,Rp 2.000.000 - Rp 5.000.000,Lancar,Lengkap,Rendah
Queen Ramadan,9C,2025/2026,213,Baik,86.5,Tinggi,0,Tidak Ada,Karyawan Swasta,> Rp 5.000.000,Lancar,Lengkap,Rendah
Cakrabuana Saefullah,9C,2025/2026,225,Sangat Baik,83.0,Sedang,0,Tidak Ada,Karyawan Swasta,> Rp 5.000.000,Lancar,Lengkap,Rendah
Sari Napitupulu,9C,2024/2025,210,Baik,77.3,Sedang,2,Ringan,Wiraswasta,Rp 2.000.000 - Rp 5.000.000,Menunggak 1-2 Bulan,Lengkap,Sedang
Jaya Riyanti,8B,2024/2025,208,Baik,77.9,Sedang,0,Tidak Ada,Buruh/Petani,Rp 2.000.000 - Rp 5.000.000,Menunggak 1-2 Bulan,Lengkap,Sedang
Wahyu Sihombing,7C,2024/2025,183,Kurang,81.4,Sedang,10,Sedang/Berat,Wiraswasta,Rp 2.000.000 - Rp 5.000.000,Menunggak >2 Bulan,Lengkap,Tinggi
Nilam Saptono,8C,2025/2026,219,Baik,96.0,Tinggi,0,Tidak Ada,Wiraswasta,Rp 2.000.000 - Rp 5.000.000,Menunggak 1-2 Bulan,Lengkap,Rendah
Endah Prasetyo,9B,2023/2024,204,Baik,66.2,Rendah,0,Tidak Ada,Karyawan Swasta,< Rp 2.000.000,Lancar,Lengkap,Sedang
Budi Nababan,7A,2025/2026,183,Kurang,70.3,Rendah,1,Ringan,Karyawan Swasta,< Rp 2.000.000,Menunggak >2 Bulan,Lengkap,Tinggi
Baktiono Sirait,8B,2024/2025,223,Sangat Baik,69.3,Rendah,2,Ringan,Karyawan Swasta,> Rp 5.000.000,Menunggak 1-2 Bulan,Lengkap,Sedang
Najib Susanti,7B,2025/2026,182,Kurang,73.7,Rendah,0,Tidak Ada,Karyawan Swasta,< Rp 2.000.000,Menunggak >2 Bulan,Lengkap,Tinggi
Rini Anggriawan,9B,2023/2024,232,Sangat Baik,77.8,Sedang,1,Ringan,Wiraswasta,Rp 2.000.000 - Rp 5.000.000,Lancar,Lengkap,Rendah
Wirda Hutagalung,7A,2025/2026,226,Sangat Baik,67.2,Rendah,0,Tidak Ada,Karyawan Swasta,Rp 2.000.000 - Rp 5.000.000,Lancar,Lengkap,Sedang
Intan Safitri,7C,2023/2024,237,Sangat Baik,92.8,Tinggi,5,Sedang/Berat,Tidak Bekerja,Rp 2.000.000 - Rp 5.000.000,Menunggak 1-2 Bulan,Lengkap,Sedang
Tiara Rajasa,8A,2023/2024,217,Baik,82.2,Sedang,0,Tidak Ada,Karyawan Swasta,> Rp 5.000.000,Lancar,Lengkap,Rendah
Sakura Nainggolan,7B,2025/2026,188,Kurang,89.4,Tinggi,2,Ringan,Karyawan Swasta,< Rp 2.000.000,Lancar,Yatim,Sedang
Balangga Iswahyudi,7B,2025/2026,200,Baik,97.7,Tinggi,0,Tidak Ada,PNS/TNI/Polri,Rp 2.000.000 - Rp 5.000.000,Lancar,Lengkap,Rendah
Nardi Farida,8A,2024/2025,209,Baik,97.0,Tinggi,1,Ringan,PNS/TNI/Polri,> Rp 5.000.000,Lancar,Lengkap,Rendah
Rama Hutapea,7B,2024/2025,204,Baik,94.9,Tinggi,1,Ringan,Wiraswasta,Rp 2.000.000 - Rp 5.000.000,Lancar,Lengkap,Rendah
Ilyas Rahimah,9C,2023/2024,193,Kurang,83.8,Sedang,1,Ringan,Karyawan Swasta,Rp 2.000.000 - Rp 5.000.000,Lancar,Lengkap,Sedang
Kenzie Salahudin,9A,2023/2024,222,Sangat Baik,75.0,Sedang,0,Tidak Ada,Karyawan Swasta,> Rp 5.000.000,Lancar,Lengkap,Rendah
Teguh Kurniawan,7A,2024/2025,206,Baik,79.0,Sedang,0,Tidak Ada,Karyawan Swasta,< Rp 2.000.000,Menunggak 1-2 Bulan,Lengkap,Sedang
Marsito Damanik,8A,2025/2026,228,Sangat Baik,69.1,Rendah,0,Tidak Ada,Karyawan Swasta,> Rp 5.000.000,Menunggak 1-2 Bulan,Lengkap,Sedang
Saadat Siregar,9A,2024/2025,240,Sangat Baik,67.8,Rendah,1,Ringan,Karyawan Swasta,Rp 2.000.000 - Rp 5.000.000,Lancar,Lengkap,Sedang
Galar Natsir,9A,2024/2025,219,Baik,94.9,Tinggi,0,Tidak Ada,Karyawan Swasta,> Rp 5.000.000,Menunggak 1-2 Bulan,Lengkap,Rendah
Gabriella Lestari,8A,2025/2026,199,Kurang,66.6,Rendah,0,Tidak Ada,Buruh/Petani,< Rp 2.000.000,Menunggak 1-2 Bulan,Lengkap,Tinggi
Hari Gunawan,9B,2023/2024,228,Sangat Baik,81.2,Sedang,0,Tidak Ada,PNS/TNI/Polri,> Rp 5.000.000,Lancar,Lengkap,Rendah
Jarwadi Rahimah,9C,2023/2024,195,Kurang,84.7,Sedang,0,Tidak Ada,Wiraswasta,Rp 2.000.000 - Rp 5.000.000,Lancar,Lengkap,Sedang
Jamil Budiman,8C,2023/2024,196,Kurang,76.2,Sedang,1,Ringan,Wiraswasta,Rp 2.000.000 - Rp 5.000.000,Menunggak 1-2 Bulan,Lengkap,Sedang
Azalea Zulaika,9C,2025/2026,186,Kurang,94.1,Tinggi,1,Ringan,Karyawan Swasta,> Rp 5.000.000,Menunggak 1-2 Bulan,Lengkap,Sedang
Irma Habibi,7B,2025/2026,216,Baik,75.4,Sedang,0,Tidak Ada,PNS/TNI/Polri,> Rp 5.000.000,Menunggak 1-2 Bulan,Lengkap,Sedang
Ella Kusumo,9A,2024/2025,210,Baik,67.8,Rendah,0,Tidak Ada,PNS/TNI/Polri,> Rp 5.000.000,Lancar,Lengkap,Sedang
Edi Haryanti,9B,2025/2026,202,Baik,68.9,Rendah,0,Tidak Ada,Wiraswasta,Rp 2.000.000 - Rp 5.000.000,Menunggak 1-2 Bulan,Yatim,Sedang
Umar Gunarto,8B,2024/2025,210,Baik,83.6,Sedang,1,Ringan,PNS/TNI/Polri,Rp 2.000.000 - Rp 5.000.000,Lancar,Lengkap,Rendah
Respati Rahimah,7A,2024/2025,198,Kurang,90.1,Tinggi,0,Tidak Ada,Wiraswasta,Rp 2.000.000 - Rp 5.000.000,Lancar,Lengkap,Sedang
Cornelia Oktaviani,7A,2023/2024,217,Baik,96.5,Tinggi,5,Sedang/Berat,Karyawan Swasta,< Rp 2.000.000,Lancar,Piatu,Sedang
Himawan Firgantoro,7C,2024/2025,198,Kurang,79.8,Sedang,0,Tidak Ada,Karyawan Swasta,Rp 2.000.000 - Rp 5.000.000,Lancar,Yatim,Sedang
Azalea Yuniar,7C,2023/2024,236,Sangat Baik,79.0,Sedang,0,Tidak Ada,PNS/TNI/Polri,Rp 2.000.000 - Rp 5.000.000,Lancar,Lengkap,Rendah
Hani Widiastuti,8A,2025/2026,185,Kurang,76.3,Sedang,0,Tidak Ada,Wiraswasta,Rp 2.000.000 - Rp 5.000.000,Lancar,Lengkap,Sedang
Kani Jailani,7C,2023/2024,231,Sangat Baik,67.8,Rendah,0,Tidak Ada,Karyawan Swasta,> Rp 5.000.000,Lancar,Lengkap,Sedang
Oni Wacana,7B,2023/2024,185,Kurang,66.3,Rendah,0,Tidak Ada,Tidak Bekerja,> Rp 5.000.000,Lancar,Piatu,Tinggi
Ana Susanti,9B,2025/2026,187,Kurang,75.5,Sedang,0,Tidak Ada,Wiraswasta,< Rp 2.000.000,Menunggak 1-2 Bulan,Lengkap,Sedang
Kasiyah Andriani,9B,2023/2024,184,Kurang,98.3,Tinggi,1,Ringan,Tidak Bekerja,< Rp 2.000.000,Lancar,Lengkap,Sedang
Eli Namaga,7B,2024/2025,216,Baik,79.2,Sedang,0,Tidak Ada,Wiraswasta,< Rp 2.000.000,Menunggak >2 Bulan,Lengkap,Sedang
Hana Saefullah,7C,2025/2026,193,Kurang,86.4,Tinggi,0,Tidak Ada,PNS/TNI/Polri,Rp 2.000.000 - Rp 5.000.000,Menunggak >2 Bulan,Yatim,Sedang
Calista Habibi,8A,2025/2026,231,Sangat Baik,69.5,Rendah,0,Tidak Ada,PNS/TNI/Polri,Rp 2.000.000 - Rp 5.000.000,Lancar,Lengkap,Sedang
Juli Siregar,7C,2023/2024,208,Baik,66.2,Rendah,0,Tidak Ada,Wiraswasta,Rp 2.000.000 - Rp 5.000.000,Menunggak 1-2 Bulan,Lengkap,Sedang
Radika Astuti,7A,2025/2026,229,Sangat Baik,86.5,Tinggi,0,Tidak Ada,Karyawan Swasta,Rp 2.000.000 - Rp 5.000.000,Lancar,Lengkap,Rendah
Oman Zulkarnain,7B,2025/2026,231,Sangat Baik,68.4,Rendah,0,Tidak Ada,Tidak Bekerja,Rp 2.000.000 - Rp 5.000.000,Lancar,Lengkap,Sedang
Omar Utama,9B,2024/2025,224,Sangat Baik,73.1,Rendah,0,Tidak Ada,Buruh/Petani,> Rp 5.000.000,Menunggak >2 Bulan,Lengkap,Sedang
Nrima Simbolon,9C,2023/2024,228,Sangat Baik,77.3,Sedang,0,Tidak Ada,Wiraswasta,Rp 2.000.000 - Rp 5.000.000,Lancar,Lengkap,Rendah
Harto Samosir,8C,2025/2026,204,Baik,83.2,Sedang,0,Tidak Ada,Karyawan Swasta,> Rp 5.000.000,Lancar,Lengkap,Rendah
Rama Pangestu,7C,2024/2025,211,Baik,80.4,Sedang,0,Tidak Ada,PNS/TNI/Polri,> Rp 5.000.000,Lancar,Lengkap,Rendah
Wasis Mayasari,9A,2025/2026,205,Baik,82.1,Sedang,1,Ringan,Karyawan Swasta,Rp 2.000.000 - Rp 5.000.000,Lancar,Lengkap,Rendah
Hadi Utami,7C,2023/2024,181,Kurang,66.1,Rendah,0,Tidak Ada,Karyawan Swasta,Rp 2.000.000 - Rp 5.000.000,Menunggak >2 Bulan,Piatu,Tinggi
Febi Wahyudin,7B,2025/2026,191,Kurang,91.3,Tinggi,2,Ringan,Wiraswasta,< Rp 2.000.000,Lancar,Lengkap,Sedang
Salwa Uyainah,8C,2024/2025,205,Baik,83.6,Sedang,0,Tidak Ada,Wiraswasta,Rp 2.000.000 - Rp 5.000.000,Lancar,Yatim,Rendah
Cahyo Tampubolon,7C,2025/2026,182,Kurang,67.5,Rendah,0,Tidak Ada,Buruh/Petani,> Rp 5.000.000,Menunggak >2 Bulan,Piatu,Tinggi
Banawa Wahyudin,8C,2023/2024,212,Baik,81.6,Sedang,0,Tidak Ada,Karyawan Swasta,Rp 2.000.000 - Rp 5.000.000,Lancar,Lengkap,Rendah
Nadia Mayasari,9C,2023/2024,193,Kurang,89.7,Tinggi,1,Ringan,Karyawan Swasta,Rp 2.000.000 - Rp 5.000.000,Lancar,Lengkap,Sedang
Mursinin Rahmawati,8A,2025/2026,225,Sangat Baik,84.5,Sedang,0,Tidak Ada,Wiraswasta,Rp 2.000.000 - Rp 5.000.000,Lancar,Lengkap,Rendah
Abyasa Prakasa,7B,2025/2026,183,Kurang,87.4,Tinggi,5,Sedang/Berat,Tidak Bekerja,< Rp 2.000.000,Menunggak 1-2 Bulan,Lengkap,Tinggi
Raisa Sihotang,7B,2024/2025,195,Kurang,75.3,Sedang,1,Ringan,PNS/TNI/Polri,Rp 2.000.000 - Rp 5.000.000,Lancar,Lengkap,Sedang
Langgeng Permata,8C,2025/2026,188,Kurang,78.1,Sedang,1,Ringan,Karyawan Swasta,> Rp 5.000.000,Lancar,Lengkap,Sedang
Salwa Haryanti,8A,2025/2026,195,Kurang,81.2,Sedang,3,Sedang/Berat,Karyawan Swasta,Rp 2.000.000 - Rp 5.000.000,Lancar,Lengkap,Sedang
Bahuwarna Prasasta,8A,2025/2026,204,Baik,88.2,Tinggi,2,Ringan,Karyawan Swasta,Rp 2.000.000 - Rp 5.000.000,Lancar,Lengkap,Sedang
Fitriani Ardianto,8A,2024/2025,217,Baik,91.4,Tinggi,0,Tidak Ada,Wiraswasta,< Rp 2.000.000,Lancar,Lengkap,Rendah
Jane Prakasa,8B,2023/2024,231,Sangat Baik,71.3,Rendah,1,Ringan,Karyawan Swasta,Rp 2.000.000 - Rp 5.000.000,Lancar,Lengkap,Sedang
Lasmono Yulianti,7A,2024/2025,180,Kurang,74.5,Rendah,0,Tidak Ada,Karyawan Swasta,< Rp 2.000.000,Lancar,Yatim Piatu,Tinggi
Balangga Hassanah,7C,2023/2024,218,Baik,75.0,Sedang,0,Tidak Ada,Tidak Bekerja,Rp 2.000.000 - Rp 5.000.000,Menunggak >2 Bulan,Lengkap,Sedang
Yusuf Megantara,9A,2024/2025,194,Kurang,79.8,Sedang,1,Ringan,Wiraswasta,Rp 2.000.000 - Rp 5.000.000,Menunggak >2 Bulan,Lengkap,Sedang
Puti Tampubolon,7C,2023/2024,201,Baik,85.9,Tinggi,0,Tidak Ada,PNS/TNI/Polri,Rp 2.000.000 - Rp 5.000.000,Lancar,Lengkap,Rendah
Maimunah Maulana,9C,2025/2026,212,Baik,67.8,Rendah,0,Tidak Ada,Wiraswasta,Rp 2.000.000 - Rp 5.000.000,Lancar,Lengkap,Sedang
Ibun Rahayu,8B,2024/2025,213,Baik,76.4,Sedang,0,Tidak Ada,Karyawan Swasta,Rp 2.000.000 - Rp 5.000.000,Lancar,Lengkap,Sedang
Viktor Napitupulu,8C,2023/2024,212,Baik,67.2,Rendah,0,Tidak Ada,PNS/TNI/Polri,Rp 2.000.000 - Rp 5.000.000,Menunggak >2 Bulan,Lengkap,Sedang
Artawan Santoso,9C,2023/2024,208,Baik,94.9,Tinggi,0,Tidak Ada,Karyawan Swasta,Rp 2.000.000 - Rp 5.000.000,Lancar,Lengkap,Rendah
Victoria Hutagalung,7C,2025/2026,185,Kurang,79.2,Sedang,0,Tidak Ada,Karyawan Swasta,Rp 2.000.000 - Rp 5.000.000,Lancar,Piatu,Sedang
Ulya Lailasari,9A,2024/2025,233,Sangat Baik,87.5,Tinggi,0,Tidak Ada,Karyawan Swasta,Rp 2.000.000 - Rp 5.000.000,Lancar,Lengkap,Rendah
Safina Ramadan,8B,2023/2024,183,Kurang,86.9,Tinggi,2,Ringan,PNS/TNI/Polri,Rp 2.000.000 - Rp 5.000.000,Menunggak 1-2 Bulan,Yatim,Sedang
Danu Ramadan,9C,2024/2025,224,Sangat Baik,83.9,Sedang,1,Ringan,PNS/TNI/Polri,Rp 2.000.000 - Rp 5.000.000,Lancar,Lengkap,Rendah
Wakiman Sihombing,8B,2023/2024,208,Baik,71.3,Rendah,0,Tidak Ada,Karyawan Swasta,Rp 2.000.000 - Rp 5.000.000,Menunggak >2 Bulan,Lengkap,Sedang
Ajimat Budiyanto,8C,2024/2025,193,Kurang,71.9,Rendah,0,Tidak Ada,Karyawan Swasta,Rp 2.000.000 - Rp 5.000.000,Lancar,Lengkap,Tinggi
Atmaja Simbolon,7A,2024/2025,239,Sangat Baik,83.6,Sedang,0,Tidak Ada,Karyawan Swasta,> Rp 5.000.000,Lancar,Lengkap,Rendah
Ade Yuliarti,8C,2024/2025,240,Sangat Baik,92.0,Tinggi,1,Ringan,Karyawan Swasta,Rp 2.000.000 - Rp 5.000.000,Lancar,Lengkap,Rendah
Taufik Situmorang,7C,2024/2025,225,Sangat Baik,89.4,Tinggi,0,Tidak Ada,Wiraswasta,> Rp 5.000.000,Lancar,Lengkap,Rendah
Indah Haryanti,7C,2025/2026,185,Kurang,86.2,Tinggi,0,Tidak Ada,Wiraswasta,Rp 2.000.000 - Rp 5.000.000,Menunggak 1-2 Bulan,Lengkap,Sedang
Jayeng Firgantoro,9C,2025/2026,203,Baik,94.0,Tinggi,0,Tidak Ada,PNS/TNI/Polri,Rp 2.000.000 - Rp 5.000.000,Lancar,Lengkap,Rendah
Ega Prasasta,9B,2024/2025,215,Baik,91.0,Tinggi,0,Tidak Ada,Wiraswasta,Rp 2.000.000 - Rp 5.000.000,Menunggak 1-2 Bulan,Lengkap,Rendah
Maria Prastuti,9C,2024/2025,232,Sangat Baik,78.9,Sedang,0,Tidak Ada,Buruh/Petani,Rp 2.000.000 - Rp 5.000.000,Lancar,Lengkap,Rendah
Pangeran Januar,7A,2024/2025,238,Sangat Baik,68.4,Rendah,0,Tidak Ada,Karyawan Swasta,< Rp 2.000.000,Lancar,Lengkap,Sedang
Mahmud Santoso,9C,2025/2026,240,Sangat Baik,85.4,Tinggi,0,Tidak Ada,Wiraswasta,Rp 2.000.000 - Rp 5.000.000,Lancar,Lengkap,Rendah
Ratna Sinaga,9B,2024/2025,220,Sangat Baik,72.1,Rendah,0,Tidak Ada,Wiraswasta,Rp 2.000.000 - Rp 5.000.000,Lancar,Lengkap,Sedang
Arta Mangunsong,7A,2024/2025,197,Kurang,65.8,Rendah,1,Ringan,Buruh/Petani,< Rp 2.000.000,Menunggak >2 Bulan,Lengkap,Tinggi
Caraka Hariyah,9C,2025/2026,212,Baik,87.9,Tinggi,0,Tidak Ada,Karyawan Swasta,> Rp 5.000.000,Lancar,Lengkap,Rendah
Ella Dongoran,9C,2023/2024,182,Kurang,74.7,Rendah,0,Tidak Ada,Buruh/Petani,Rp 2.000.000 - Rp 5.000.000,Menunggak >2 Bulan,Piatu,Tinggi
Gandi Prasetya,8B,2023/2024,215,Baik,67.6,Rendah,0,Tidak Ada,Buruh/Petani,< Rp 2.000.000,Lancar,Lengkap,Sedang
Dalima Suryono,7B,2023/2024,188,Kurang,75.8,Sedang,10,Sedang/Berat,Buruh/Petani,< Rp 2.000.000,Menunggak >2 Bulan,Lengkap,Tinggi
Ade Suartini,8C,2023/2024,181,Kurang,68.2,Rendah,0,Tidak Ada,Wiraswasta,< Rp 2.000.000,Menunggak 1-2 Bulan,Lengkap,Tinggi
Prayogo Gunarto,8C,2025/2026,232,Sangat Baik,87.9,Tinggi,0,Tidak Ada,Karyawan Swasta,> Rp 5.000.000,Lancar,Lengkap,Rendah
Karen Usamah,7C,2025/2026,191,Kurang,78.6,Sedang,2,Ringan,Karyawan Swasta,Rp 2.000.000 - Rp 5.000.000,Menunggak 1-2 Bulan,Piatu,Tinggi
Ghaliyati Padmasari,7B,2024/2025,240,Sangat Baik,74.3,Rendah,1,Ringan,Wiraswasta,> Rp 5.000.000,Lancar,Lengkap,Sedang
Gading Adriansyah,9A,2023/2024,240,Sangat Baik,77.3,Sedang,1,Ringan,Karyawan Swasta,> Rp 5.000.000,Lancar,Lengkap,Rendah
Paris Handayani,9C,2024/2025,234,Sangat Baik,68.5,Rendah,0,Tidak Ada,Wiraswasta,Rp 2.000.000 - Rp 5.000.000,Lancar,Lengkap,Sedang
Cemplunk Prabowo,7A,2024/2025,217,Baik,97.4,Tinggi,0,Tidak Ada,Wiraswasta,> Rp 5.000.000,Lancar,Lengkap,Rendah
Puti Keisha Sihombing,7C,2024/2025,205,Baik,80.7,Sedang,0,Tidak Ada,Karyawan Swasta,> Rp 5.000.000,Lancar,Lengkap,Rendah
Kacung Widiastuti,8A,2024/2025,192,Kurang,68.0,Rendah,5,Sedang/Berat,Karyawan Swasta,< Rp 2.000.000,Menunggak >2 Bulan,Piatu,Tinggi
Wirda Hastuti,8A,2025/2026,229,Sangat Baik,97.3,Tinggi,0,Tidak Ada,Wiraswasta,Rp 2.000.000 - Rp 5.000.000,Lancar,Lengkap,Rendah
Warji Januar,9B,2023/2024,181,Kurang,84.8,Sedang,2,Ringan,Wiraswasta,Rp 2.000.000 - Rp 5.000.000,Lancar,Lengkap,Sedang
Humaira Wijaya,8C,2025/2026,192,Kurang,78.1,Sedang,1,Ringan,Karyawan Swasta,Rp 2.000.000 - Rp 5.000.000,Lancar,Lengkap,Sedang
Dinda Rahayu,8A,2025/2026,203,Baik,75.7,Sedang,0,Tidak Ada,Karyawan Swasta,Rp 2.000.000 - Rp 5.000.000,Menunggak 1-2 Bulan,Lengkap,Sedang
Indah Laksmiwati,8A,2024/2025,211,Baik,92.4,Tinggi,0,Tidak Ada,Buruh/Petani,> Rp 5.000.000,Lancar,Lengkap,Rendah
Cici Novitasari,7C,2023/2024,239,Sangat Baik,92.7,Tinggi,0,Tidak Ada,Karyawan Swasta,Rp 2.000.000 - Rp 5.000.000,Lancar,Lengkap,Rendah
Salimah Dabukke,9C,2025/2026,211,Baik,76.1,Sedang,0,Tidak Ada,Karyawan Swasta,> Rp 5.000.000,Lancar,Lengkap,Sedang
Tantri Pangestu,7A,2023/2024,233,Sangat Baik,72.7,Rendah,2,Ringan,PNS/TNI/Polri,Rp 2.000.000 - Rp 5.000.000,Lancar,Lengkap,Sedang
Halima Prasetyo,9A,2024/2025,193,Kurang,81.3,Sedang,0,Tidak Ada,Wiraswasta,< Rp 2.000.000,Lancar,Lengkap,Sedang
Unjani Aryani,8A,2024/2025,205,Baik,82.3,Sedang,0,Tidak Ada,PNS/TNI/Polri,> Rp 5.000.000,Lancar,Lengkap,Rendah
Jasmani Gunarto,8C,2024/2025,191,Kurang,71.8,Rendah,0,Tidak Ada,Karyawan Swasta,< Rp 2.000.000,Menunggak >2 Bulan,Yatim,Tinggi
Martana Prasetya,7A,2023/2024,238,Sangat Baik,72.8,Rendah,2,Ringan,PNS/TNI/Polri,Rp 2.000.000 - Rp 5.000.000,Lancar,Piatu,Sedang
Gamani Habibi,8A,2025/2026,208,Baik,89.5,Tinggi,0,Tidak Ada,Buruh/Petani,Rp 2.000.000 - Rp 5.000.000,Lancar,Lengkap,Rendah
Sutan Maman Prasetya,9A,2025/2026,183,Kurang,96.3,Tinggi,0,Tidak Ada,PNS/TNI/Polri,Rp 2.000.000 - Rp 5.000.000,Lancar,Lengkap,Sedang
Hana Dabukke,9B,2025/2026,222,Sangat Baik,88.1,Tinggi,0,Tidak Ada,Karyawan Swasta,Rp 2.000.000 - Rp 5.000.000,Lancar,Lengkap,Rendah
Syahrini Purwanti,7B,2024/2025,220,Sangat Baik,82.4,Sedang,0,Tidak Ada,Karyawan Swasta,Rp 2.000.000 - Rp 5.000.000,Menunggak 1-2 Bulan,Lengkap,Rendah
Safina Saragih,7B,2025/2026,211,Baik,77.2,Sedang,0,Tidak Ada,PNS/TNI/Polri,Rp 2.000.000 - Rp 5.000.000,Menunggak 1-2 Bulan,Yatim,Sedang
Hasna Narpati,9B,2025/2026,231,Sangat Baik,80.0,Sedang,0,Tidak Ada,Karyawan Swasta,Rp 2.000.000 - Rp 5.000.000,Lancar,Lengkap,Rendah
Amalia Siregar,8B,2025/2026,219,Baik,94.3,Tinggi,1,Ringan,Karyawan Swasta,> Rp 5.000.000,Lancar,Lengkap,Rendah
Kanda Palastri,9A,2025/2026,181,Kurang,67.5,Rendah,0,Tidak Ada,Karyawan Swasta,< Rp 2.000.000,Menunggak >2 Bulan,Yatim Piatu,Tinggi
Manah Halim,9B,2023/2024,196,Kurang,71.1,Rendah,2,Ringan,Wiraswasta,< Rp 2.000.000,Menunggak 1-2 Bulan,Piatu,Tinggi
Danang Gunawan,7B,2023/2024,219,Baik,75.4,Sedang,0,Tidak Ada,Wiraswasta,> Rp 5.000.000,Lancar,Lengkap,Sedang
Luis Salahudin,8B,2023/2024,239,Sangat Baik,90.3,Tinggi,0,Tidak Ada,Wiraswasta,Rp 2.000.000 - Rp 5.000.000,Lancar,Yatim,Rendah
Nadia Novitasari,9B,2025/2026,194,Kurang,69.7,Rendah,0,Tidak Ada,PNS/TNI/Polri,< Rp 2.000.000,Menunggak >2 Bulan,Lengkap,Tinggi
Cindy Wijayanti,7C,2023/2024,211,Baik,70.8,Rendah,0,Tidak Ada,Karyawan Swasta,Rp 2.000.000 - Rp 5.000.000,Menunggak >2 Bulan,Lengkap,Sedang
Safina Melani,7C,2023/2024,189,Kurang,96.1,Tinggi,0,Tidak Ada,Tidak Bekerja,Rp 2.000.000 - Rp 5.000.000,Lancar,Lengkap,Sedang
Alambana Yuniar,7A,2025/2026,226,Sangat Baik,89.9,Tinggi,0,Tidak Ada,PNS/TNI/Polri,> Rp 5.000.000,Lancar,Lengkap,Rendah
Naradi Maulana,9C,2024/2025,228,Sangat Baik,94.5,Tinggi,0,Tidak Ada,Wiraswasta,> Rp 5.000.000,Menunggak 1-2 Bulan,Lengkap,Rendah
Jaka Uwais,7A,2025/2026,228,Sangat Baik,72.5,Rendah,0,Tidak Ada,Wiraswasta,Rp 2.000.000 - Rp 5.000.000,Lancar,Lengkap,Sedang
Bella Pranowo,8A,2024/2025,194,Kurang,95.6,Tinggi,1,Ringan,Karyawan Swasta,< Rp 2.000.000,Menunggak 1-2 Bulan,Lengkap,Sedang
Jumari Narpati,8A,2023/2024,193,Kurang,74.8,Rendah,0,Tidak Ada,Buruh/Petani,> Rp 5.000.000,Menunggak 1-2 Bulan,Lengkap,Tinggi
Vino Sihombing,8A,2025/2026,194,Kurang,65.2,Rendah,0,Tidak Ada,Buruh/Petani,> Rp 5.000.000,Menunggak 1-2 Bulan,Piatu,Tinggi
Ida Anggriawan,9A,2024/2025,195,Kurang,89.5,Tinggi,1,Ringan,Karyawan Swasta,Rp 2.000.000 - Rp 5.000.000,Lancar,Lengkap,Sedang
Salwa Palastri,9C,2025/2026,203,Baik,83.3,Sedang,1,Ringan,PNS/TNI/Polri,> Rp 5.000.000,Menunggak 1-2 Bulan,Lengkap,Rendah
Sutan Adikara Thamrin,9B,2024/2025,196,Kurang,80.7,Sedang,0,Tidak Ada,PNS/TNI/Polri,Rp 2.000.000 - Rp 5.000.000,Lancar,Lengkap,Sedang
Anastasia Padmasari,7A,2023/2024,212,Baik,88.8,Tinggi,1,Ringan,Karyawan Swasta,> Rp 5.000.000,Lancar,Lengkap,Rendah
Diana Wahyuni,7A,2024/2025,230,Sangat Baik,91.3,Tinggi,2,Ringan,Buruh/Petani,Rp 2.000.000 - Rp 5.000.000,Lancar,Lengkap,Rendah
Zulaikha Budiyanto,7C,2023/2024,201,Baik,98.2,Tinggi,0,Tidak Ada,Karyawan Swasta,Rp 2.000.000 - Rp 5.000.000,Lancar,Lengkap,Rendah
Mahmud Mansur,9B,2024/2025,224,Sangat Baik,85.7,Tinggi,0,Tidak Ada,Karyawan Swasta,> Rp 5.000.000,Lancar,Lengkap,Rendah
Rina Sihombing,9B,2023/2024,227,Sangat Baik,69.9,Rendah,0,Tidak Ada,Wiraswasta,Rp 2.000.000 - Rp 5.000.000,Lancar,Piatu,Sedang
Zamira Budiman,7C,2024/2025,232,Sangat Baik,78.4,Sedang,0,Tidak Ada,PNS/TNI/Polri,Rp 2.000.000 - Rp 5.000.000,Lancar,Lengkap,Rendah
Rendy Prayoga,9C,2024/2025,199,Kurang,67.0,Rendah,0,Tidak Ada,Karyawan Swasta,< Rp 2.000.000,Menunggak 1-2 Bulan,Lengkap,Tinggi
Michelle Hariyah,8A,2023/2024,207,Baik,73.4,Rendah,0,Tidak Ada,Buruh/Petani,Rp 2.000.000 - Rp 5.000.000,Menunggak >2 Bulan,Lengkap,Sedang
Slamet Nuraini,9A,2024/2025,188,Kurang,85.7,Tinggi,0,Tidak Ada,PNS/TNI/Polri,Rp 2.000.000 - Rp 5.000.000,Menunggak 1-2 Bulan,Lengkap,Sedang
Maimunah Waskita,8B,2023/2024,211,Baik,97.4,Tinggi,0,Tidak Ada,PNS/TNI/Polri,> Rp 5.000.000,Lancar,Lengkap,Rendah
Panji Uwais,7C,2024/2025,187,Kurang,71.0,Rendah,2,Ringan,Karyawan Swasta,< Rp 2.000.000,Menunggak >2 Bulan,Lengkap,Tinggi
Irma Salahudin,7A,2024/2025,190,Kurang,78.7,Sedang,0,Tidak Ada,Tidak Bekerja,< Rp 2.000.000,Menunggak 1-2 Bulan,Yatim,Sedang
Ulya Saputra,9C,2025/2026,228,Sangat Baik,74.8,Rendah,0,Tidak Ada,Wiraswasta,> Rp 5.000.000,Menunggak >2 Bulan,Lengkap,Sedang
Lili Budiyanto,7C,2025/2026,188,Kurang,75.8,Sedang,0,Tidak Ada,Karyawan Swasta,Rp 2.000.000 - Rp 5.000.000,Menunggak 1-2 Bulan,Lengkap,Sedang
Elvina Sihombing,9C,2024/2025,202,Baik,78.1,Sedang,1,Ringan,Karyawan Swasta,> Rp 5.000.000,Menunggak >2 Bulan,Lengkap,Sedang
Yahya Setiawan,8B,2025/2026,240,Sangat Baik,79.9,Sedang,0,Tidak Ada,PNS/TNI/Polri,> Rp 5.000.000,Lancar,Lengkap,Rendah
Warji Hutagalung,7C,2025/2026,197,Kurang,79.3,Sedang,5,Sedang/Berat,Wiraswasta,< Rp 2.000.000,Menunggak >2 Bulan,Yatim,Tinggi
Puput Pangestu,9B,2025/2026,221,Sangat Baik,75.7,Sedang,0,Tidak Ada,Wiraswasta,Rp 2.000.000 - Rp 5.000.000,Lancar,Yatim,Rendah
Catur Nasyidah,7A,2025/2026,198,Kurang,87.9,Tinggi,3,Sedang/Berat,Karyawan Swasta,Rp 2.000.000 - Rp 5.000.000,Lancar,Lengkap,Sedang
Padmi Anggraini,8C,2024/2025,210,Baik,65.7,Rendah,3,Sedang/Berat,Wiraswasta,Rp 2.000.000 - Rp 5.000.000,Menunggak >2 Bulan,Lengkap,Tinggi
Cecep Pradana,8B,2024/2025,211,Baik,71.8,Rendah,0,Tidak Ada,Wiraswasta,< Rp 2.000.000,Lancar,Lengkap,Sedang
Maimunah Permadi,8B,2023/2024,203,Baik,86.2,Tinggi,0,Tidak Ada,Wiraswasta,> Rp 5.000.000,Lancar,Lengkap,Rendah
Hafshah Salahudin,8C,2023/2024,203,Baik,88.8,Tinggi,0,Tidak Ada,Wiraswasta,> Rp 5.000.000,Lancar,Lengkap,Rendah
Tri Agustina,7A,2024/2025,195,Kurang,83.5,Sedang,0,Tidak Ada,Karyawan Swasta,Rp 2.000.000 - Rp 5.000.000,Lancar,Lengkap,Sedang
Zelaya Siregar,9C,2025/2026,182,Kurang,81.6,Sedang,2,Ringan,Karyawan Swasta,Rp 2.000.000 - Rp 5.000.000,Lancar,Lengkap,Sedang
Usyi Yuliarti,7B,2023/2024,200,Baik,79.0,Sedang,0,Tidak Ada,Karyawan Swasta,< Rp 2.000.000,Lancar,Lengkap,Sedang
Harjo Handayani,9B,2025/2026,213,Baik,83.3,Sedang,0,Tidak Ada,Karyawan Swasta,> Rp 5.000.000,Lancar,Lengkap,Rendah
Hamzah Siregar,9C,2025/2026,236,Sangat Baik,77.7,Sedang,0,Tidak Ada,PNS/TNI/Polri,Rp 2.000.000 - Rp 5.000.000,Lancar,Lengkap,Rendah
Edi Wasita,9B,2024/2025,217,Baik,67.0,Rendah,0,Tidak Ada,Buruh/Petani,Rp 2.000.000 - Rp 5.000.000,Lancar,Lengkap,Sedang
Estiono Budiman,9C,2025/2026,206,Baik,95.2,Tinggi,1,Ringan,Wiraswasta,Rp 2.000.000 - Rp 5.000.000,Lancar,Lengkap,Rendah
Sakti Sirait,8C,2024/2025,209,Baik,94.3,Tinggi,1,Ringan,PNS/TNI/Polri,Rp 2.000.000 - Rp 5.000.000,Lancar,Lengkap,Rendah
Cici Uyainah,9C,2024/2025,195,Kurang,84.7,Sedang,0,Tidak Ada,Karyawan Swasta,> Rp 5.000.000,Menunggak 1-2 Bulan,Lengkap,Sedang
Puti Sari Thamrin,9C,2024/2025,215,Baik,65.6,Rendah,1,Ringan,Karyawan Swasta,< Rp 2.000.000,Menunggak 1-2 Bulan,Lengkap,Sedang
Lidya Prakasa,8A,2025/2026,207,Baik,92.3,Tinggi,0,Tidak Ada,Karyawan Swasta,> Rp 5.000.000,Lancar,Lengkap,Rendah
Nadia Fujiati,7C,2025/2026,226,Sangat Baik,95.0,Tinggi,0,Tidak Ada,Wiraswasta,> Rp 5.000.000,Lancar,Lengkap,Rendah
Bakidin Tarihoran,8B,2023/2024,197,Kurang,90.3,Tinggi,0,Tidak Ada,Karyawan Swasta,> Rp 5.000.000,Menunggak 1-2 Bulan,Yatim,Sedang
Syahrini Maulana,8C,2024/2025,193,Kurang,79.5,Sedang,0,Tidak Ada,PNS/TNI/Polri,> Rp 5.000.000,Lancar,Lengkap,Sedang
Harja Firmansyah,8A,2025/2026,221,Sangat Baik,83.0,Sedang,1,Ringan,Karyawan Swasta,Rp 2.000.000 - Rp 5.000.000,Lancar,Lengkap,Rendah
Paramita Hasanah,8B,2024/2025,228,Sangat Baik,72.3,Rendah,1,Ringan,Wiraswasta,Rp 2.000.000 - Rp 5.000.000,Lancar,Yatim,Sedang
Dipa Hartati,7C,2023/2024,189,Kurang,71.5,Rendah,0,Tidak Ada,Buruh/Petani,< Rp 2.000.000,Menunggak >2 Bulan,Lengkap,Tinggi
Hana Pradana,8C,2025/2026,195,Kurang,74.6,Rendah,1,Ringan,Wiraswasta,Rp 2.000.000 - Rp 5.000.000,Menunggak 1-2 Bulan,Lengkap,Tinggi
Vero Hastuti,9B,2024/2025,235,Sangat Baik,73.5,Rendah,0,Tidak Ada,Buruh/Petani,Rp 2.000.000 - Rp 5.000.000,Lancar,Lengkap,Sedang
Erik Lazuardi,8C,2025/2026,215,Baik,96.2,Tinggi,0,Tidak Ada,Karyawan Swasta,Rp 2.000.000 - Rp 5.000.000,Lancar,Lengkap,Rendah
Paramita Sitompul,9A,2024/2025,227,Sangat Baik,89.6,Tinggi,1,Ringan,PNS/TNI/Polri,Rp 2.000.000 - Rp 5.000.000,Lancar,Lengkap,Rendah
Aswani Pratama,9A,2025/2026,182,Kurang,96.3,Tinggi,0,Tidak Ada,Wiraswasta,< Rp 2.000.000,Menunggak 1-2 Bulan,Lengkap,Sedang
Devi Riyanti,8A,2025/2026,183,Kurang,76.8,Sedang,1,Ringan,Wiraswasta,Rp 2.000.000 - Rp 5.000.000,Lancar,Lengkap,Sedang
Ina Usada,9B,2025/2026,231,Sangat Baik,87.5,Tinggi,0,Tidak Ada,Karyawan Swasta,> Rp 5.000.000,Lancar,Lengkap,Rendah
Nurul Widodo,7B,2025/2026,223,Sangat Baik,80.1,Sedang,0,Tidak Ada,Wiraswasta,> Rp 5.000.000,Lancar,Lengkap,Rendah
Puti Syahrini Tampubolon,9A,2025/2026,233,Sangat Baik,79.1,Sedang,1,Ringan,PNS/TNI/Polri,Rp 2.000.000 - Rp 5.000.000,Lancar,Lengkap,Rendah
Fitria Budiman,9C,2024/2025,200,Baik,90.8,Tinggi,0,Tidak Ada,Karyawan Swasta,Rp 2.000.000 - Rp 5.000.000,Lancar,Lengkap,Rendah
Pandu Wahyudin,9A,2025/2026,234,Sangat Baik,77.9,Sedang,0,Tidak Ada,Wiraswasta,< Rp 2.000.000,Lancar,Lengkap,Rendah
Daniswara Mulyani,7B,2025/2026,206,Baik,69.2,Rendah,0,Tidak Ada,PNS/TNI/Polri,Rp 2.000.000 - Rp 5.000.000,Lancar,Lengkap,Sedang
Cahyadi Rajata,8A,2024/2025,239,Sangat Baik,94.4,Tinggi,1,Ringan,Karyawan Swasta,Rp 2.000.000 - Rp 5.000.000,Menunggak 1-2 Bulan,Lengkap,Rendah
Salimah Najmudin,9C,2023/2024,195,Kurang,74.7,Rendah,0,Tidak Ada,Buruh/Petani,> Rp 5.000.000,Lancar,Yatim Piatu,Tinggi
Sarah Maryadi,7C,2024/2025,194,Kurang,96.5,Tinggi,0,Tidak Ada,Karyawan Swasta,< Rp 2.000.000,Menunggak 1-2 Bulan,Lengkap,Sedang
Juli Santoso,7A,2024/2025,208,Baik,91.7,Tinggi,0,Tidak Ada,Tidak Bekerja,> Rp 5.000.000,Lancar,Lengkap,Rendah
Ilsa Prabowo,7B,2024/2025,222,Sangat Baik,70.1,Rendah,1,Ringan,Karyawan Swasta,Rp 2.000.000 - Rp 5.000.000,Lancar,Lengkap,Sedang
Fitria Prabowo,7A,2023/2024,206,Baik,92.5,Tinggi,0,Tidak Ada,Karyawan Swasta,> Rp 5.000.000,Lancar,Lengkap,Rendah
Queen Tarihoran,8B,2025/2026,211,Baik,71.8,Rendah,1,Ringan,Karyawan Swasta,< Rp 2.000.000,Lancar,Lengkap,Sedang
Hilda Susanti,7B,2024/2025,231,Sangat Baik,81.9,Sedang,0,Tidak Ada,Wiraswasta,> Rp 5.000.000,Lancar,Lengkap,Rendah
Wulan Dabukke,8C,2024/2025,211,Baik,94.7,Tinggi,1,Ringan,PNS/TNI/Polri,> Rp 5.000.000,Lancar,Lengkap,Rendah
Queen Wibowo,8A,2025/2026,204,Baik,67.0,Rendah,0,Tidak Ada,Karyawan Swasta,Rp 2.000.000 - Rp 5.000.000,Lancar,Lengkap,Sedang
Calista Mahendra,7C,2025/2026,223,Sangat Baik,68.4,Rendah,0,Tidak Ada,Karyawan Swasta,Rp 2.000.000 - Rp 5.000.000,Lancar,Lengkap,Sedang
Betania Pudjiastuti,7C,2023/2024,215,Baik,79.4,Sedang,0,Tidak Ada,Buruh/Petani,> Rp 5.000.000,Menunggak 1-2 Bulan,Lengkap,Sedang
Gantar Pratama,8A,2025/2026,204,Baik,93.6,Tinggi,0,Tidak Ada,Wiraswasta,Rp 2.000.000 - Rp 5.000.000,Lancar,Lengkap,Rendah
Rizki Melani,7C,2024/2025,214,Baik,69.4,Rendah,0,Tidak Ada,Karyawan Swasta,> Rp 5.000.000,Lancar,Lengkap,Sedang
Jamal Permata,7C,2024/2025,207,Baik,76.9,Sedang,0,Tidak Ada,PNS/TNI/Polri,< Rp 2.000.000,Lancar,Lengkap,Sedang
Unjani Haryanto,8C,2025/2026,218,Baik,83.2,Sedang,0,Tidak Ada,Wiraswasta,> Rp 5.000.000,Lancar,Lengkap,Rendah
Suci Saefullah,7B,2024/2025,209,Baik,93.3,Tinggi,0,Tidak Ada,Wiraswasta,< Rp 2.000.000,Lancar,Lengkap,Rendah
Wawan Marpaung,8A,2025/2026,193,Kurang,67.3,Rendah,0,Tidak Ada,Karyawan Swasta,< Rp 2.000.000,Menunggak >2 Bulan,Yatim,Tinggi
Icha Budiyanto,9B,2023/2024,186,Kurang,87.4,Tinggi,0,Tidak Ada,Karyawan Swasta,Rp 2.000.000 - Rp 5.000.000,Menunggak >2 Bulan,Lengkap,Sedang
Kajen Mansur,9A,2023/2024,197,Kurang,79.9,Sedang,0,Tidak Ada,Buruh/Petani,< Rp 2.000.000,Lancar,Lengkap,Sedang
Kemba Halim,9C,2025/2026,220,Sangat Baik,92.4,Tinggi,0,Tidak Ada,Buruh/Petani,Rp 2.000.000 - Rp 5.000.000,Lancar,Lengkap,Rendah
Cahyo Hidayat,9B,2023/2024,237,Sangat Baik,98.2,Tinggi,0,Tidak Ada,PNS/TNI/Polri,Rp 2.000.000 - Rp 5.000.000,Lancar,Piatu,Rendah
Devi Saefullah,9B,2023/2024,213,Baik,93.2,Tinggi,0,Tidak Ada,Wiraswasta,Rp 2.000.000 - Rp 5.000.000,Lancar,Lengkap,Rendah
Rachel Simbolon,8B,2024/2025,233,Sangat Baik,68.7,Rendah,0,Tidak Ada,Karyawan Swasta,Rp 2.000.000 - Rp 5.000.000,Lancar,Lengkap,Sedang
Kania Yuniar,9B,2024/2025,186,Kurang,85.5,Tinggi,0,Tidak Ada,Karyawan Swasta,> Rp 5.000.000,Menunggak >2 Bulan,Lengkap,Sedang
Irwan Hidayanto,7C,2024/2025,204,Baik,81.4,Sedang,0,Tidak Ada,Karyawan Swasta,> Rp 5.000.000,Lancar,Lengkap,Rendah
Safina Najmudin,8B,2025/2026,234,Sangat Baik,93.6,Tinggi,0,Tidak Ada,PNS/TNI/Polri,> Rp 5.000.000,Menunggak 1-2 Bulan,Lengkap,Rendah
Asirwanda Tarihoran,8B,2025/2026,231,Sangat Baik,76.2,Sedang,0,Tidak Ada,Karyawan Swasta,Rp 2.000.000 - Rp 5.000.000,Lancar,Yatim,Rendah
Danuja Laksmiwati,7B,2025/2026,208,Baik,80.0,Sedang,0,Tidak Ada,Karyawan Swasta,Rp 2.000.000 - Rp 5.000.000,Lancar,Lengkap,Rendah
Artanto Simanjuntak,7A,2024/2025,181,Kurang,82.5,Sedang,0,Tidak Ada,Karyawan Swasta,< Rp 2.000.000,Lancar,Lengkap,Sedang
Kezia Lazuardi,7A,2024/2025,185,Kurang,65.1,Rendah,3,Sedang/Berat,Buruh/Petani,< Rp 2.000.000,Menunggak 1-2 Bulan,Yatim Piatu,Tinggi
Ayu Susanti,9C,2023/2024,202,Baik,93.5,Tinggi,0,Tidak Ada,Buruh/Petani,Rp 2.000.000 - Rp 5.000.000,Lancar,Lengkap,Rendah
Hani Usada,7A,2023/2024,201,Baik,84.1,Sedang,0,Tidak Ada,Karyawan Swasta,> Rp 5.000.000,Menunggak 1-2 Bulan,Lengkap,Rendah
Jamalia Napitupulu,7A,2023/2024,219,Baik,94.1,Tinggi,0,Tidak Ada,Wiraswasta,> Rp 5.000.000,Lancar,Lengkap,Rendah
Vicky Yolanda,7A,2025/2026,203,Baik,77.1,Sedang,1,Ringan,Karyawan Swasta,< Rp 2.000.000,Lancar,Lengkap,Sedang
Rahayu Riyanti,7A,2023/2024,197,Kurang,76.6,Sedang,0,Tidak Ada,PNS/TNI/Polri,< Rp 2.000.000,Menunggak 1-2 Bulan,Lengkap,Sedang
Purwanto Suryatmi,9C,2024/2025,232,Sangat Baik,76.0,Sedang,1,Ringan,Karyawan Swasta,> Rp 5.000.000,Lancar,Lengkap,Rendah
Pia Usada,8A,2023/2024,224,Sangat Baik,75.2,Sedang,2,Ringan,Karyawan Swasta,Rp 2.000.000 - Rp 5.000.000,Menunggak >2 Bulan,Lengkap,Sedang
Dewi Uyainah,8C,2023/2024,228,Sangat Baik,96.6,Tinggi,5,Sedang/Berat,Buruh/Petani,< Rp 2.000.000,Lancar,Lengkap,Sedang
Caturangga Laksita,8B,2025/2026,194,Kurang,93.1,Tinggi,1,Ringan,PNS/TNI/Polri,Rp 2.000.000 - Rp 5.000.000,Menunggak 1-2 Bulan,Lengkap,Sedang
Cemplunk Puspita,7A,2025/2026,212,Baik,98.2,Tinggi,0,Tidak Ada,Karyawan Swasta,Rp 2.000.000 - Rp 5.000.000,Lancar,Yatim,Rendah
Dasa Hassanah,9C,2023/2024,206,Baik,81.0,Sedang,0,Tidak Ada,Karyawan Swasta,Rp 2.000.000 - Rp 5.000.000,Lancar,Lengkap,Rendah
Darman Fujiati,7C,2024/2025,202,Baik,79.8,Sedang,0,Tidak Ada,Buruh/Petani,> Rp 5.000.000,Menunggak 1-2 Bulan,Lengkap,Sedang
Irma Hassanah,7A,2025/2026,210,Baik,87.1,Tinggi,1,Ringan,Wiraswasta,Rp 2.000.000 - Rp 5.000.000,Lancar,Lengkap,Rendah
Farah Anggraini,9B,2025/2026,182,Kurang,67.1,Rendah,0,Tidak Ada,Buruh/Petani,< Rp 2.000.000,Menunggak 1-2 Bulan,Piatu,Tinggi
Asirwada Uwais,9C,2025/2026,215,Baik,97.6,Tinggi,0,Tidak Ada,Karyawan Swasta,Rp 2.000.000 - Rp 5.000.000,Lancar,Yatim,Rendah
Cahyo Prasetya,7C,2024/2025,227,Sangat Baik,82.3,Sedang,5,Sedang/Berat,Wiraswasta,Rp 2.000.000 - Rp 5.000.000,Menunggak >2 Bulan,Lengkap,Sedang
Clara Latupono,9B,2023/2024,240,Sangat Baik,90.3,Tinggi,0,Tidak Ada,PNS/TNI/Polri,> Rp 5.000.000,Lancar,Lengkap,Rendah
Luthfi Simbolon,7A,2025/2026,237,Sangat Baik,68.3,Rendah,0,Tidak Ada,Karyawan Swasta,Rp 2.000.000 - Rp 5.000.000,Lancar,Lengkap,Sedang
Kamaria Hidayanto,7B,2023/2024,190,Kurang,80.8,Sedang,0,Tidak Ada,Karyawan Swasta,Rp 2.000.000 - Rp 5.000.000,Menunggak 1-2 Bulan,Lengkap,Sedang
Anita Santoso,7C,2025/2026,183,Kurang,80.0,Sedang,0,Tidak Ada,Karyawan Swasta,Rp 2.000.000 - Rp 5.000.000,Menunggak >2 Bulan,Yatim,Sedang
Makuta Novitasari,8C,2025/2026,200,Baik,68.5,Rendah,0,Tidak Ada,Karyawan Swasta,Rp 2.000.000 - Rp 5.000.000,Lancar,Lengkap,Sedang
Prasetya Aryani,9A,2024/2025,221,Sangat Baik,97.3,Tinggi,0,Tidak Ada,Buruh/Petani,Rp 2.000.000 - Rp 5.000.000,Lancar,Yatim,Rendah
Vanesa Siregar,7B,2025/2026,226,Sangat Baik,72.6,Rendah,0,Tidak Ada,Wiraswasta,Rp 2.000.000 - Rp 5.000.000,Menunggak >2 Bulan,Lengkap,Sedang
Mala Puspita,7C,2025/2026,201,Baik,85.9,Tinggi,0,Tidak Ada,PNS/TNI/Polri,Rp 2.000.000 - Rp 5.000.000,Lancar,Lengkap,Rendah
Cengkir Marbun,8C,2025/2026,183,Kurang,83.1,Sedang,1,Ringan,Karyawan Swasta,Rp 2.000.000 - Rp 5.000.000,Lancar,Lengkap,Sedang
Kairav Nurdiyanti,9A,2025/2026,188,Kurang,71.9,Rendah,0,Tidak Ada,Wiraswasta,Rp 2.000.000 - Rp 5.000.000,Menunggak 1-2 Bulan,Lengkap,Tinggi
Damar Uwais,9A,2024/2025,193,Kurang,79.0,Sedang,0,Tidak Ada,Buruh/Petani,< Rp 2.000.000,Lancar,Lengkap,Sedang
Nabila Melani,7C,2024/2025,216,Baik,75.7,Sedang,3,Sedang/Berat,Wiraswasta,> Rp 5.000.000,Menunggak >2 Bulan,Lengkap,Sedang
Jamil Sudiati,7C,2023/2024,189,Kurang,92.1,Tinggi,3,Sedang/Berat,Karyawan Swasta,< Rp 2.000.000,Menunggak >2 Bulan,Lengkap,Sedang
Maria Pudjiastuti,8B,2023/2024,209,Baik,96.3,Tinggi,0,Tidak Ada,Karyawan Swasta,Rp 2.000.000 - Rp 5.000.000,Lancar,Lengkap,Rendah
Indah Damanik,8B,2024/2025,211,Baik,92.4,Tinggi,0,Tidak Ada,Wiraswasta,Rp 2.000.000 - Rp 5.000.000,Lancar,Lengkap,Rendah
Cager Zulaika,7B,2024/2025,199,Kurang,92.4,Tinggi,0,Tidak Ada,Wiraswasta,Rp 2.000.000 - Rp 5.000.000,Menunggak 1-2 Bulan,Piatu,Sedang
Satya Pangestu,9C,2024/2025,227,Sangat Baik,95.7,Tinggi,0,Tidak Ada,Karyawan Swasta,> Rp 5.000.000,Lancar,Lengkap,Rendah
Ami Tarihoran,8A,2023/2024,207,Baik,97.2,Tinggi,0,Tidak Ada,Wiraswasta,Rp 2.000.000 - Rp 5.000.000,Menunggak 1-2 Bulan,Lengkap,Rendah
Sidiq Latupono,9B,2023/2024,222,Sangat Baik,88.8,Tinggi,2,Ringan,PNS/TNI/Polri,> Rp 5.000.000,Lancar,Lengkap,Rendah
Cici Yulianti,8B,2024/2025,197,Kurang,69.0,Rendah,1,Ringan,Tidak Bekerja,< Rp 2.000.000,Menunggak >2 Bulan,Lengkap,Tinggi
Rahmi Napitupulu,7A,2025/2026,226,Sangat Baik,84.6,Sedang,0,Tidak Ada,Karyawan Swasta,< Rp 2.000.000,Lancar,Lengkap,Rendah
Halim Saragih,9A,2025/2026,209,Baik,76.7,Sedang,1,Ringan,Karyawan Swasta,Rp 2.000.000 - Rp 5.000.000,Menunggak 1-2 Bulan,Lengkap,Sedang
Karen Rajasa,8B,2023/2024,216,Baik,75.6,Sedang,0,Tidak Ada,Karyawan Swasta,Rp 2.000.000 - Rp 5.000.000,Menunggak 1-2 Bulan,Lengkap,Sedang
Rahmi Utami,7A,2024/2025,202,Baik,96.4,Tinggi,2,Ringan,Karyawan Swasta,Rp 2.000.000 - Rp 5.000.000,Lancar,Lengkap,Sedang
Omar Prastuti,7B,2024/2025,220,Sangat Baik,76.4,Sedang,1,Ringan,PNS/TNI/Polri,> Rp 5.000.000,Lancar,Lengkap,Rendah
Hasna Wibisono,9C,2023/2024,207,Baik,90.9,Tinggi,1,Ringan,PNS/TNI/Polri,> Rp 5.000.000,Lancar,Lengkap,Rendah
Eka Agustina,8A,2024/2025,203,Baik,90.8,Tinggi,0,Tidak Ada,Karyawan Swasta,> Rp 5.000.000,Lancar,Lengkap,Rendah
Yoga Mulyani,7A,2023/2024,196,Kurang,65.9,Rendah,1,Ringan,PNS/TNI/Polri,< Rp 2.000.000,Menunggak >2 Bulan,Lengkap,Tinggi
Mumpuni Purwanti,9B,2024/2025,216,Baik,76.5,Sedang,0,Tidak Ada,PNS/TNI/Polri,< Rp 2.000.000,Lancar,Lengkap,Sedang
Fathonah Hutapea,8C,2025/2026,182,Kurang,65.5,Rendah,0,Tidak Ada,Buruh/Petani,> Rp 5.000.000,Menunggak 1-2 Bulan,Lengkap,Tinggi
Dewi Sihotang,9B,2023/2024,183,Kurang,75.9,Sedang,1,Ringan,Buruh/Petani,> Rp 5.000.000,Lancar,Lengkap,Sedang
Budi Sitompul,8A,2025/2026,185,Kurang,73.0,Rendah,0,Tidak Ada,Tidak Bekerja,< Rp 2.000.000,Menunggak >2 Bulan,Lengkap,Tinggi
Kardi Pertiwi,9C,2025/2026,212,Baik,65.4,Rendah,0,Tidak Ada,Karyawan Swasta,< Rp 2.000.000,Lancar,Piatu,Sedang
Vanya Fujiati,8B,2023/2024,210,Baik,77.0,Sedang,1,Ringan,Karyawan Swasta,Rp 2.000.000 - Rp 5.000.000,Menunggak 1-2 Bulan,Lengkap,Sedang
Sutan Tedi Wibowo,8A,2025/2026,201,Baik,78.4,Sedang,0,Tidak Ada,Wiraswasta,> Rp 5.000.000,Menunggak 1-2 Bulan,Lengkap,Sedang
Jessica Mulyani,9A,2023/2024,193,Kurang,97.8,Tinggi,0,Tidak Ada,Buruh/Petani,< Rp 2.000.000,Menunggak 1-2 Bulan,Piatu,Sedang
Karsana Hasanah,8C,2025/2026,187,Kurang,78.0,Sedang,0,Tidak Ada,Wiraswasta,Rp 2.000.000 - Rp 5.000.000,Lancar,Lengkap,Sedang
Anita Yuliarti,7A,2025/2026,229,Sangat Baik,69.2,Rendah,0,Tidak Ada,Wiraswasta,< Rp 2.000.000,Menunggak >2 Bulan,Lengkap,Sedang
Kayun Haryanto,7C,2023/2024,180,Kurang,76.1,Sedang,0,Tidak Ada,Buruh/Petani,Rp 2.000.000 - Rp 5.000.000,Lancar,Lengkap,Sedang
Kunthara Prakasa,9C,2025/2026,188,Kurang,95.8,Tinggi,0,Tidak Ada,Wiraswasta,Rp 2.000.000 - Rp 5.000.000,Menunggak 1-2 Bulan,Lengkap,Sedang
Sakti Rahayu,7B,2024/2025,230,Sangat Baik,95.3,Tinggi,0,Tidak Ada,PNS/TNI/Polri,> Rp 5.000.000,Lancar,Lengkap,Rendah
Karya Usamah,8C,2025/2026,216,Baik,92.0,Tinggi,0,Tidak Ada,Karyawan Swasta,> Rp 5.000.000,Lancar,Lengkap,Rendah
Gilda Halim,7C,2024/2025,203,Baik,94.3,Tinggi,3,Sedang/Berat,Karyawan Swasta,> Rp 5.000.000,Menunggak 1-2 Bulan,Lengkap,Sedang
Aisyah Pratiwi,7B,2024/2025,199,Kurang,73.6,Rendah,1,Ringan,Karyawan Swasta,< Rp 2.000.000,Menunggak >2 Bulan,Lengkap,Tinggi
Pia Salahudin,9A,2023/2024,195,Kurang,96.2,Tinggi,0,Tidak Ada,Buruh/Petani,Rp 2.000.000 - Rp 5.000.000,Lancar,Lengkap,Sedang
Yuliana Maryadi,7C,2024/2025,204,Baik,72.6,Rendah,2,Ringan,Buruh/Petani,< Rp 2.000.000,Menunggak >2 Bulan,Piatu,Tinggi
Keisha Uyainah,8C,2023/2024,180,Kurang,80.3,Sedang,0,Tidak Ada,Wiraswasta,< Rp 2.000.000,Menunggak 1-2 Bulan,Piatu,Sedang
Latika Budiman,9B,2023/2024,214,Baik,85.3,Tinggi,2,Ringan,Karyawan Swasta,< Rp 2.000.000,Lancar,Piatu,Sedang
Bakiadi Gunawan,8B,2023/2024,235,Sangat Baik,85.1,Tinggi,0,Tidak Ada,PNS/TNI/Polri,Rp 2.000.000 - Rp 5.000.000,Lancar,Lengkap,Rendah
Nova Hasanah,9A,2024/2025,228,Sangat Baik,88.2,Tinggi,0,Tidak Ada,Karyawan Swasta,Rp 2.000.000 - Rp 5.000.000,Lancar,Lengkap,Rendah
Maida Purnawati,7C,2023/2024,216,Baik,80.1,Sedang,0,Tidak Ada,Karyawan Swasta,> Rp 5.000.000,Lancar,Lengkap,Rendah
Dina Puspita,9C,2024/2025,197,Kurang,82.7,Sedang,1,Ringan,Buruh/Petani,< Rp 2.000.000,Lancar,Yatim,Sedang
Manah Hardiansyah,9B,2024/2025,231,Sangat Baik,81.4,Sedang,0,Tidak Ada,Buruh/Petani,> Rp 5.000.000,Lancar,Lengkap,Rendah
Qori Nurdiyanti,8B,2024/2025,216,Baik,76.6,Sedang,1,Ringan,PNS/TNI/Polri,Rp 2.000.000 - Rp 5.000.000,Lancar,Lengkap,Sedang
Gada Padmasari,7B,2024/2025,238,Sangat Baik,92.0,Tinggi,0,Tidak Ada,Karyawan Swasta,> Rp 5.000.000,Lancar,Lengkap,Rendah
Irma Mangunsong,8C,2024/2025,183,Kurang,86.3,Tinggi,0,Tidak Ada,Buruh/Petani,> Rp 5.000.000,Lancar,Lengkap,Sedang
Wani Kusumo,9C,2023/2024,214,Baik,92.4,Tinggi,0,Tidak Ada,PNS/TNI/Polri,> Rp 5.000.000,Lancar,Lengkap,Rendah
Irfan Adriansyah,7A,2024/2025,180,Kurang,94.0,Tinggi,0,Tidak Ada,Buruh/Petani,> Rp 5.000.000,Lancar,Lengkap,Sedang
Martana Suartini,8B,2024/2025,198,Kurang,94.2,Tinggi,0,Tidak Ada,Wiraswasta,< Rp 2.000.000,Lancar,Lengkap,Sedang
Okto Widiastuti,8A,2024/2025,222,Sangat Baik,91.2,Tinggi,0,Tidak Ada,PNS/TNI/Polri,Rp 2.000.000 - Rp 5.000.000,Lancar,Lengkap,Rendah
Embuh Mustofa,7C,2023/2024,183,Kurang,80.1,Sedang,0,Tidak Ada,PNS/TNI/Polri,< Rp 2.000.000,Lancar,Lengkap,Sedang
Cakrawangsa Wibowo,7C,2025/2026,206,Baik,67.0,Rendah,0,Tidak Ada,Karyawan Swasta,> Rp 5.000.000,Menunggak 1-2 Bulan,Lengkap,Sedang
Citra Zulaika,7B,2025/2026,195,Kurang,79.0,Sedang,0,Tidak Ada,Buruh/Petani,Rp 2.000.000 - Rp 5.000.000,Lancar,Lengkap,Sedang
Maman Situmorang,9C,2023/2024,189,Kurang,76.1,Sedang,0,Tidak Ada,Wiraswasta,< Rp 2.000.000,Lancar,Lengkap,Sedang
Ibun Ardianto,8A,2025/2026,229,Sangat Baik,70.6,Rendah,0,Tidak Ada,Wiraswasta,Rp 2.000.000 - Rp 5.000.000,Lancar,Yatim,Sedang
Jono Nuraini,8C,2024/2025,185,Kurang,66.3,Rendah,0,Tidak Ada,Buruh/Petani,< Rp 2.000.000,Lancar,Lengkap,Tinggi
Maida Halimah,7B,2025/2026,237,Sangat Baik,74.1,Rendah,0,Tidak Ada,Tidak Bekerja,< Rp 2.000.000,Lancar,Lengkap,Sedang
Sutan Ega Zulkarnain,7C,2023/2024,192,Kurang,86.1,Tinggi,0,Tidak Ada,PNS/TNI/Polri,Rp 2.000.000 - Rp 5.000.000,Lancar,Lengkap,Sedang
Putri Mandasari,9B,2023/2024,229,Sangat Baik,94.2,Tinggi,0,Tidak Ada,Wiraswasta,> Rp 5.000.000,Lancar,Lengkap,Rendah
Maria Wacana,9A,2023/2024,228,Sangat Baik,72.0,Rendah,0,Tidak Ada,Tidak Bekerja,Rp 2.000.000 - Rp 5.000.000,Lancar,Lengkap,Sedang
Devi Sirait,8A,2024/2025,203,Baik,84.2,Sedang,0,Tidak Ada,Buruh/Petani,< Rp 2.000.000,Lancar,Yatim,Rendah
Asman Wahyudin,7C,2023/2024,200,Baik,77.9,Sedang,0,Tidak Ada,Karyawan Swasta,Rp 2.000.000 - Rp 5.000.000,Lancar,Lengkap,Sedang
Halima Irawan,7B,2025/2026,192,Kurang,88.5,Tinggi,5,Sedang/Berat,Karyawan Swasta,< Rp 2.000.000,Menunggak >2 Bulan,Lengkap,Tinggi
Zulfa Suwarno,7C,2024/2025,225,Sangat Baik,68.6,Rendah,0,Tidak Ada,Karyawan Swasta,> Rp 5.000.000,Menunggak >2 Bulan,Lengkap,Sedang
Elvina Manullang,9A,2025/2026,212,Baik,86.8,Tinggi,0,Tidak Ada,PNS/TNI/Polri,< Rp 2.000.000,Lancar,Lengkap,Rendah
Gantar Wibisono,8C,2025/2026,208,Baik,96.8,Tinggi,0,Tidak Ada,Buruh/Petani,Rp 2.000.000 - Rp 5.000.000,Lancar,Lengkap,Rendah
Patricia Wahyudin,8C,2024/2025,183,Kurang,83.8,Sedang,0,Tidak Ada,Karyawan Swasta,Rp 2.000.000 - Rp 5.000.000,Lancar,Piatu,Sedang
Calista Kurniawan,7A,2024/2025,227,Sangat Baik,84.1,Sedang,0,Tidak Ada,Karyawan Swasta,< Rp 2.000.000,Lancar,Lengkap,Rendah
Cakrajiya Gunarto,8C,2025/2026,222,Sangat Baik,97.1,Tinggi,0,Tidak Ada,Wiraswasta,> Rp 5.000.000,Menunggak 1-2 Bulan,Lengkap,Rendah
Carla Mulyani,9A,2025/2026,180,Kurang,69.1,Rendah,0,Tidak Ada,Buruh/Petani,< Rp 2.000.000,Menunggak >2 Bulan,Lengkap,Tinggi
Hesti Usada,8C,2025/2026,202,Baik,92.3,Tinggi,1,Ringan,Karyawan Swasta,Rp 2.000.000 - Rp 5.000.000,Lancar,Lengkap,Rendah
Winda Firmansyah,9B,2025/2026,199,Kurang,78.2,Sedang,2,Ringan,Buruh/Petani,Rp 2.000.000 - Rp 5.000.000,Lancar,Lengkap,Tinggi
Yoga Sitorus,8A,2023/2024,193,Kurang,65.8,Rendah,0,Tidak Ada,Karyawan Swasta,< Rp 2.000.000,Menunggak 1-2 Bulan,Lengkap,Tinggi
Restu Tampubolon,9A,2023/2024,184,Kurang,95.2,Tinggi,1,Ringan,Karyawan Swasta,< Rp 2.000.000,Menunggak >2 Bulan,Lengkap,Sedang
Harsaya Hastuti,8B,2024/2025,207,Baik,73.5,Rendah,0,Tidak Ada,Karyawan Swasta,< Rp 2.000.000,Menunggak >2 Bulan,Lengkap,Sedang
Ratna Safitri,9C,2024/2025,195,Kurang,79.1,Sedang,0,Tidak Ada,Wiraswasta,< Rp 2.000.000,Menunggak 1-2 Bulan,Lengkap,Sedang
Jaya Kuswoyo,9B,2025/2026,223,Sangat Baik,76.2,Sedang,0,Tidak Ada,PNS/TNI/Polri,Rp 2.000.000 - Rp 5.000.000,Menunggak 1-2 Bulan,Lengkap,Rendah
Dartono Suwarno,9C,2025/2026,220,Sangat Baik,94.7,Tinggi,0,Tidak Ada,PNS/TNI/Polri,> Rp 5.000.000,Lancar,Lengkap,Rendah
Gasti Sirait,7C,2024/2025,182,Kurang,90.0,Tinggi,0,Tidak Ada,Karyawan Swasta,Rp 2.000.000 - Rp 5.000.000,Menunggak >2 Bulan,Lengkap,Sedang
Endah Gunarto,8A,2024/2025,184,Kurang,76.2,Sedang,0,Tidak Ada,Karyawan Swasta,Rp 2.000.000 - Rp 5.000.000,Lancar,Lengkap,Sedang
Candra Saptono,8B,2025/2026,229,Sangat Baik,92.2,Tinggi,0,Tidak Ada,Karyawan Swasta,Rp 2.000.000 - Rp 5.000.000,Lancar,Lengkap,Rendah
Pangeran Simanjuntak,7A,2023/2024,223,Sangat Baik,88.8,Tinggi,0,Tidak Ada,PNS/TNI/Polri,> Rp 5.000.000,Lancar,Lengkap,Rendah
Lili Adriansyah,7A,2024/2025,214,Baik,70.2,Rendah,0,Tidak Ada,Karyawan Swasta,< Rp 2.000.000,Lancar,Lengkap,Sedang
Ajiono Mahendra,9A,2024/2025,228,Sangat Baik,80.0,Sedang,1,Ringan,PNS/TNI/Polri,Rp 2.000.000 - Rp 5.000.000,Lancar,Lengkap,Rendah
Sutan Aswani Iswahyudi,7A,2023/2024,223,Sangat Baik,81.5,Sedang,0,Tidak Ada,Wiraswasta,Rp 2.000.000 - Rp 5.000.000,Lancar,Lengkap,Rendah
Melinda Farida,7A,2025/2026,199,Kurang,92.8,Tinggi,0,Tidak Ada,Wiraswasta,< Rp 2.000.000,Lancar,Lengkap,Sedang
Zelda Nasyiah,7C,2023/2024,185,Kurang,65.7,Rendah,0,Tidak Ada,Buruh/Petani,< Rp 2.000.000,Menunggak 1-2 Bulan,Lengkap,Tinggi
Elisa Astuti,7B,2025/2026,221,Sangat Baik,94.4,Tinggi,0,Tidak Ada,Karyawan Swasta,Rp 2.000.000 - Rp 5.000.000,Lancar,Lengkap,Rendah
Lili Zulkarnain,7A,2024/2025,215,Baik,96.6,Tinggi,0,Tidak Ada,Tidak Bekerja,> Rp 5.000.000,Lancar,Lengkap,Rendah
Empluk Putra,8B,2025/2026,220,Sangat Baik,85.3,Tinggi,0,Tidak Ada,Karyawan Swasta,Rp 2.000.000 - Rp 5.000.000,Menunggak 1-2 Bulan,Lengkap,Rendah
Ganep Mansur,8C,2023/2024,199,Kurang,81.1,Sedang,2,Ringan,Karyawan Swasta,> Rp 5.000.000,Menunggak 1-2 Bulan,Lengkap,Sedang
Puti Fitriani Kusumo,7B,2025/2026,180,Kurang,80.7,Sedang,0,Tidak Ada,Buruh/Petani,< Rp 2.000.000,Menunggak 1-2 Bulan,Lengkap,Sedang
Aurora Prastuti,7B,2023/2024,240,Sangat Baik,95.9,Tinggi,0,Tidak Ada,Karyawan Swasta,> Rp 5.000.000,Lancar,Lengkap,Rendah
Karsana Sitorus,7B,2024/2025,202,Baik,89.1,Tinggi,0,Tidak Ada,Karyawan Swasta,Rp 2.000.000 - Rp 5.000.000,Lancar,Lengkap,Rendah
Embuh Astuti,9B,2024/2025,209,Baik,78.8,Sedang,0,Tidak Ada,Wiraswasta,Rp 2.000.000 - Rp 5.000.000,Menunggak >2 Bulan,Lengkap,Sedang
Mutia Mardhiyah,7C,2024/2025,190,Kurang,69.6,Rendah,10,Sedang/Berat,Karyawan Swasta,< Rp 2.000.000,Menunggak 1-2 Bulan,Piatu,Tinggi
Elisa Widiastuti,7B,2025/2026,213,Baik,90.4,Tinggi,0,Tidak Ada,PNS/TNI/Polri,< Rp 2.000.000,Lancar,Lengkap,Rendah
Eka Hasanah,8A,2023/2024,180,Kurang,93.8,Tinggi,0,Tidak Ada,Wiraswasta,> Rp 5.000.000,Lancar,Lengkap,Sedang
Zulaikha Adriansyah,9C,2023/2024,193,Kurang,96.4,Tinggi,3,Sedang/Berat,Buruh/Petani,Rp 2.000.000 - Rp 5.000.000,Lancar,Piatu,Sedang
Siti Firmansyah,7B,2025/2026,190,Kurang,67.2,Rendah,0,Tidak Ada,Buruh/Petani,> Rp 5.000.000,Lancar,Lengkap,Tinggi
Ibun Nashiruddin,8B,2025/2026,208,Baik,97.6,Tinggi,0,Tidak Ada,Wiraswasta,Rp 2.000.000 - Rp 5.000.000,Lancar,Lengkap,Rendah
Lukman Widodo,7B,2024/2025,238,Sangat Baik,69.2,Rendah,0,Tidak Ada,Karyawan Swasta,Rp 2.000.000 - Rp 5.000.000,Menunggak 1-2 Bulan,Lengkap,Sedang
Johan Utama,9C,2025/2026,204,Baik,66.3,Rendah,0,Tidak Ada,Wiraswasta,Rp 2.000.000 - Rp 5.000.000,Lancar,Lengkap,Sedang
Karta Rahmawati,8A,2023/2024,193,Kurang,81.3,Sedang,1,Ringan,PNS/TNI/Polri,< Rp 2.000.000,Lancar,Yatim,Sedang
Gawati Ramadan,8B,2023/2024,186,Kurang,80.9,Sedang,0,Tidak Ada,Wiraswasta,Rp 2.000.000 - Rp 5.000.000,Lancar,Lengkap,Sedang
Latika Lailasari,9C,2023/2024,237,Sangat Baik,80.8,Sedang,0,Tidak Ada,PNS/TNI/Polri,< Rp 2.000.000,Lancar,Lengkap,Rendah
Ayu Samosir,9B,2023/2024,222,Sangat Baik,80.2,Sedang,0,Tidak Ada,PNS/TNI/Polri,> Rp 5.000.000,Lancar,Lengkap,Rendah
Marsudi Samosir,8A,2025/2026,188,Kurang,90.4,Tinggi,0,Tidak Ada,Buruh/Petani,Rp 2.000.000 - Rp 5.000.000,Menunggak 1-2 Bulan,Lengkap,Sedang
Capa Setiawan,9A,2024/2025,205,Baik,65.6,Rendah,1,Ringan,Karyawan Swasta,< Rp 2.000.000,Lancar,Lengkap,Sedang
Purwadi Waluyo,9C,2024/2025,228,Sangat Baik,91.3,Tinggi,0,Tidak Ada,Wiraswasta,> Rp 5.000.000,Lancar,Lengkap,Rendah
Virman Pranowo,9A,2023/2024,219,Baik,80.6,Sedang,5,Sedang/Berat,Buruh/Petani,> Rp 5.000.000,Lancar,Lengkap,Sedang
Asirwada Anggraini,7A,2024/2025,182,Kurang,89.4,Tinggi,2,Ringan,Karyawan Swasta,Rp 2.000.000 - Rp 5.000.000,Lancar,Lengkap,Sedang
Rina Puspasari,7A,2023/2024,188,Kurang,74.0,Rendah,0,Tidak Ada,Karyawan Swasta,< Rp 2.000.000,Menunggak >2 Bulan,Yatim,Tinggi
Hadi Agustina,9C,2024/2025,239,Sangat Baik,94.4,Tinggi,0,Tidak Ada,Karyawan Swasta,Rp 2.000.000 - Rp 5.000.000,Lancar,Lengkap,Rendah
Jaka Winarno,7A,2025/2026,220,Sangat Baik,81.5,Sedang,0,Tidak Ada,Karyawan Swasta,Rp 2.000.000 - Rp 5.000.000,Lancar,Lengkap,Rendah
Aswani Nurdiyanti,8C,2024/2025,224,Sangat Baik,88.1,Tinggi,1,Ringan,PNS/TNI/Polri,> Rp 5.000.000,Lancar,Lengkap,Rendah
Sakti Najmudin,9A,2024/2025,222,Sangat Baik,73.4,Rendah,1,Ringan,Tidak Bekerja,< Rp 2.000.000,Lancar,Lengkap,Sedang
Edward Padmasari,9B,2023/2024,219,Baik,92.0,Tinggi,0,Tidak Ada,Karyawan Swasta,Rp 2.000.000 - Rp 5.000.000,Lancar,Lengkap,Rendah
Wahyu Namaga,9A,2025/2026,187,Kurang,92.0,Tinggi,1,Ringan,Wiraswasta,< Rp 2.000.000,Menunggak 1-2 Bulan,Lengkap,Sedang
Fathonah Natsir,9A,2023/2024,198,Kurang,65.5,Rendah,2,Ringan,Wiraswasta,< Rp 2.000.000,Menunggak >2 Bulan,Lengkap,Tinggi
Najam Saputra,8A,2024/2025,180,Kurang,73.2,Rendah,0,Tidak Ada,Wiraswasta,< Rp 2.000.000,Menunggak >2 Bulan,Lengkap,Tinggi
Lidya Usada,9C,2025/2026,233,Sangat Baik,96.2,Tinggi,0,Tidak Ada,Wiraswasta,> Rp 5.000.000,Lancar,Lengkap,Rendah
Kartika Pradipta,7C,2025/2026,213,Baik,80.1,Sedang,0,Tidak Ada,Karyawan Swasta,> Rp 5.000.000,Lancar,Lengkap,Rendah
Pangeran Hidayanto,8C,2023/2024,212,Baik,96.9,Tinggi,0,Tidak Ada,Karyawan Swasta,> Rp 5.000.000,Lancar,Lengkap,Rendah
Salimah Mansur,7C,2023/2024,200,Baik,84.1,Sedang,0,Tidak Ada,PNS/TNI/Polri,Rp 2.000.000 - Rp 5.000.000,Lancar,Lengkap,Rendah
Carla Lazuardi,7A,2025/2026,193,Kurang,85.1,Tinggi,1,Ringan,Karyawan Swasta,Rp 2.000.000 - Rp 5.000.000,Lancar,Lengkap,Sedang
Gabriella Hardiansyah,7B,2023/2024,214,Baik,92.7,Tinggi,0,Tidak Ada,Karyawan Swasta,Rp 2.000.000 - Rp 5.000.000,Lancar,Lengkap,Rendah
Titin Hutagalung,7A,2025/2026,207,Baik,86.3,Tinggi,0,Tidak Ada,PNS/TNI/Polri,Rp 2.000.000 - Rp 5.000.000,Lancar,Lengkap,Rendah
Restu Kusumo,7C,2023/2024,233,Sangat Baik,78.8,Sedang,1,Ringan,Wiraswasta,> Rp 5.000.000,Lancar,Lengkap,Rendah
Restu Situmorang,9A,2024/2025,224,Sangat Baik,83.7,Sedang,0,Tidak Ada,PNS/TNI/Polri,> Rp 5.000.000,Lancar,Lengkap,Rendah
Himawan Waluyo,9B,2025/2026,180,Kurang,73.6,Rendah,0,Tidak Ada,Wiraswasta,Rp 2.000.000 - Rp 5.000.000,Menunggak >2 Bulan,Lengkap,Tinggi
Ira Dongoran,8B,2023/2024,192,Kurang,66.4,Rendah,0,Tidak Ada,Buruh/Petani,< Rp 2.000.000,Menunggak >2 Bulan,Lengkap,Tinggi
Mulyanto Halim,8A,2025/2026,226,Sangat Baik,65.2,Rendah,0,Tidak Ada,Wiraswasta,Rp 2.000.000 - Rp 5.000.000,Menunggak >2 Bulan,Lengkap,Sedang
Puti Fitria Pratama,8B,2024/2025,190,Kurang,72.9,Rendah,1,Ringan,Tidak Bekerja,< Rp 2.000.000,Menunggak >2 Bulan,Lengkap,Tinggi
Jessica Hastuti,9B,2025/2026,191,Kurang,83.8,Sedang,0,Tidak Ada,Wiraswasta,Rp 2.000.000 - Rp 5.000.000,Lancar,Yatim,Sedang
Ulva Marpaung,9B,2025/2026,208,Baik,67.5,Rendah,3,Sedang/Berat,Karyawan Swasta,Rp 2.000.000 - Rp 5.000.000,Menunggak 1-2 Bulan,Yatim Piatu,Tinggi
Siti Putra,7A,2025/2026,233,Sangat Baik,74.1,Rendah,0,Tidak Ada,Wiraswasta,Rp 2.000.000 - Rp 5.000.000,Menunggak 1-2 Bulan,Lengkap,Sedang
Hasan Tarihoran,9B,2024/2025,213,Baik,74.5,Rendah,0,Tidak Ada,Tidak Bekerja,Rp 2.000.000 - Rp 5.000.000,Menunggak 1-2 Bulan,Lengkap,Sedang
Syahrini Dabukke,9B,2024/2025,209,Baik,77.0,Sedang,0,Tidak Ada,PNS/TNI/Polri,Rp 2.000.000 - Rp 5.000.000,Menunggak 1-2 Bulan,Yatim,Sedang
Ami Nugroho,7C,2025/2026,206,Baik,68.4,Rendah,0,Tidak Ada,PNS/TNI/Polri,Rp 2.000.000 - Rp 5.000.000,Lancar,Lengkap,Sedang
Oman Mayasari,8B,2023/2024,194,Kurang,69.0,Rendah,0,Tidak Ada,Tidak Bekerja,< Rp 2.000.000,Menunggak >2 Bulan,Yatim Piatu,Tinggi
Paramita Rajata,8B,2025/2026,216,Baik,69.0,Rendah,1,Ringan,Wiraswasta,> Rp 5.000.000,Lancar,Yatim,Sedang
Olga Utami,8C,2025/2026,209,Baik,71.6,Rendah,1,Ringan,PNS/TNI/Polri,< Rp 2.000.000,Lancar,Lengkap,Sedang
Jamil Prasetyo,8B,2023/2024,181,Kurang,70.1,Rendah,0,Tidak Ada,Buruh/Petani,< Rp 2.000.000,Lancar,Lengkap,Tinggi
Lanang Pertiwi,9C,2023/2024,207,Baik,90.5,Tinggi,0,Tidak Ada,Karyawan Swasta,> Rp 5.000.000,Lancar,Lengkap,Rendah
Darijan Dongoran,7B,2024/2025,206,Baik,82.9,Sedang,0,Tidak Ada,Karyawan Swasta,Rp 2.000.000 - Rp 5.000.000,Lancar,Lengkap,Rendah
Eja Suartini,8C,2023/2024,185,Kurang,78.4,Sedang,2,Ringan,Buruh/Petani,< Rp 2.000.000,Menunggak >2 Bulan,Yatim,Tinggi
Jagaraga Prayoga,7B,2023/2024,191,Kurang,88.0,Tinggi,0,Tidak Ada,Karyawan Swasta,Rp 2.000.000 - Rp 5.000.000,Lancar,Lengkap,Sedang
Ifa Maulana,8B,2025/2026,191,Kurang,94.8,Tinggi,0,Tidak Ada,Wiraswasta,Rp 2.000.000 - Rp 5.000.000,Menunggak 1-2 Bulan,Lengkap,Sedang
Karma Sihombing,8C,2024/2025,197,Kurang,74.4,Rendah,0,Tidak Ada,Buruh/Petani,< Rp 2.000.000,Menunggak 1-2 Bulan,Yatim,Tinggi
Hairyanto Januar,9A,2023/2024,230,Sangat Baik,81.3,Sedang,0,Tidak Ada,Karyawan Swasta,Rp 2.000.000 - Rp 5.000.000,Lancar,Lengkap,Rendah
Dalima Nasyidah,9B,2025/2026,224,Sangat Baik,96.3,Tinggi,0,Tidak Ada,Karyawan Swasta,> Rp 5.000.000,Lancar,Lengkap,Rendah
Puti Ami Maryati,7B,2025/2026,191,Kurang,75.8,Sedang,2,Ringan,PNS/TNI/Polri,< Rp 2.000.000,Menunggak >2 Bulan,Lengkap,Tinggi
Asirwanda Wahyuni,7C,2024/2025,219,Baik,91.8,Tinggi,0,Tidak Ada,Karyawan Swasta,< Rp 2.000.000,Lancar,Yatim,Rendah
Queen Suwarno,7C,2023/2024,240,Sangat Baik,69.3,Rendah,2,Ringan,Karyawan Swasta,Rp 2.000.000 - Rp 5.000.000,Menunggak >2 Bulan,Lengkap,Sedang
Ani Pranowo,7A,2025/2026,226,Sangat Baik,65.3,Rendah,1,Ringan,Wiraswasta,< Rp 2.000.000,Lancar,Lengkap,Sedang
Indra Simanjuntak,9B,2023/2024,204,Baik,95.6,Tinggi,0,Tidak Ada,PNS/TNI/Polri,> Rp 5.000.000,Lancar,Lengkap,Rendah
Rika Waskita,9A,2025/2026,206,Baik,79.0,Sedang,0,Tidak Ada,PNS/TNI/Polri,< Rp 2.000.000,Menunggak >2 Bulan,Lengkap,Sedang
Ami Halim,8C,2024/2025,214,Baik,89.1,Tinggi,0,Tidak Ada,PNS/TNI/Polri,> Rp 5.000.000,Lancar,Lengkap,Rendah
Lulut Yuliarti,8B,2024/2025,221,Sangat Baik,67.2,Rendah,0,Tidak Ada,Karyawan Swasta,< Rp 2.000.000,Lancar,Lengkap,Sedang
Garda Suartini,8A,2023/2024,190,Kurang,75.8,Sedang,0,Tidak Ada,Wiraswasta,Rp 2.000.000 - Rp 5.000.000,Menunggak >2 Bulan,Lengkap,Sedang
Viman Suwarno,7A,2024/2025,231,Sangat Baik,92.8,Tinggi,1,Ringan,Karyawan Swasta,Rp 2.000.000 - Rp 5.000.000,Lancar,Lengkap,Rendah
Emin Pradana,7C,2024/2025,215,Baik,77.2,Sedang,0,Tidak Ada,Buruh/Petani,> Rp 5.000.000,Lancar,Lengkap,Sedang
Zaenab Utama,9A,2023/2024,184,Kurang,97.1,Tinggi,1,Ringan,Karyawan Swasta,Rp 2.000.000 - Rp 5.000.000,Lancar,Lengkap,Sedang
Taswir Farida,8B,2024/2025,182,Kurang,96.4,Tinggi,0,Tidak Ada,Karyawan Swasta,Rp 2.000.000 - Rp 5.000.000,Menunggak 1-2 Bulan,Yatim,Sedang
Opan Putra,8C,2023/2024,224,Sangat Baik,68.3,Rendah,0,Tidak Ada,Wiraswasta,Rp 2.000.000 - Rp 5.000.000,Lancar,Yatim,Sedang
Dipa Wulandari,9B,2023/2024,206,Baik,97.1,Tinggi,0,Tidak Ada,Karyawan Swasta,> Rp 5.000.000,Lancar,Lengkap,Rendah
Raisa Najmudin,7C,2024/2025,207,Baik,66.7,Rendah,0,Tidak Ada,Karyawan Swasta,Rp 2.000.000 - Rp 5.000.000,Menunggak 1-2 Bulan,Lengkap,Sedang
Sidiq Wacana,7B,2024/2025,213,Baik,89.2,Tinggi,0,Tidak Ada,Karyawan Swasta,Rp 2.000.000 - Rp 5.000.000,Lancar,Lengkap,Rendah
Dagel Hidayanto,7C,2023/2024,192,Kurang,91.1,Tinggi,0,Tidak Ada,PNS/TNI/Polri,< Rp 2.000.000,Lancar,Lengkap,Sedang
Puspa Permadi,8A,2024/2025,213,Baik,65.0,Rendah,0,Tidak Ada,Tidak Bekerja,< Rp 2.000.000,Lancar,Lengkap,Sedang
Endah Wijayanti,8B,2024/2025,230,Sangat Baik,78.5,Sedang,1,Ringan,Wiraswasta,< Rp 2.000.000,Menunggak 1-2 Bulan,Lengkap,Rendah
Karman Santoso,8B,2023/2024,199,Kurang,79.1,Sedang,10,Sedang/Berat,Buruh/Petani,Rp 2.000.000 - Rp 5.000.000,Menunggak 1-2 Bulan,Lengkap,Tinggi
Lukita Mardhiyah,7C,2025/2026,191,Kurang,86.7,Tinggi,0,Tidak Ada,PNS/TNI/Polri,Rp 2.000.000 - Rp 5.000.000,Lancar,Lengkap,Sedang
Utama Pangestu,8B,2023/2024,203,Baik,94.3,Tinggi,3,Sedang/Berat,Buruh/Petani,< Rp 2.000.000,Lancar,Lengkap,Sedang
Ella Kusmawati,8B,2023/2024,191,Kurang,94.3,Tinggi,0,Tidak Ada,Karyawan Swasta,Rp 2.000.000 - Rp 5.000.000,Menunggak 1-2 Bulan,Lengkap,Sedang
Devi Iswahyudi,9B,2025/2026,189,Kurang,77.4,Sedang,0,Tidak Ada,Buruh/Petani,Rp 2.000.000 - Rp 5.000.000,Lancar,Yatim,Sedang
Pia Saefullah,7A,2024/2025,206,Baik,77.8,Sedang,5,Sedang/Berat,Buruh/Petani,< Rp 2.000.000,Menunggak 1-2 Bulan,Lengkap,Tinggi
Jasmin Usada,8A,2023/2024,221,Sangat Baik,82.2,Sedang,1,Ringan,Tidak Bekerja,Rp 2.000.000 - Rp 5.000.000,Lancar,Lengkap,Rendah
Kurnia Mulyani,9B,2023/2024,218,Baik,88.7,Tinggi,1,Ringan,Wiraswasta,Rp 2.000.000 - Rp 5.000.000,Lancar,Lengkap,Rendah
Oliva Pudjiastuti,7A,2024/2025,221,Sangat Baik,83.7,Sedang,1,Ringan,PNS/TNI/Polri,> Rp 5.000.000,Lancar,Lengkap,Rendah
Harjasa Hassanah,9B,2025/2026,204,Baik,85.0,Tinggi,0,Tidak Ada,Karyawan Swasta,> Rp 5.000.000,Lancar,Yatim,Rendah
Luthfi Purwanti,8A,2023/2024,222,Sangat Baik,87.1,Tinggi,0,Tidak Ada,PNS/TNI/Polri,> Rp 5.000.000,Lancar,Lengkap,Rendah
Cawuk Jailani,7B,2024/2025,181,Kurang,71.4,Rendah,0,Tidak Ada,Buruh/Petani,Rp 2.000.000 - Rp 5.000.000,Menunggak >2 Bulan,Lengkap,Tinggi
Gamanto Dabukke,7A,2023/2024,233,Sangat Baik,75.2,Sedang,0,Tidak Ada,PNS/TNI/Polri,Rp 2.000.000 - Rp 5.000.000,Lancar,Lengkap,Rendah
Hani Susanti,8B,2024/2025,227,Sangat Baik,88.6,Tinggi,0,Tidak Ada,Karyawan Swasta,> Rp 5.000.000,Menunggak 1-2 Bulan,Lengkap,Rendah
Puti Icha Prasetyo,8C,2023/2024,183,Kurang,81.2,Sedang,0,Tidak Ada,PNS/TNI/Polri,Rp 2.000.000 - Rp 5.000.000,Menunggak 1-2 Bulan,Lengkap,Sedang
Tantri Wibowo,9B,2025/2026,193,Kurang,89.6,Tinggi,3,Sedang/Berat,Tidak Bekerja,< Rp 2.000.000,Menunggak 1-2 Bulan,Yatim,Sedang
Artanto Marbun,9A,2023/2024,220,Sangat Baik,74.7,Rendah,1,Ringan,Wiraswasta,Rp 2.000.000 - Rp 5.000.000,Menunggak 1-2 Bulan,Lengkap,Sedang
Ayu Usamah,7C,2023/2024,218,Baik,72.3,Rendah,1,Ringan,Buruh/Petani,Rp 2.000.000 - Rp 5.000.000,Lancar,Lengkap,Sedang
Rika Mandasari,9A,2024/2025,232,Sangat Baik,83.5,Sedang,0,Tidak Ada,PNS/TNI/Polri,Rp 2.000.000 - Rp 5.000.000,Lancar,Lengkap,Rendah
Tiara Andriani,8B,2024/2025,198,Kurang,96.4,Tinggi,0,Tidak Ada,Tidak Bekerja,Rp 2.000.000 - Rp 5.000.000,Lancar,Lengkap,Sedang
Tantri Mardhiyah,7A,2024/2025,184,Kurang,78.2,Sedang,0,Tidak Ada,Karyawan Swasta,> Rp 5.000.000,Menunggak 1-2 Bulan,Lengkap,Sedang
Kania Iswahyudi,9C,2025/2026,185,Kurang,65.4,Rendah,1,Ringan,Karyawan Swasta,< Rp 2.000.000,Menunggak >2 Bulan,Lengkap,Tinggi
Kanda Lestari,9B,2025/2026,238,Sangat Baik,89.6,Tinggi,0,Tidak Ada,Wiraswasta,> Rp 5.000.000,Lancar,Lengkap,Rendah
Michelle Andriani,9B,2023/2024,221,Sangat Baik,98.3,Tinggi,3,Sedang/Berat,Karyawan Swasta,Rp 2.000.000 - Rp 5.000.000,Lancar,Lengkap,Rendah
Farah Agustina,8B,2023/2024,231,Sangat Baik,98.3,Tinggi,2,Ringan,PNS/TNI/Polri,Rp 2.000.000 - Rp 5.000.000,Lancar,Lengkap,Rendah
Maida Hakim,9C,2024/2025,180,Kurang,65.1,Rendah,0,Tidak Ada,Buruh/Petani,Rp 2.000.000 - Rp 5.000.000,Lancar,Lengkap,Tinggi
Cawisono Mandasari,9B,2023/2024,215,Baik,93.0,Tinggi,1,Ringan,Karyawan Swasta,> Rp 5.000.000,Lancar,Lengkap,Rendah
Ratih Irawan,9B,2023/2024,192,Kurang,84.5,Sedang,0,Tidak Ada,Buruh/Petani,Rp 2.000.000 - Rp 5.000.000,Menunggak 1-2 Bulan,Lengkap,Sedang
Hana Hutapea,7B,2023/2024,220,Sangat Baik,73.0,Rendah,0,Tidak Ada,Wiraswasta,Rp 2.000.000 - Rp 5.000.000,Menunggak 1-2 Bulan,Yatim,Sedang
Ika Laksita,9B,2025/2026,217,Baik,66.9,Rendah,0,Tidak Ada,Karyawan Swasta,> Rp 5.000.000,Menunggak 1-2 Bulan,Lengkap,Sedang
Among Budiyanto,7C,2024/2025,189,Kurang,68.9,Rendah,0,Tidak Ada,Wiraswasta,Rp 2.000.000 - Rp 5.000.000,Menunggak 1-2 Bulan,Piatu,Tinggi
Lidya Mandasari,9B,2023/2024,196,Kurang,69.1,Rendah,3,Sedang/Berat,Wiraswasta,Rp 2.000.000 - Rp 5.000.000,Menunggak 1-2 Bulan,Yatim,Tinggi
Restu Ramadan,9B,2023/2024,182,Kurang,67.9,Rendah,0,Tidak Ada,Karyawan Swasta,< Rp 2.000.000,Menunggak >2 Bulan,Yatim Piatu,Tinggi
Taufan Budiyanto,7B,2023/2024,207,Baik,85.7,Tinggi,0,Tidak Ada,Buruh/Petani,Rp 2.000.000 - Rp 5.000.000,Lancar,Lengkap,Rendah
Irma Wibowo,8A,2025/2026,226,Sangat Baik,74.0,Rendah,1,Ringan,PNS/TNI/Polri,Rp 2.000.000 - Rp 5.000.000,Lancar,Lengkap,Sedang
Asirwada Tampubolon,7A,2025/2026,238,Sangat Baik,94.7,Tinggi,1,Ringan,PNS/TNI/Polri,Rp 2.000.000 - Rp 5.000.000,Menunggak 1-2 Bulan,Lengkap,Rendah
Chelsea Maryadi,7B,2025/2026,219,Baik,70.3,Rendah,0,Tidak Ada,Karyawan Swasta,Rp 2.000.000 - Rp 5.000.000,Lancar,Lengkap,Sedang
Elisa Latupono,9C,2023/2024,189,Kurang,81.9,Sedang,0,Tidak Ada,Wiraswasta,Rp 2.000.000 - Rp 5.000.000,Menunggak >2 Bulan,Piatu,Sedang
Yulia Simanjuntak,7B,2024/2025,207,Baik,79.4,Sedang,0,Tidak Ada,PNS/TNI/Polri,Rp 2.000.000 - Rp 5.000.000,Lancar,Lengkap,Sedang
Winda Adriansyah,8C,2023/2024,207,Baik,95.8,Tinggi,0,Tidak Ada,Karyawan Swasta,Rp 2.000.000 - Rp 5.000.000,Lancar,Lengkap,Rendah
Vega Mulyani,7B,2024/2025,209,Baik,73.3,Rendah,0,Tidak Ada,Karyawan Swasta,Rp 2.000.000 - Rp 5.000.000,Menunggak 1-2 Bulan,Lengkap,Sedang
Teddy Haryanto,8A,2024/2025,197,Kurang,96.5,Tinggi,0,Tidak Ada,Karyawan Swasta,< Rp 2.000.000,Lancar,Lengkap,Sedang
Luwar Hidayanto,8C,2023/2024,207,Baik,86.3,Tinggi,0,Tidak Ada,Karyawan Swasta,> Rp 5.000.000,Lancar,Lengkap,Rendah
Bagas Mulyani,8A,2024/2025,215,Baik,71.5,Rendah,0,Tidak Ada,Buruh/Petani,Rp 2.000.000 - Rp 5.000.000,Menunggak 1-2 Bulan,Lengkap,Sedang
Prayogo Puspasari,8A,2024/2025,229,Sangat Baik,72.0,Rendah,0,Tidak Ada,Buruh/Petani,< Rp 2.000.000,Lancar,Lengkap,Sedang
Balidin Sihombing,9A,2024/2025,222,Sangat Baik,75.4,Sedang,0,Tidak Ada,Wiraswasta,> Rp 5.000.000,Lancar,Lengkap,Rendah
Karsa Waskita,7B,2024/2025,197,Kurang,70.4,Rendah,0,Tidak Ada,Buruh/Petani,< Rp 2.000.000,Menunggak 1-2 Bulan,Yatim,Tinggi
Kamila Jailani,9B,2024/2025,214,Baik,94.7,Tinggi,0,Tidak Ada,Karyawan Swasta,Rp 2.000.000 - Rp 5.000.000,Menunggak 1-2 Bulan,Lengkap,Rendah
Vanesa Wibisono,9C,2025/2026,210,Baik,80.5,Sedang,0,Tidak Ada,PNS/TNI/Polri,> Rp 5.000.000,Lancar,Lengkap,Rendah
Diah Pradipta,9A,2024/2025,220,Sangat Baik,94.5,Tinggi,2,Ringan,PNS/TNI/Polri,> Rp 5.000.000,Lancar,Lengkap,Rendah
Saiful Najmudin,8C,2025/2026,200,Baik,73.0,Rendah,0,Tidak Ada,PNS/TNI/Polri,< Rp 2.000.000,Menunggak >2 Bulan,Lengkap,Sedang
Tira Yolanda,8C,2025/2026,201,Baik,89.7,Tinggi,2,Ringan,Wiraswasta,Rp 2.000.000 - Rp 5.000.000,Menunggak >2 Bulan,Lengkap,Sedang
Malik Pudjiastuti,7C,2024/2025,235,Sangat Baik,68.4,Rendah,0,Tidak Ada,PNS/TNI/Polri,Rp 2.000.000 - Rp 5.000.000,Menunggak >2 Bulan,Lengkap,Sedang
Bakidin Nurdiyanti,8B,2025/2026,181,Kurang,83.4,Sedang,1,Ringan,PNS/TNI/Polri,Rp 2.000.000 - Rp 5.000.000,Menunggak 1-2 Bulan,Piatu,Sedang
Hana Manullang,8A,2024/2025,203,Baik,77.2,Sedang,0,Tidak Ada,PNS/TNI/Polri,Rp 2.000.000 - Rp 5.000.000,Menunggak >2 Bulan,Lengkap,Sedang
Daru Utama,9B,2023/2024,216,Baik,72.0,Rendah,1,Ringan,Wiraswasta,> Rp 5.000.000,Lancar,Lengkap,Sedang
Banara Prayoga,9A,2025/2026,224,Sangat Baik,96.3,Tinggi,2,Ringan,PNS/TNI/Polri,> Rp 5.000.000,Lancar,Lengkap,Rendah
Ghaliyati Prayoga,7B,2025/2026,193,Kurang,88.1,Tinggi,0,Tidak Ada,Tidak Bekerja,< Rp 2.000.000,Lancar,Lengkap,Sedang
Olivia Usada,7B,2023/2024,211,Baik,86.7,Tinggi,0,Tidak Ada,Karyawan Swasta,< Rp 2.000.000,Lancar,Lengkap,Rendah
Puput Namaga,9C,2025/2026,202,Baik,87.3,Tinggi,0,Tidak Ada,Wiraswasta,> Rp 5.000.000,Lancar,Lengkap,Rendah
Gantar Rahimah,8C,2024/2025,212,Baik,97.4,Tinggi,0,Tidak Ada,PNS/TNI/Polri,Rp 2.000.000 - Rp 5.000.000,Lancar,Lengkap,Rendah
Puti Icha Pertiwi,7C,2024/2025,193,Kurang,92.8,Tinggi,0,Tidak Ada,PNS/TNI/Polri,< Rp 2.000.000,Lancar,Lengkap,Sedang
Wirda Samosir,9C,2023/2024,228,Sangat Baik,83.5,Sedang,2,Ringan,PNS/TNI/Polri,Rp 2.000.000 - Rp 5.000.000,Menunggak 1-2 Bulan,Lengkap,Rendah
Salman Pertiwi,8B,2025/2026,240,Sangat Baik,94.5,Tinggi,2,Ringan,Wiraswasta,Rp 2.000.000 - Rp 5.000.000,Lancar,Lengkap,Rendah
Digdaya Usamah,9B,2023/2024,185,Kurang,80.7,Sedang,0,Tidak Ada,Karyawan Swasta,Rp 2.000.000 - Rp 5.000.000,Lancar,Lengkap,Sedang
Hasim Ramadan,8B,2025/2026,240,Sangat Baik,97.2,Tinggi,0,Tidak Ada,PNS/TNI/Polri,Rp 2.000.000 - Rp 5.000.000,Menunggak 1-2 Bulan,Lengkap,Rendah
Surya Waskita,7C,2023/2024,193,Kurang,71.9,Rendah,2,Ringan,Wiraswasta,< Rp 2.000.000,Lancar,Lengkap,Tinggi
Prasetya Wijayanti,9B,2023/2024,234,Sangat Baik,67.3,Rendah,1,Ringan,Karyawan Swasta,Rp 2.000.000 - Rp 5.000.000,Lancar,Lengkap,Sedang
Pia Kusmawati,8C,2024/2025,217,Baik,70.4,Rendah,0,Tidak Ada,Wiraswasta,Rp 2.000.000 - Rp 5.000.000,Lancar,Lengkap,Sedang
Puji Wastuti,8C,2025/2026,207,Baik,79.9,Sedang,0,Tidak Ada,Buruh/Petani,< Rp 2.000.000,Lancar,Lengkap,Sedang
Laila Yolanda,9A,2024/2025,202,Baik,88.4,Tinggi,1,Ringan,Karyawan Swasta,Rp 2.000.000 - Rp 5.000.000,Lancar,Lengkap,Rendah
Wardi Puspasari,9C,2024/2025,221,Sangat Baik,81.9,Sedang,0,Tidak Ada,PNS/TNI/Polri,Rp 2.000.000 - Rp 5.000.000,Lancar,Lengkap,Rendah
Sari Riyanti,8A,2025/2026,236,Sangat Baik,89.3,Tinggi,1,Ringan,Karyawan Swasta,> Rp 5.000.000,Lancar,Lengkap,Rendah
Endah Uwais,8A,2025/2026,234,Sangat Baik,65.5,Rendah,0,Tidak Ada,Wiraswasta,Rp 2.000.000 - Rp 5.000.000,Lancar,Lengkap,Sedang
Prabawa Andriani,9C,2024/2025,193,Kurang,70.6,Rendah,1,Ringan,Buruh/Petani,< Rp 2.000.000,Menunggak >2 Bulan,Yatim,Tinggi
Qori Puspasari,8C,2025/2026,240,Sangat Baik,76.0,Sedang,1,Ringan,Buruh/Petani,> Rp 5.000.000,Lancar,Lengkap,Rendah
Budi Kuswandari,9A,2024/2025,211,Baik,97.3,Tinggi,0,Tidak Ada,Wiraswasta,Rp 2.000.000 - Rp 5.000.000,Menunggak >2 Bulan,Lengkap,Rendah
Dariati Samosir,8C,2023/2024,226,Sangat Baik,69.2,Rendah,1,Ringan,PNS/TNI/Polri,< Rp 2.000.000,Menunggak 1-2 Bulan,Lengkap,Sedang
Caket Nashiruddin,9C,2025/2026,229,Sangat Baik,74.5,Rendah,0,Tidak Ada,PNS/TNI/Polri,Rp 2.000.000 - Rp 5.000.000,Lancar,Lengkap,Sedang
Putri Mansur,9A,2023/2024,208,Baik,96.0,Tinggi,0,Tidak Ada,Karyawan Swasta,Rp 2.000.000 - Rp 5.000.000,Lancar,Lengkap,Rendah
Gabriella Natsir,8A,2023/2024,199,Kurang,92.1,Tinggi,0,Tidak Ada,Wiraswasta,Rp 2.000.000 - Rp 5.000.000,Lancar,Lengkap,Sedang
Irma Setiawan,9B,2024/2025,207,Baik,65.3,Rendah,0,Tidak Ada,Karyawan Swasta,> Rp 5.000.000,Menunggak 1-2 Bulan,Lengkap,Sedang
Samsul Saragih,8C,2025/2026,233,Sangat Baik,86.1,Tinggi,0,Tidak Ada,Wiraswasta,Rp 2.000.000 - Rp 5.000.000,Lancar,Lengkap,Rendah
Capa Halimah,8B,2025/2026,225,Sangat Baik,87.2,Tinggi,0,Tidak Ada,Buruh/Petani,> Rp 5.000.000,Lancar,Lengkap,Rendah
Mila Napitupulu,9A,2025/2026,204,Baik,71.4,Rendah,2,Ringan,Buruh/Petani,Rp 2.000.000 - Rp 5.000.000,Menunggak >2 Bulan,Piatu,Tinggi
Wirda Irawan,9B,2025/2026,235,Sangat Baik,86.5,Tinggi,0,Tidak Ada,Wiraswasta,Rp 2.000.000 - Rp 5.000.000,Lancar,Lengkap,Rendah
Rendy Prastuti,8A,2025/2026,212,Baik,68.4,Rendah,0,Tidak Ada,Karyawan Swasta,< Rp 2.000.000,Lancar,Lengkap,Sedang
Daru Susanti,8A,2024/2025,222,Sangat Baik,70.7,Rendah,0,Tidak Ada,Karyawan Swasta,Rp 2.000.000 - Rp 5.000.000,Lancar,Lengkap,Sedang
Adinata Hassanah,7A,2025/2026,231,Sangat Baik,76.9,Sedang,0,Tidak Ada,PNS/TNI/Polri,> Rp 5.000.000,Lancar,Lengkap,Rendah
Dewi Maryadi,7C,2024/2025,234,Sangat Baik,98.3,Tinggi,2,Ringan,PNS/TNI/Polri,> Rp 5.000.000,Lancar,Lengkap,Rendah
Wulan Mandasari,8A,2023/2024,217,Baik,95.2,Tinggi,0,Tidak Ada,Wiraswasta,Rp 2.000.000 - Rp 5.000.000,Menunggak 1-2 Bulan,Lengkap,Rendah
Rahayu Suryatmi,7A,2024/2025,185,Kurang,70.4,Rendah,0,Tidak Ada,Buruh/Petani,Rp 2.000.000 - Rp 5.000.000,Menunggak >2 Bulan,Yatim,Tinggi
Puti Tiara Setiawan,9C,2024/2025,211,Baik,76.0,Sedang,1,Ringan,Karyawan Swasta,> Rp 5.000.000,Lancar,Lengkap,Sedang
Samiah Prasasta,9A,2024/2025,234,Sangat Baik,86.2,Tinggi,0,Tidak Ada,Wiraswasta,> Rp 5.000.000,Lancar,Piatu,Rendah
Mahfud Haryanto,9B,2023/2024,239,Sangat Baik,91.9,Tinggi,0,Tidak Ada,Wiraswasta,> Rp 5.000.000,Lancar,Lengkap,Rendah
Limar Habibi,7A,2023/2024,238,Sangat Baik,71.5,Rendah,2,Ringan,Buruh/Petani,< Rp 2.000.000,Menunggak 1-2 Bulan,Lengkap,Sedang
Gamani Sihombing,7A,2023/2024,237,Sangat Baik,74.0,Rendah,0,Tidak Ada,Karyawan Swasta,Rp 2.000.000 - Rp 5.000.000,Lancar,Lengkap,Sedang
Titi Lestari,7B,2025/2026,212,Baik,68.7,Rendah,1,Ringan,Buruh/Petani,< Rp 2.000.000,Lancar,Lengkap,Sedang
Ibun Situmorang,9B,2025/2026,224,Sangat Baik,74.3,Rendah,0,Tidak Ada,Wiraswasta,Rp 2.000.000 - Rp 5.000.000,Menunggak 1-2 Bulan,Lengkap,Sedang
Zizi Kusmawati,8B,2025/2026,216,Baik,85.1,Tinggi,0,Tidak Ada,PNS/TNI/Polri,Rp 2.000.000 - Rp 5.000.000,Lancar,Lengkap,Rendah
Sakura Saefullah,7A,2023/2024,186,Kurang,95.2,Tinggi,10,Sedang/Berat,Wiraswasta,< Rp 2.000.000,Menunggak 1-2 Bulan,Lengkap,Tinggi
Baktianto Nuraini,8B,2024/2025,192,Kurang,90.7,Tinggi,5,Sedang/Berat,Buruh/Petani,< Rp 2.000.000,Menunggak >2 Bulan,Lengkap,Tinggi
Makuta Tarihoran,8B,2025/2026,183,Kurang,78.3,Sedang,0,Tidak Ada,Karyawan Swasta,> Rp 5.000.000,Lancar,Lengkap,Sedang
Kenari Wacana,7C,2024/2025,198,Kurang,87.3,Tinggi,0,Tidak Ada,Wiraswasta,< Rp 2.000.000,Menunggak >2 Bulan,Lengkap,Sedang
Rika Hutasoit,8A,2025/2026,223,Sangat Baik,85.2,Tinggi,0,Tidak Ada,Wiraswasta,> Rp 5.000.000,Lancar,Yatim,Rendah
Karman Fujiati,7A,2023/2024,237,Sangat Baik,72.7,Rendah,0,Tidak Ada,Karyawan Swasta,> Rp 5.000.000,Menunggak 1-2 Bulan,Lengkap,Sedang
Gilang Waluyo,8C,2024/2025,212,Baik,98.2,Tinggi,0,Tidak Ada,PNS/TNI/Polri,< Rp 2.000.000,Lancar,Lengkap,Rendah
Lili Budiyanto,9A,2023/2024,240,Sangat Baik,80.2,Sedang,0,Tidak Ada,Karyawan Swasta,> Rp 5.000.000,Lancar,Lengkap,Rendah
Mursinin Putra,9A,2025/2026,226,Sangat Baik,82.8,Sedang,0,Tidak Ada,PNS/TNI/Polri,> Rp 5.000.000,Lancar,Lengkap,Rendah
Wadi Kuswoyo,7B,2023/2024,240,Sangat Baik,67.0,Rendah,1,Ringan,Wiraswasta,Rp 2.000.000 - Rp 5.000.000,Lancar,Lengkap,Sedang
Zulfa Rahimah,7C,2025/2026,192,Kurang,66.2,Rendah,1,Ringan,Wiraswasta,< Rp 2.000.000,Menunggak >2 Bulan,Lengkap,Tinggi
Rafid Januar,9B,2023/2024,195,Kurang,65.1,Rendah,0,Tidak Ada,Karyawan Swasta,< Rp 2.000.000,Lancar,Yatim Piatu,Tinggi
Intan Wibowo,8A,2024/2025,203,Baik,92.4,Tinggi,0,Tidak Ada,PNS/TNI/Polri,Rp 2.000.000 - Rp 5.000.000,Lancar,Lengkap,Rendah
Ajiono Pranowo,9B,2024/2025,190,Kurang,69.8,Rendah,0,Tidak Ada,Wiraswasta,< Rp 2.000.000,Menunggak >2 Bulan,Lengkap,Tinggi
Kalim Kusmawati,7B,2023/2024,223,Sangat Baik,96.7,Tinggi,0,Tidak Ada,Karyawan Swasta,> Rp 5.000.000,Lancar,Lengkap,Rendah
Ellis Mandala,8B,2023/2024,213,Baik,65.6,Rendah,0,Tidak Ada,Wiraswasta,< Rp 2.000.000,Menunggak 1-2 Bulan,Piatu,Sedang
Prayoga Wibowo,9B,2025/2026,233,Sangat Baik,88.9,Tinggi,0,Tidak Ada,PNS/TNI/Polri,> Rp 5.000.000,Lancar,Lengkap,Rendah
Pia Nuraini,7B,2025/2026,211,Baik,75.8,Sedang,2,Ringan,Tidak Bekerja,> Rp 5.000.000,Lancar,Yatim Piatu,Sedang
Mustika Samosir,7C,2025/2026,202,Baik,65.2,Rendah,0,Tidak Ada,Karyawan Swasta,Rp 2.000.000 - Rp 5.000.000,Lancar,Lengkap,Sedang
Kala Mardhiyah,8A,2023/2024,185,Kurang,82.8,Sedang,0,Tidak Ada,Karyawan Swasta,Rp 2.000.000 - Rp 5.000.000,Lancar,Yatim,Sedang
Ajiman Ramadan,7A,2024/2025,202,Baik,79.8,Sedang,0,Tidak Ada,Wiraswasta,< Rp 2.000.000,Menunggak 1-2 Bulan,Piatu,Sedang
Ellis Yuliarti,9C,2023/2024,210,Baik,66.2,Rendah,0,Tidak Ada,PNS/TNI/Polri,< Rp 2.000.000,Menunggak >2 Bulan,Lengkap,Sedang
Ella Mangunsong,8A,2024/2025,192,Kurang,80.6,Sedang,3,Sedang/Berat,Wiraswasta,< Rp 2.000.000,Lancar,Lengkap,Sedang
Dewi Anggriawan,8B,2023/2024,221,Sangat Baik,93.0,Tinggi,3,Sedang/Berat,Wiraswasta,Rp 2.000.000 - Rp 5.000.000,Lancar,Lengkap,Rendah
Sutan Kayun Rahimah,7A,2023/2024,238,Sangat Baik,91.6,Tinggi,0,Tidak Ada,Buruh/Petani,> Rp 5.000.000,Lancar,Lengkap,Rendah
Jagaraga Natsir,8A,2025/2026,207,Baik,70.3,Rendah,1,Ringan,Karyawan Swasta,Rp 2.000.000 - Rp 5.000.000,Lancar,Lengkap,Sedang
Lukman Sinaga,9C,2025/2026,197,Kurang,76.0,Sedang,1,Ringan,Wiraswasta,< Rp 2.000.000,Menunggak 1-2 Bulan,Lengkap,Sedang
Lidya Pranowo,9C,2024/2025,191,Kurang,72.4,Rendah,0,Tidak Ada,Karyawan Swasta,Rp 2.000.000 - Rp 5.000.000,Menunggak >2 Bulan,Lengkap,Tinggi
Sutan Tugiman Haryanto,8B,2024/2025,195,Kurang,81.0,Sedang,0,Tidak Ada,Karyawan Swasta,> Rp 5.000.000,Menunggak >2 Bulan,Yatim,Sedang
Raditya Aryani,7C,2025/2026,205,Baik,80.9,Sedang,1,Ringan,Karyawan Swasta,Rp 2.000.000 - Rp 5.000.000,Lancar,Lengkap,Rendah
Rika Iswahyudi,9A,2024/2025,196,Kurang,66.5,Rendah,0,Tidak Ada,PNS/TNI/Polri,< Rp 2.000.000,Menunggak >2 Bulan,Lengkap,Tinggi
Ayu Mulyani,9C,2023/2024,206,Baik,68.9,Rendah,3,Sedang/Berat,Tidak Bekerja,< Rp 2.000.000,Menunggak >2 Bulan,Lengkap,Tinggi
Mursita Permadi,9C,2023/2024,223,Sangat Baik,77.4,Sedang,0,Tidak Ada,Karyawan Swasta,Rp 2.000.000 - Rp 5.000.000,Menunggak 1-2 Bulan,Lengkap,Rendah
Prayoga Mulyani,9C,2023/2024,193,Kurang,94.9,Tinggi,0,Tidak Ada,Wiraswasta,Rp 2.000.000 - Rp 5.000.000,Menunggak 1-2 Bulan,Lengkap,Sedang
Wulan Pranowo,7C,2025/2026,183,Kurang,85.4,Tinggi,1,Ringan,Wiraswasta,> Rp 5.000.000,Lancar,Lengkap,Sedang
Satya Oktaviani,7B,2023/2024,231,Sangat Baik,78.8,Sedang,0,Tidak Ada,Wiraswasta,Rp 2.000.000 - Rp 5.000.000,Lancar,Lengkap,Rendah
Bakidin Sirait,9C,2024/2025,212,Baik,95.9,Tinggi,0,Tidak Ada,Karyawan Swasta,< Rp 2.000.000,Lancar,Lengkap,Rendah
Silvia Agustina,7B,2025/2026,210,Baik,72.0,Rendah,0,Tidak Ada,Karyawan Swasta,> Rp 5.000.000,Menunggak 1-2 Bulan,Lengkap,Sedang
Dina Mansur,8C,2025/2026,217,Baik,91.4,Tinggi,0,Tidak Ada,Karyawan Swasta,> Rp 5.000.000,Menunggak 1-2 Bulan,Lengkap,Rendah
Suci Pertiwi,9C,2023/2024,200,Baik,93.1,Tinggi,0,Tidak Ada,Karyawan Swasta,Rp 2.000.000 - Rp 5.000.000,Lancar,Lengkap,Rendah
Juli Hassanah,8A,2023/2024,234,Sangat Baik,72.2,Rendah,1,Ringan,PNS/TNI/Polri,Rp 2.000.000 - Rp 5.000.000,Lancar,Lengkap,Sedang
Aisyah Prayoga,7C,2025/2026,220,Sangat Baik,82.8,Sedang,0,Tidak Ada,PNS/TNI/Polri,> Rp 5.000.000,Menunggak 1-2 Bulan,Lengkap,Rendah
Gandewa Dongoran,8A,2024/2025,232,Sangat Baik,67.9,Rendah,2,Ringan,Karyawan Swasta,> Rp 5.000.000,Menunggak 1-2 Bulan,Lengkap,Sedang
Nyana Adriansyah,9A,2024/2025,219,Baik,85.6,Tinggi,0,Tidak Ada,Wiraswasta,< Rp 2.000.000,Lancar,Lengkap,Rendah
Eli Astuti,7B,2025/2026,216,Baik,75.0,Sedang,0,Tidak Ada,Wiraswasta,Rp 2.000.000 - Rp 5.000.000,Lancar,Lengkap,Sedang
Gina Agustina,9C,2023/2024,221,Sangat Baik,95.4,Tinggi,0,Tidak Ada,Karyawan Swasta,> Rp 5.000.000,Lancar,Lengkap,Rendah
Jaeman Situmorang,7B,2024/2025,186,Kurang,70.6,Rendah,0,Tidak Ada,Wiraswasta,Rp 2.000.000 - Rp 5.000.000,Menunggak 1-2 Bulan,Piatu,Tinggi
Keisha Namaga,9B,2025/2026,180,Kurang,87.9,Tinggi,0,Tidak Ada,Karyawan Swasta,> Rp 5.000.000,Menunggak >2 Bulan,Lengkap,Sedang
Yuliana Zulaika,7C,2025/2026,197,Kurang,83.1,Sedang,0,Tidak Ada,Tidak Bekerja,> Rp 5.000.000,Lancar,Lengkap,Sedang
Bahuraksa Purnawati,9C,2024/2025,182,Kurang,81.2,Sedang,0,Tidak Ada,Tidak Bekerja,< Rp 2.000.000,Lancar,Lengkap,Sedang
Tami Adriansyah,8C,2023/2024,198,Kurang,95.1,Tinggi,1,Ringan,Wiraswasta,Rp 2.000.000 - Rp 5.000.000,Menunggak 1-2 Bulan,Lengkap,Sedang
Hana Yuliarti,9B,2024/2025,223,Sangat Baik,71.0,Rendah,0,Tidak Ada,Wiraswasta,< Rp 2.000.000,Lancar,Lengkap,Sedang
Tari Maryati,7C,2025/2026,208,Baik,96.8,Tinggi,3,Sedang/Berat,Buruh/Petani,> Rp 5.000.000,Lancar,Lengkap,Sedang
Zelaya Permadi,9A,2023/2024,200,Baik,89.0,Tinggi,3,Sedang/Berat,Buruh/Petani,Rp 2.000.000 - Rp 5.000.000,Lancar,Lengkap,Sedang
Dalima Nurdiyanti,9C,2024/2025,232,Sangat Baik,95.6,Tinggi,0,Tidak Ada,Karyawan Swasta,Rp 2.000.000 - Rp 5.000.000,Lancar,Lengkap,Rendah
Rina Habibi,9C,2024/2025,192,Kurang,81.1,Sedang,0,Tidak Ada,Karyawan Swasta,Rp 2.000.000 - Rp 5.000.000,Lancar,Lengkap,Sedang
Laswi Wijaya,7B,2024/2025,191,Kurang,90.6,Tinggi,1,Ringan,Karyawan Swasta,Rp 2.000.000 - Rp 5.000.000,Lancar,Yatim,Sedang
Unggul Waluyo,7C,2023/2024,229,Sangat Baik,75.9,Sedang,0,Tidak Ada,Karyawan Swasta,Rp 2.000.000 - Rp 5.000.000,Lancar,Lengkap,Rendah
Ivan Wahyudin,7A,2023/2024,220,Sangat Baik,67.3,Rendah,3,Sedang/Berat,Wiraswasta,Rp 2.000.000 - Rp 5.000.000,Lancar,Lengkap,Sedang
Yahya Sudiati,8A,2023/2024,216,Baik,92.1,Tinggi,0,Tidak Ada,Buruh/Petani,Rp 2.000.000 - Rp 5.000.000,Lancar,Lengkap,Rendah
Hamima Rahayu,8A,2024/2025,240,Sangat Baik,80.7,Sedang,0,Tidak Ada,Karyawan Swasta,Rp 2.000.000 - Rp 5.000.000,Lancar,Lengkap,Rendah
Tina Pertiwi,8A,2025/2026,229,Sangat Baik,66.1,Rendah,0,Tidak Ada,PNS/TNI/Polri,> Rp 5.000.000,Lancar,Lengkap,Sedang
Tedi Pudjiastuti,9B,2023/2024,201,Baik,85.4,Tinggi,2,Ringan,Wiraswasta,Rp 2.000.000 - Rp 5.000.000,Lancar,Lengkap,Sedang
Artanto Namaga,8C,2023/2024,199,Kurang,76.4,Sedang,0,Tidak Ada,Karyawan Swasta,Rp 2.000.000 - Rp 5.000.000,Lancar,Lengkap,Sedang
Maria Thamrin,7B,2024/2025,214,Baik,69.8,Rendah,0,Tidak Ada,Wiraswasta,> Rp 5.000.000,Menunggak 1-2 Bulan,Lengkap,Sedang
Hasna Pertiwi,9A,2023/2024,226,Sangat Baik,94.6,Tinggi,0,Tidak Ada,Buruh/Petani,> Rp 5.000.000,Lancar,Lengkap,Rendah
Sidiq Ardianto,8C,2024/2025,230,Sangat Baik,75.5,Sedang,0,Tidak Ada,Karyawan Swasta,> Rp 5.000.000,Lancar,Lengkap,Rendah
Amalia Sihombing,7C,2024/2025,195,Kurang,68.5,Rendah,1,Ringan,Buruh/Petani,< Rp 2.000.000,Menunggak >2 Bulan,Piatu,Tinggi
Paulin Hardiansyah,8B,2024/2025,229,Sangat Baik,89.7,Tinggi,0,Tidak Ada,Wiraswasta,Rp 2.000.000 - Rp 5.000.000,Lancar,Lengkap,Rendah
Joko Hartati,9C,2024/2025,217,Baik,91.5,Tinggi,0,Tidak Ada,Karyawan Swasta,> Rp 5.000.000,Lancar,Lengkap,Rendah
Nurul Halim,8A,2025/2026,208,Baik,81.6,Sedang,3,Sedang/Berat,Wiraswasta,Rp 2.000.000 - Rp 5.000.000,Lancar,Lengkap,Sedang
Puti Alika Rajasa,8B,2023/2024,218,Baik,76.7,Sedang,0,Tidak Ada,Karyawan Swasta,Rp 2.000.000 - Rp 5.000.000,Lancar,Lengkap,Sedang
Puti Natalia Mustofa,9B,2023/2024,194,Kurang,69.5,Rendah,2,Ringan,Tidak Bekerja,< Rp 2.000.000,Lancar,Lengkap,Tinggi
Ratih Yuniar,8C,2025/2026,215,Baik,77.7,Sedang,1,Ringan,Wiraswasta,Rp 2.000.000 - Rp 5.000.000,Lancar,Lengkap,Sedang
Lintang Nurdiyanti,7B,2025/2026,206,Baik,76.4,Sedang,0,Tidak Ada,Wiraswasta,< Rp 2.000.000,Lancar,Lengkap,Sedang
Bala Suryatmi,9B,2023/2024,238,Sangat Baik,79.9,Sedang,0,Tidak Ada,Karyawan Swasta,Rp 2.000.000 - Rp 5.000.000,Lancar,Yatim,Rendah
Zahra Hardiansyah,9A,2024/2025,208,Baik,65.9,Rendah,0,Tidak Ada,Buruh/Petani,< Rp 2.000.000,Lancar,Lengkap,Sedang
Puti Padma Anggraini,9A,2023/2024,198,Kurang,74.2,Rendah,0,Tidak Ada,PNS/TNI/Polri,Rp 2.000.000 - Rp 5.000.000,Menunggak >2 Bulan,Lengkap,Tinggi
Kamaria Handayani,8B,2023/2024,231,Sangat Baik,71.9,Rendah,0,Tidak Ada,Buruh/Petani,Rp 2.000.000 - Rp 5.000.000,Lancar,Lengkap,Sedang
Rahayu Irawan,9A,2024/2025,183,Kurang,69.7,Rendah,1,Ringan,Wiraswasta,< Rp 2.000.000,Menunggak >2 Bulan,Yatim Piatu,Tinggi
Pia Kusmawati,8A,2023/2024,210,Baik,72.6,Rendah,1,Ringan,PNS/TNI/Polri,> Rp 5.000.000,Lancar,Lengkap,Sedang
Okta Rahimah,9C,2024/2025,223,Sangat Baik,65.0,Rendah,0,Tidak Ada,PNS/TNI/Polri,> Rp 5.000.000,Lancar,Lengkap,Sedang
Adiarja Prasasta,9C,2025/2026,223,Sangat Baik,65.2,Rendah,0,Tidak Ada,Karyawan Swasta,Rp 2.000.000 - Rp 5.000.000,Menunggak 1-2 Bulan,Lengkap,Sedang
Karma Pratiwi,9B,2025/2026,212,Baik,80.9,Sedang,0,Tidak Ada,Wiraswasta,< Rp 2.000.000,Lancar,Lengkap,Rendah
Estiono Saefullah,7B,2025/2026,191,Kurang,90.7,Tinggi,1,Ringan,Karyawan Swasta,< Rp 2.000.000,Lancar,Lengkap,Sedang
Alambana Pranowo,7B,2024/2025,206,Baik,89.4,Tinggi,0,Tidak Ada,Wiraswasta,Rp 2.000.000 - Rp 5.000.000,Lancar,Lengkap,Rendah
Dadap Utama,9A,2024/2025,237,Sangat Baik,66.2,Rendah,0,Tidak Ada,Buruh/Petani,Rp 2.000.000 - Rp 5.000.000,Menunggak 1-2 Bulan,Lengkap,Sedang
Lidya Lestari,9C,2024/2025,188,Kurang,96.3,Tinggi,0,Tidak Ada,Karyawan Swasta,Rp 2.000.000 - Rp 5.000.000,Menunggak 1-2 Bulan,Lengkap,Sedang
Zelaya Widodo,9B,2023/2024,194,Kurang,81.0,Sedang,1,Ringan,Wiraswasta,Rp 2.000.000 - Rp 5.000.000,Lancar,Lengkap,Sedang
Safina Anggraini,8C,2024/2025,220,Sangat Baik,79.6,Sedang,0,Tidak Ada,PNS/TNI/Polri,> Rp 5.000.000,Lancar,Lengkap,Rendah
Gaiman Halimah,7A,2023/2024,182,Kurang,76.4,Sedang,2,Ringan,Wiraswasta,Rp 2.000.000 - Rp 5.000.000,Menunggak 1-2 Bulan,Lengkap,Tinggi
Martaka Waluyo,9C,2023/2024,239,Sangat Baik,78.8,Sedang,0,Tidak Ada,Karyawan Swasta,Rp 2.000.000 - Rp 5.000.000,Lancar,Yatim,Rendah
Yuliana Simbolon,7B,2025/2026,203,Baik,80.0,Sedang,1,Ringan,PNS/TNI/Polri,Rp 2.000.000 - Rp 5.000.000,Lancar,Lengkap,Rendah
Amalia Kusumo,8C,2024/2025,225,Sangat Baik,66.7,Rendah,2,Ringan,Wiraswasta,> Rp 5.000.000,Lancar,Lengkap,Sedang
Puput Puspasari,7C,2023/2024,210,Baik,94.1,Tinggi,0,Tidak Ada,Wiraswasta,> Rp 5.000.000,Lancar,Lengkap,Rendah
Patricia Mahendra,7C,2023/2024,191,Kurang,76.5,Sedang,0,Tidak Ada,Buruh/Petani,Rp 2.000.000 - Rp 5.000.000,Lancar,Lengkap,Sedang
Puti Eli Wibisono,9B,2025/2026,184,Kurang,97.8,Tinggi,0,Tidak Ada,PNS/TNI/Polri,< Rp 2.000.000,Lancar,Lengkap,Sedang
Mulya Rahmawati,7B,2023/2024,214,Baik,95.2,Tinggi,0,Tidak Ada,Karyawan Swasta,> Rp 5.000.000,Lancar,Lengkap,Rendah
Paramita Anggriawan,7B,2025/2026,185,Kurang,90.7,Tinggi,0,Tidak Ada,Wiraswasta,Rp 2.000.000 - Rp 5.000.000,Menunggak 1-2 Bulan,Lengkap,Sedang
Kezia Mangunsong,8B,2025/2026,234,Sangat Baik,98.3,Tinggi,0,Tidak Ada,Wiraswasta,Rp 2.000.000 - Rp 5.000.000,Lancar,Yatim,Rendah
Wirda Astuti,9B,2024/2025,184,Kurang,65.8,Rendah,0,Tidak Ada,Karyawan Swasta,< Rp 2.000.000,Menunggak 1-2 Bulan,Lengkap,Tinggi
Vera Novitasari,9A,2023/2024,214,Baik,83.6,Sedang,0,Tidak Ada,Karyawan Swasta,Rp 2.000.000 - Rp 5.000.000,Lancar,Lengkap,Rendah
Aurora Wastuti,8C,2024/2025,196,Kurang,89.5,Tinggi,0,Tidak Ada,Wiraswasta,Rp 2.000.000 - Rp 5.000.000,Menunggak 1-2 Bulan,Lengkap,Sedang
Zulaikha Januar,9C,2023/2024,197,Kurang,96.2,Tinggi,1,Ringan,Karyawan Swasta,> Rp 5.000.000,Menunggak >2 Bulan,Lengkap,Sedang
Chelsea Yuniar,9B,2024/2025,210,Baik,79.5,Sedang,0,Tidak Ada,PNS/TNI/Polri,Rp 2.000.000 - Rp 5.000.000,Menunggak 1-2 Bulan,Piatu,Sedang
Rusman Prayoga,7A,2025/2026,227,Sangat Baik,65.7,Rendah,0,Tidak Ada,Karyawan Swasta,> Rp 5.000.000,Menunggak 1-2 Bulan,Lengkap,Sedang
Zalindra Ardianto,9A,2023/2024,227,Sangat Baik,82.2,Sedang,1,Ringan,Karyawan Swasta,> Rp 5.000.000,Lancar,Piatu,Rendah
Taufik Salahudin,9B,2025/2026,182,Kurang,80.8,Sedang,0,Tidak Ada,Wiraswasta,Rp 2.000.000 - Rp 5.000.000,Menunggak 1-2 Bulan,Lengkap,Sedang
Julia Mayasari,9A,2025/2026,240,Sangat Baik,83.3,Sedang,0,Tidak Ada,Karyawan Swasta,Rp 2.000.000 - Rp 5.000.000,Lancar,Lengkap,Rendah
Olivia Putra,8B,2024/2025,237,Sangat Baik,84.3,Sedang,1,Ringan,Karyawan Swasta,< Rp 2.000.000,Lancar,Lengkap,Rendah
Jayadi Suryatmi,7C,2025/2026,181,Kurang,71.5,Rendah,1,Ringan,Buruh/Petani,< Rp 2.000.000,Menunggak 1-2 Bulan,Yatim Piatu,Tinggi
Cengkir Simbolon,9B,2025/2026,223,Sangat Baik,91.4,Tinggi,0,Tidak Ada,Karyawan Swasta,Rp 2.000.000 - Rp 5.000.000,Lancar,Lengkap,Rendah
Luthfi Haryanto,9A,2023/2024,239,Sangat Baik,84.9,Sedang,0,Tidak Ada,Karyawan Swasta,Rp 2.000.000 - Rp 5.000.000,Menunggak 1-2 Bulan,Lengkap,Rendah
Gading Kuswoyo,9B,2025/2026,222,Sangat Baik,67.0,Rendah,0,Tidak Ada,Karyawan Swasta,Rp 2.000.000 - Rp 5.000.000,Menunggak 1-2 Bulan,Lengkap,Sedang
Cahya Uwais,7B,2025/2026,196,Kurang,82.0,Sedang,0,Tidak Ada,Buruh/Petani,Rp 2.000.000 - Rp 5.000.000,Menunggak >2 Bulan,Lengkap,Sedang
Nabila Narpati,9B,2025/2026,185,Kurang,96.6,Tinggi,0,Tidak Ada,Karyawan Swasta,> Rp 5.000.000,Lancar,Lengkap,Sedang
Bakda Purwanti,9A,2024/2025,205,Baik,84.5,Sedang,1,Ringan,Karyawan Swasta,> Rp 5.000.000,Lancar,Lengkap,Rendah
Raisa Wulandari,8A,2024/2025,200,Baik,69.9,Rendah,0,Tidak Ada,Karyawan Swasta,Rp 2.000.000 - Rp 5.000.000,Lancar,Lengkap,Sedang
Prasetyo Saputra,8A,2025/2026,223,Sangat Baik,75.8,Sedang,0,Tidak Ada,Karyawan Swasta,> Rp 5.000.000,Lancar,Lengkap,Rendah
Jumadi Safitri,9B,2023/2024,183,Kurang,77.7,Sedang,1,Ringan,PNS/TNI/Polri,Rp 2.000.000 - Rp 5.000.000,Lancar,Lengkap,Sedang
Jamal Rajata,8C,2023/2024,201,Baik,91.8,Tinggi,0,Tidak Ada,Karyawan Swasta,Rp 2.000.000 - Rp 5.000.000,Lancar,Lengkap,Rendah
Hendri Pradipta,7C,2023/2024,234,Sangat Baik,93.4,Tinggi,0,Tidak Ada,Wiraswasta,> Rp 5.000.000,Lancar,Lengkap,Rendah
Jelita Halim,8C,2024/2025,205,Baik,95.6,Tinggi,0,Tidak Ada,Karyawan Swasta,Rp 2.000.000 - Rp 5.000.000,Menunggak 1-2 Bulan,Lengkap,Rendah
Siti Uwais,7C,2024/2025,238,Sangat Baik,70.2,Rendah,0,Tidak Ada,Karyawan Swasta,< Rp 2.000.000,Lancar,Lengkap,Sedang
Mahmud Pratiwi,8A,2025/2026,197,Kurang,71.6,Rendah,2,Ringan,Buruh/Petani,< Rp 2.000.000,Menunggak >2 Bulan,Yatim Piatu,Tinggi
Puti Ayu Mahendra,7B,2024/2025,202,Baik,81.2,Sedang,0,Tidak Ada,Wiraswasta,Rp 2.000.000 - Rp 5.000.000,Lancar,Lengkap,Rendah
Unjani Irawan,9C,2024/2025,194,Kurang,72.1,Rendah,1,Ringan,Wiraswasta,< Rp 2.000.000,Menunggak >2 Bulan,Lengkap,Tinggi
Darman Sitorus,7C,2023/2024,188,Kurang,89.4,Tinggi,0,Tidak Ada,Karyawan Swasta,Rp 2.000.000 - Rp 5.000.000,Lancar,Lengkap,Sedang
Diah Kusumo,7A,2023/2024,211,Baik,73.4,Rendah,1,Ringan,PNS/TNI/Polri,< Rp 2.000.000,Menunggak 1-2 Bulan,Lengkap,Sedang
Bakti Marbun,7A,2025/2026,212,Baik,76.4,Sedang,0,Tidak Ada,Karyawan Swasta,> Rp 5.000.000,Lancar,Lengkap,Sedang
Prabu Hasanah,8C,2023/2024,204,Baik,96.4,Tinggi,2,Ringan,Karyawan Swasta,Rp 2.000.000 - Rp 5.000.000,Lancar,Lengkap,Sedang
Karsana Siregar,9B,2023/2024,218,Baik,78.7,Sedang,0,Tidak Ada,Karyawan Swasta,Rp 2.000.000 - Rp 5.000.000,Lancar,Lengkap,Sedang
Gara Saragih,9A,2025/2026,205,Baik,81.0,Sedang,2,Ringan,Wiraswasta,< Rp 2.000.000,Menunggak 1-2 Bulan,Lengkap,Sedang
Gantar Wastuti,9A,2025/2026,225,Sangat Baik,97.8,Tinggi,0,Tidak Ada,PNS/TNI/Polri,Rp 2.000.000 - Rp 5.000.000,Menunggak 1-2 Bulan,Lengkap,Rendah
Eva Sihotang,8B,2023/2024,215,Baik,72.8,Rendah,0,Tidak Ada,PNS/TNI/Polri,Rp 2.000.000 - Rp 5.000.000,Menunggak 1-2 Bulan,Lengkap,Sedang
Marsito Padmasari,8A,2023/2024,221,Sangat Baik,66.2,Rendah,1,Ringan,Buruh/Petani,Rp 2.000.000 - Rp 5.000.000,Lancar,Lengkap,Sedang
Surya Januar,8C,2025/2026,239,Sangat Baik,83.2,Sedang,1,Ringan,Buruh/Petani,> Rp 5.000.000,Lancar,Lengkap,Rendah
Tantri Prakasa,7B,2023/2024,234,Sangat Baik,72.8,Rendah,0,Tidak Ada,Buruh/Petani,> Rp 5.000.000,Menunggak 1-2 Bulan,Lengkap,Sedang
Ciaobella Nainggolan,9A,2024/2025,191,Kurang,71.5,Rendah,1,Ringan,Wiraswasta,< Rp 2.000.000,Menunggak >2 Bulan,Lengkap,Tinggi
Titi Farida,7C,2023/2024,181,Kurang,87.6,Tinggi,2,Ringan,Buruh/Petani,Rp 2.000.000 - Rp 5.000.000,Lancar,Lengkap,Sedang
Lutfan Putra,8A,2025/2026,190,Kurang,77.6,Sedang,0,Tidak Ada,Wiraswasta,Rp 2.000.000 - Rp 5.000.000,Menunggak 1-2 Bulan,Lengkap,Sedang
Queen Mandala,9A,2024/2025,215,Baik,95.6,Tinggi,0,Tidak Ada,Karyawan Swasta,Rp 2.000.000 - Rp 5.000.000,Lancar,Lengkap,Rendah
Wirda Dongoran,7A,2024/2025,218,Baik,72.6,Rendah,2,Ringan,Karyawan Swasta,< Rp 2.000.000,Menunggak >2 Bulan,Lengkap,Tinggi
Ciaobella Usada,9C,2025/2026,215,Baik,88.8,Tinggi,0,Tidak Ada,Karyawan Swasta,< Rp 2.000.000,Lancar,Lengkap,Rendah
Jasmin Hutagalung,8C,2025/2026,207,Baik,82.7,Sedang,0,Tidak Ada,Wiraswasta,Rp 2.000.000 - Rp 5.000.000,Lancar,Lengkap,Rendah
Safina Puspita,9A,2024/2025,240,Sangat Baik,83.0,Sedang,2,Ringan,Karyawan Swasta,> Rp 5.000.000,Lancar,Lengkap,Rendah
Sutan Purwanto Firmansyah,9B,2024/2025,182,Kurang,86.1,Tinggi,0,Tidak Ada,Karyawan Swasta,< Rp 2.000.000,Menunggak 1-2 Bulan,Lengkap,Sedang
Jaeman Rajasa,8C,2024/2025,195,Kurang,89.0,Tinggi,0,Tidak Ada,Buruh/Petani,Rp 2.000.000 - Rp 5.000.000,Lancar,Lengkap,Sedang
Surya Manullang,7C,2023/2024,184,Kurang,75.8,Sedang,0,Tidak Ada,Karyawan Swasta,Rp 2.000.000 - Rp 5.000.000,Menunggak >2 Bulan,Yatim,Sedang
Ajimin Wahyuni,7B,2025/2026,195,Kurang,85.0,Tinggi,1,Ringan,Buruh/Petani,Rp 2.000.000 - Rp 5.000.000,Menunggak 1-2 Bulan,Lengkap,Sedang
Ian Hidayat,8A,2025/2026,221,Sangat Baik,69.0,Rendah,0,Tidak Ada,Tidak Bekerja,Rp 2.000.000 - Rp 5.000.000,Menunggak 1-2 Bulan,Piatu,Sedang
Bakda Hartati,8B,2023/2024,214,Baik,65.9,Rendah,0,Tidak Ada,Karyawan Swasta,Rp 2.000.000 - Rp 5.000.000,Lancar,Lengkap,Sedang
Bella Farida,8B,2025/2026,239,Sangat Baik,69.0,Rendah,0,Tidak Ada,Wiraswasta,Rp 2.000.000 - Rp 5.000.000,Lancar,Lengkap,Sedang
Sutan Yusuf Kusmawati,9C,2024/2025,191,Kurang,86.1,Tinggi,0,Tidak Ada,Karyawan Swasta,< Rp 2.000.000,Menunggak >2 Bulan,Lengkap,Sedang
Jelita Laksita,9A,2025/2026,220,Sangat Baik,76.9,Sedang,2,Ringan,Karyawan Swasta,Rp 2.000.000 - Rp 5.000.000,Lancar,Lengkap,Sedang
Gadang Samosir,9B,2025/2026,240,Sangat Baik,65.0,Rendah,0,Tidak Ada,Wiraswasta,Rp 2.000.000 - Rp 5.000.000,Lancar,Lengkap,Sedang
Gangsar Halim,9B,2025/2026,236,Sangat Baik,93.0,Tinggi,0,Tidak Ada,PNS/TNI/Polri,> Rp 5.000.000,Lancar,Lengkap,Rendah
Shania Gunawan,9A,2024/2025,230,Sangat Baik,75.1,Sedang,0,Tidak Ada,Wiraswasta,> Rp 5.000.000,Lancar,Piatu,Rendah
Bagus Farida,8C,2023/2024,208,Baik,67.0,Rendah,2,Ringan,Buruh/Petani,Rp 2.000.000 - Rp 5.000.000,Menunggak 1-2 Bulan,Lengkap,Tinggi
Luwar Prayoga,7B,2023/2024,240,Sangat Baik,98.3,Tinggi,0,Tidak Ada,PNS/TNI/Polri,> Rp 5.000.000,Lancar,Lengkap,Rendah
Elisa Iswahyudi,9B,2024/2025,193,Kurang,92.2,Tinggi,3,Sedang/Berat,Karyawan Swasta,< Rp 2.000.000,Menunggak 1-2 Bulan,Lengkap,Sedang
Nardi Simanjuntak,9C,2023/2024,240,Sangat Baik,81.0,Sedang,0,Tidak Ada,Karyawan Swasta,Rp 2.000.000 - Rp 5.000.000,Lancar,Lengkap,Rendah
Gaiman Lailasari,9B,2023/2024,215,Baik,78.6,Sedang,0,Tidak Ada,Wiraswasta,Rp 2.000.000 - Rp 5.000.000,Lancar,Lengkap,Sedang
Lili Prasasta,7A,2025/2026,234,Sangat Baik,78.1,Sedang,0,Tidak Ada,Wiraswasta,< Rp 2.000.000,Menunggak 1-2 Bulan,Lengkap,Rendah
Karsana Maulana,7C,2025/2026,192,Kurang,86.0,Tinggi,0,Tidak Ada,PNS/TNI/Polri,Rp 2.000.000 - Rp 5.000.000,Menunggak >2 Bulan,Lengkap,Sedang
Widya Hakim,7C,2024/2025,196,Kurang,81.8,Sedang,1,Ringan,Buruh/Petani,Rp 2.000.000 - Rp 5.000.000,Menunggak 1-2 Bulan,Piatu,Sedang
Ibrani Haryanti,7C,2023/2024,210,Baik,85.6,Tinggi,0,Tidak Ada,PNS/TNI/Polri,Rp 2.000.000 - Rp 5.000.000,Lancar,Lengkap,Rendah
Ophelia Wulandari,9B,2024/2025,187,Kurang,80.1,Sedang,0,Tidak Ada,Buruh/Petani,> Rp 5.000.000,Lancar,Lengkap,Sedang
Prabawa Kuswoyo,7A,2024/2025,210,Baik,89.6,Tinggi,0,Tidak Ada,Karyawan Swasta,Rp 2.000.000 - Rp 5.000.000,Menunggak 1-2 Bulan,Lengkap,Rendah
Puji Tampubolon,8C,2023/2024,236,Sangat Baik,78.7,Sedang,0,Tidak Ada,PNS/TNI/Polri,> Rp 5.000.000,Lancar,Lengkap,Rendah
Wirda Widiastuti,7A,2025/2026,229,Sangat Baik,91.6,Tinggi,0,Tidak Ada,Buruh/Petani,Rp 2.000.000 - Rp 5.000.000,Menunggak 1-2 Bulan,Lengkap,Rendah
Tania Sitorus,7C,2023/2024,187,Kurang,68.0,Rendah,0,Tidak Ada,Wiraswasta,< Rp 2.000.000,Menunggak >2 Bulan,Yatim,Tinggi
Zahra Laksmiwati,7A,2025/2026,225,Sangat Baik,67.5,Rendah,0,Tidak Ada,Karyawan Swasta,< Rp 2.000.000,Lancar,Lengkap,Sedang
Edi Andriani,8A,2024/2025,239,Sangat Baik,84.5,Sedang,0,Tidak Ada,Karyawan Swasta,> Rp 5.000.000,Lancar,Lengkap,Rendah
Yulia Irawan,7C,2023/2024,227,Sangat Baik,83.9,Sedang,10,Sedang/Berat,Buruh/Petani,Rp 2.000.000 - Rp 5.000.000,Lancar,Lengkap,Sedang
Indah Wijayanti,9C,2024/2025,188,Kurang,96.0,Tinggi,1,Ringan,PNS/TNI/Polri,Rp 2.000.000 - Rp 5.000.000,Lancar,Lengkap,Sedang
Kartika Riyanti,8B,2025/2026,197,Kurang,77.4,Sedang,2,Ringan,Wiraswasta,< Rp 2.000.000,Menunggak 1-2 Bulan,Lengkap,Tinggi
Nabila Thamrin,9B,2024/2025,222,Sangat Baik,87.2,Tinggi,0,Tidak Ada,Karyawan Swasta,Rp 2.000.000 - Rp 5.000.000,Lancar,Lengkap,Rendah
Ajeng Mayasari,8B,2024/2025,218,Baik,69.4,Rendah,0,Tidak Ada,PNS/TNI/Polri,Rp 2.000.000 - Rp 5.000.000,Lancar,Lengkap,Sedang
Farah Utami,8C,2023/2024,201,Baik,86.2,Tinggi,0,Tidak Ada,Karyawan Swasta,Rp 2.000.000 - Rp 5.000.000,Lancar,Lengkap,Rendah
Darijan Widodo,7B,2023/2024,222,Sangat Baik,74.5,Rendah,1,Ringan,Karyawan Swasta,Rp 2.000.000 - Rp 5.000.000,Lancar,Lengkap,Sedang
Nasab Sinaga,9B,2023/2024,202,Baik,87.3,Tinggi,2,Ringan,Karyawan Swasta,> Rp 5.000.000,Menunggak 1-2 Bulan,Yatim,Sedang
Tari Setiawan,7B,2023/2024,215,Baik,96.1,Tinggi,0,Tidak Ada,Wiraswasta,> Rp 5.000.000,Lancar,Lengkap,Rendah
Gading Mansur,9B,2024/2025,183,Kurang,84.3,Sedang,0,Tidak Ada,Wiraswasta,Rp 2.000.000 - Rp 5.000.000,Lancar,Piatu,Sedang
Olivia Susanti,9C,2023/2024,201,Baik,76.7,Sedang,0,Tidak Ada,Buruh/Petani,> Rp 5.000.000,Menunggak 1-2 Bulan,Lengkap,Sedang
Rahayu Hastuti,9B,2025/2026,209,Baik,70.3,Rendah,0,Tidak Ada,Karyawan Swasta,Rp 2.000.000 - Rp 5.000.000,Menunggak 1-2 Bulan,Lengkap,Sedang
Caket Narpati,7C,2023/2024,235,Sangat Baik,73.7,Rendah,0,Tidak Ada,PNS/TNI/Polri,Rp 2.000.000 - Rp 5.000.000,Menunggak 1-2 Bulan,Lengkap,Sedang
Amelia Pudjiastuti,7C,2023/2024,226,Sangat Baik,98.0,Tinggi,2,Ringan,PNS/TNI/Polri,Rp 2.000.000 - Rp 5.000.000,Lancar,Lengkap,Rendah
Yance Mulyani,9C,2023/2024,204,Baik,67.2,Rendah,0,Tidak Ada,PNS/TNI/Polri,> Rp 5.000.000,Lancar,Lengkap,Sedang
Kezia Pradipta,7B,2023/2024,231,Sangat Baik,71.1,Rendah,0,Tidak Ada,Karyawan Swasta,> Rp 5.000.000,Menunggak 1-2 Bulan,Lengkap,Sedang
Eko Putra,8A,2023/2024,187,Kurang,77.4,Sedang,0,Tidak Ada,Buruh/Petani,Rp 2.000.000 - Rp 5.000.000,Lancar,Lengkap,Sedang
Yosef Anggraini,7B,2023/2024,236,Sangat Baik,83.9,Sedang,0,Tidak Ada,Karyawan Swasta,> Rp 5.000.000,Lancar,Lengkap,Rendah
Drajat Usada,7A,2025/2026,228,Sangat Baik,80.7,Sedang,0,Tidak Ada,PNS/TNI/Polri,> Rp 5.000.000,Menunggak 1-2 Bulan,Lengkap,Rendah
Kasusra Prakasa,7C,2025/2026,239,Sangat Baik,94.9,Tinggi,2,Ringan,Karyawan Swasta,Rp 2.000.000 - Rp 5.000.000,Lancar,Lengkap,Rendah
Puti Malika Hidayat,9B,2024/2025,234,Sangat Baik,66.4,Rendah,10,Sedang/Berat,Tidak Bekerja,Rp 2.000.000 - Rp 5.000.000,Menunggak >2 Bulan,Piatu,Tinggi
Praba Thamrin,9C,2023/2024,196,Kurang,72.5,Rendah,0,Tidak Ada,Karyawan Swasta,< Rp 2.000.000,Menunggak >2 Bulan,Lengkap,Tinggi
Natalia Sirait,7C,2024/2025,236,Sangat Baik,78.5,Sedang,0,Tidak Ada,Wiraswasta,> Rp 5.000.000,Lancar,Lengkap,Rendah
Gangsa Suryono,9A,2024/2025,192,Kurang,65.3,Rendah,1,Ringan,Buruh/Petani,Rp 2.000.000 - Rp 5.000.000,Menunggak 1-2 Bulan,Lengkap,Tinggi
Upik Padmasari,9C,2024/2025,238,Sangat Baik,77.9,Sedang,0,Tidak Ada,Karyawan Swasta,Rp 2.000.000 - Rp 5.000.000,Lancar,Lengkap,Rendah
Anastasia Siregar,9B,2024/2025,235,Sangat Baik,86.3,Tinggi,0,Tidak Ada,Wiraswasta,Rp 2.000.000 - Rp 5.000.000,Lancar,Lengkap,Rendah
Kuncara Mangunsong,7C,2024/2025,233,Sangat Baik,95.6,Tinggi,0,Tidak Ada,PNS/TNI/Polri,> Rp 5.000.000,Lancar,Lengkap,Rendah
Puti Laras Nasyiah,9B,2025/2026,194,Kurang,96.0,Tinggi,1,Ringan,PNS/TNI/Polri,Rp 2.000.000 - Rp 5.000.000,Menunggak 1-2 Bulan,Lengkap,Sedang
Unjani Prastuti,9B,2024/2025,189,Kurang,65.4,Rendah,1,Ringan,Tidak Bekerja,> Rp 5.000.000,Menunggak 1-2 Bulan,Lengkap,Tinggi
Cahyono Januar,7A,2024/2025,196,Kurang,83.2,Sedang,1,Ringan,Buruh/Petani,> Rp 5.000.000,Lancar,Lengkap,Sedang
Puji Sihombing,8A,2024/2025,223,Sangat Baik,69.2,Rendah,0,Tidak Ada,PNS/TNI/Polri,< Rp 2.000.000,Lancar,Lengkap,Sedang
Fathonah Nasyiah,9B,2023/2024,195,Kurang,87.2,Tinggi,3,Sedang/Berat,Wiraswasta,Rp 2.000.000 - Rp 5.000.000,Menunggak 1-2 Bulan,Lengkap,Sedang
Unjani Yolanda,9B,2023/2024,214,Baik,90.0,Tinggi,0,Tidak Ada,Karyawan Swasta,Rp 2.000.000 - Rp 5.000.000,Lancar,Lengkap,Rendah
Ridwan Namaga,8C,2024/2025,181,Kurang,85.6,Tinggi,10,Sedang/Berat,Karyawan Swasta,Rp 2.000.000 - Rp 5.000.000,Menunggak >2 Bulan,Lengkap,Tinggi
Puti Handayani,9C,2025/2026,238,Sangat Baik,72.0,Rendah,1,Ringan,PNS/TNI/Polri,Rp 2.000.000 - Rp 5.000.000,Lancar,Lengkap,Sedang
Ellis Nainggolan,8A,2025/2026,196,Kurang,72.9,Rendah,5,Sedang/Berat,Tidak Bekerja,< Rp 2.000.000,Menunggak >2 Bulan,Yatim Piatu,Tinggi
Taufan Hartati,7A,2024/2025,186,Kurang,77.0,Sedang,0,Tidak Ada,Wiraswasta,Rp 2.000.000 - Rp 5.000.000,Menunggak 1-2 Bulan,Yatim,Sedang
Lurhur Prasetya,8B,2023/2024,236,Sangat Baik,88.0,Tinggi,2,Ringan,Wiraswasta,Rp 2.000.000 - Rp 5.000.000,Lancar,Lengkap,Rendah
Puji Budiyanto,9B,2023/2024,196,Kurang,87.8,Tinggi,0,Tidak Ada,Karyawan Swasta,Rp 2.000.000 - Rp 5.000.000,Lancar,Lengkap,Sedang
Keisha Saefullah,7C,2024/2025,224,Sangat Baik,95.3,Tinggi,0,Tidak Ada,PNS/TNI/Polri,Rp 2.000.000 - Rp 5.000.000,Lancar,Lengkap,Rendah
Gandi Pratiwi,7C,2024/2025,190,Kurang,93.0,Tinggi,0,Tidak Ada,PNS/TNI/Polri,> Rp 5.000.000,Menunggak 1-2 Bulan,Lengkap,Sedang
Harjo Sitorus,7A,2024/2025,222,Sangat Baik,90.9,Tinggi,1,Ringan,Karyawan Swasta,> Rp 5.000.000,Lancar,Lengkap,Rendah
Wawan Wulandari,7A,2023/2024,208,Baik,74.2,Rendah,0,Tidak Ada,Karyawan Swasta,Rp 2.000.000 - Rp 5.000.000,Menunggak 1-2 Bulan,Lengkap,Sedang
Vera Purnawati,9A,2024/2025,189,Kurang,81.5,Sedang,1,Ringan,Wiraswasta,< Rp 2.000.000,Menunggak 1-2 Bulan,Lengkap,Sedang
Victoria Mahendra,8A,2024/2025,195,Kurang,92.8,Tinggi,0,Tidak Ada,Tidak Bekerja,> Rp 5.000.000,Menunggak >2 Bulan,Lengkap,Sedang
Umay Sitompul,9C,2025/2026,223,Sangat Baik,80.7,Sedang,0,Tidak Ada,Karyawan Swasta,> Rp 5.000.000,Menunggak 1-2 Bulan,Lengkap,Rendah
Hadi Utami,9C,2024/2025,235,Sangat Baik,78.1,Sedang,0,Tidak Ada,Wiraswasta,> Rp 5.000.000,Menunggak 1-2 Bulan,Lengkap,Rendah
Bakiadi Firgantoro,7C,2025/2026,214,Baik,69.7,Rendah,1,Ringan,PNS/TNI/Polri,Rp 2.000.000 - Rp 5.000.000,Menunggak 1-2 Bulan,Yatim,Sedang
Bakiadi Prasetya,8B,2023/2024,221,Sangat Baik,87.0,Tinggi,0,Tidak Ada,Karyawan Swasta,< Rp 2.000.000,Lancar,Lengkap,Rendah
Latika Wibowo,8A,2025/2026,203,Baik,82.6,Sedang,1,Ringan,Karyawan Swasta,< Rp 2.000.000,Lancar,Lengkap,Rendah
Siska Laksmiwati,7B,2025/2026,231,Sangat Baik,93.8,Tinggi,0,Tidak Ada,Karyawan Swasta,Rp 2.000.000 - Rp 5.000.000,Lancar,Lengkap,Rendah
Cornelia Mansur,9B,2023/2024,201,Baik,80.8,Sedang,0,Tidak Ada,Karyawan Swasta,> Rp 5.000.000,Lancar,Lengkap,Rendah
Danuja Damanik,7C,2024/2025,222,Sangat Baik,92.0,Tinggi,0,Tidak Ada,Karyawan Swasta,Rp 2.000.000 - Rp 5.000.000,Lancar,Lengkap,Rendah
Padma Aryani,9C,2025/2026,208,Baik,67.3,Rendah,0,Tidak Ada,Wiraswasta,Rp 2.000.000 - Rp 5.000.000,Lancar,Lengkap,Sedang
Teddy Waskita,8C,2023/2024,239,Sangat Baik,78.6,Sedang,0,Tidak Ada,PNS/TNI/Polri,Rp 2.000.000 - Rp 5.000.000,Lancar,Lengkap,Rendah
Olivia Laksita,7A,2023/2024,199,Kurang,82.7,Sedang,0,Tidak Ada,Karyawan Swasta,Rp 2.000.000 - Rp 5.000.000,Menunggak >2 Bulan,Lengkap,Sedang
Dewi Widodo,7C,2023/2024,224,Sangat Baik,95.4,Tinggi,0,Tidak Ada,Karyawan Swasta,> Rp 5.000.000,Lancar,Yatim,Rendah
Salwa Maryadi,9A,2023/2024,234,Sangat Baik,86.5,Tinggi,0,Tidak Ada,PNS/TNI/Polri,> Rp 5.000.000,Lancar,Lengkap,Rendah
Eman Hutasoit,7A,2025/2026,215,Baik,70.8,Rendah,0,Tidak Ada,Karyawan Swasta,Rp 2.000.000 - Rp 5.000.000,Menunggak 1-2 Bulan,Lengkap,Sedang
Rangga Fujiati,7C,2025/2026,209,Baik,67.3,Rendah,1,Ringan,Karyawan Swasta,Rp 2.000.000 - Rp 5.000.000,Lancar,Lengkap,Sedang
Kania Mayasari,9A,2025/2026,206,Baik,71.7,Rendah,0,Tidak Ada,PNS/TNI/Polri,< Rp 2.000.000,Lancar,Piatu,Sedang
Eman Napitupulu,9C,2024/2025,184,Kurang,76.1,Sedang,0,Tidak Ada,PNS/TNI/Polri,> Rp 5.000.000,Menunggak 1-2 Bulan,Lengkap,Sedang
Samiah Winarsih,8A,2024/2025,231,Sangat Baik,83.4,Sedang,3,Sedang/Berat,Wiraswasta,Rp 2.000.000 - Rp 5.000.000,Lancar,Lengkap,Rendah
Margana Firgantoro,8A,2023/2024,240,Sangat Baik,76.3,Sedang,0,Tidak Ada,Wiraswasta,< Rp 2.000.000,Lancar,Lengkap,Rendah
Vega Manullang,8B,2025/2026,233,Sangat Baik,81.6,Sedang,0,Tidak Ada,Karyawan Swasta,> Rp 5.000.000,Menunggak 1-2 Bulan,Lengkap,Rendah
Wakiman Pratama,7C,2025/2026,200,Baik,77.5,Sedang,0,Tidak Ada,Karyawan Swasta,< Rp 2.000.000,Lancar,Lengkap,Sedang
Kani Utami,9C,2025/2026,222,Sangat Baik,66.4,Rendah,0,Tidak Ada,Karyawan Swasta,Rp 2.000.000 - Rp 5.000.000,Menunggak 1-2 Bulan,Lengkap,Sedang
Harjo Situmorang,7C,2023/2024,230,Sangat Baik,76.7,Sedang,2,Ringan,Karyawan Swasta,Rp 2.000.000 - Rp 5.000.000,Lancar,Piatu,Sedang
Ridwan Wacana,7C,2025/2026,192,Kurang,79.2,Sedang,0,Tidak Ada,Buruh/Petani,< Rp 2.000.000,Lancar,Lengkap,Sedang
Kala Utama,9A,2023/2024,203,Baik,95.2,Tinggi,0,Tidak Ada,Karyawan Swasta,Rp 2.000.000 - Rp 5.000.000,Lancar,Lengkap,Rendah
Paris Maryadi,8A,2023/2024,209,Baik,87.5,Tinggi,2,Ringan,Karyawan Swasta,Rp 2.000.000 - Rp 5.000.000,Lancar,Lengkap,Sedang
Taswir Sihombing,8C,2024/2025,209,Baik,86.9,Tinggi,0,Tidak Ada,PNS/TNI/Polri,> Rp 5.000.000,Lancar,Lengkap,Rendah
Puti Alika Hastuti,9C,2024/2025,185,Kurang,71.4,Rendah,1,Ringan,Buruh/Petani,Rp 2.000.000 - Rp 5.000.000,Menunggak 1-2 Bulan,Yatim,Tinggi
Omar Lestari,8A,2023/2024,211,Baik,96.0,Tinggi,0,Tidak Ada,Karyawan Swasta,Rp 2.000.000 - Rp 5.000.000,Menunggak 1-2 Bulan,Piatu,Rendah
Jaeman Pudjiastuti,7A,2025/2026,183,Kurang,84.5,Sedang,0,Tidak Ada,Buruh/Petani,Rp 2.000.000 - Rp 5.000.000,Menunggak >2 Bulan,Lengkap,Sedang
Icha Prabowo,8B,2024/2025,206,Baik,70.9,Rendah,2,Ringan,Wiraswasta,< Rp 2.000.000,Menunggak 1-2 Bulan,Lengkap,Tinggi
Caket Yuniar,8A,2023/2024,189,Kurang,86.1,Tinggi,0,Tidak Ada,Karyawan Swasta,Rp 2.000.000 - Rp 5.000.000,Menunggak 1-2 Bulan,Lengkap,Sedang
Puti Ratna Usamah,7C,2024/2025,214,Baik,72.3,Rendah,0,Tidak Ada,Karyawan Swasta,Rp 2.000.000 - Rp 5.000.000,Lancar,Lengkap,Sedang
Citra Kusumo,8A,2025/2026,239,Sangat Baik,90.1,Tinggi,1,Ringan,PNS/TNI/Polri,> Rp 5.000.000,Lancar,Lengkap,Rendah
Harsanto Nasyiah,9A,2024/2025,189,Kurang,82.6,Sedang,0,Tidak Ada,Karyawan Swasta,Rp 2.000.000 - Rp 5.000.000,Lancar,Lengkap,Sedang
Parman Megantara,9B,2023/2024,185,Kurang,92.7,Tinggi,0,Tidak Ada,Wiraswasta,Rp 2.000.000 - Rp 5.000.000,Lancar,Lengkap,Sedang
Dwi Sudiati,8A,2025/2026,216,Baik,97.6,Tinggi,1,Ringan,PNS/TNI/Polri,Rp 2.000.000 - Rp 5.000.000,Lancar,Lengkap,Rendah
Puti Winda Wahyudin,9B,2024/2025,219,Baik,88.4,Tinggi,0,Tidak Ada,Karyawan Swasta,> Rp 5.000.000,Lancar,Lengkap,Rendah
Ratna Farida,7A,2024/2025,185,Kurang,73.1,Rendah,0,Tidak Ada,Buruh/Petani,< Rp 2.000.000,Menunggak 1-2 Bulan,Lengkap,Tinggi
Cakrabirawa Suartini,8A,2024/2025,223,Sangat Baik,73.6,Rendah,1,Ringan,Wiraswasta,< Rp 2.000.000,Lancar,Lengkap,Sedang
Safina Sitorus,8C,2025/2026,217,Baik,94.5,Tinggi,1,Ringan,Karyawan Swasta,> Rp 5.000.000,Lancar,Lengkap,Rendah
Aris Wijaya,9B,2025/2026,192,Kurang,86.5,Tinggi,1,Ringan,Wiraswasta,> Rp 5.000.000,Lancar,Lengkap,Sedang
Teddy Siregar,8A,2025/2026,215,Baik,98.2,Tinggi,2,Ringan,Wiraswasta,< Rp 2.000.000,Lancar,Lengkap,Sedang
Hana Uwais,9C,2025/2026,212,Baik,70.7,Rendah,2,Ringan,Wiraswasta,< Rp 2.000.000,Menunggak 1-2 Bulan,Piatu,Tinggi
Rika Habibi,9A,2023/2024,232,Sangat Baik,70.2,Rendah,0,Tidak Ada,Tidak Bekerja,Rp 2.000.000 - Rp 5.000.000,Lancar,Lengkap,Sedang
Kania Wulandari,7C,2024/2025,223,Sangat Baik,79.6,Sedang,0,Tidak Ada,Karyawan Swasta,Rp 2.000.000 - Rp 5.000.000,Lancar,Lengkap,Rendah
Clara Nurdiyanti,7A,2023/2024,188,Kurang,98.2,Tinggi,0,Tidak Ada,Wiraswasta,< Rp 2.000.000,Menunggak 1-2 Bulan,Lengkap,Sedang
Zulaikha Prabowo,9A,2025/2026,220,Sangat Baik,91.1,Tinggi,0,Tidak Ada,PNS/TNI/Polri,< Rp 2.000.000,Lancar,Lengkap,Rendah
Dalimin Narpati,7C,2025/2026,239,Sangat Baik,70.5,Rendah,0,Tidak Ada,Karyawan Swasta,> Rp 5.000.000,Lancar,Lengkap,Sedang
Adiarja Uyainah,7C,2023/2024,217,Baik,97.5,Tinggi,1,Ringan,Karyawan Swasta,Rp 2.000.000 - Rp 5.000.000,Lancar,Lengkap,Rendah
Jati Kurniawan,9C,2025/2026,194,Kurang,77.9,Sedang,3,Sedang/Berat,Buruh/Petani,< Rp 2.000.000,Menunggak >2 Bulan,Lengkap,Tinggi
Jati Napitupulu,9C,2023/2024,203,Baik,90.1,Tinggi,0,Tidak Ada,Buruh/Petani,> Rp 5.000.000,Lancar,Lengkap,Rendah
Eli Habibi,9C,2025/2026,198,Kurang,92.2,Tinggi,0,Tidak Ada,PNS/TNI/Polri,Rp 2.000.000 - Rp 5.000.000,Lancar,Lengkap,Sedang
Kani Anggraini,9C,2025/2026,239,Sangat Baik,90.0,Tinggi,5,Sedang/Berat,Wiraswasta,Rp 2.000.000 - Rp 5.000.000,Lancar,Lengkap,Sedang
Embuh Pratiwi,9B,2024/2025,211,Baik,65.2,Rendah,0,Tidak Ada,PNS/TNI/Polri,< Rp 2.000.000,Menunggak 1-2 Bulan,Lengkap,Sedang
Belinda Irawan,7C,2023/2024,214,Baik,78.2,Sedang,0,Tidak Ada,Wiraswasta,Rp 2.000.000 - Rp 5.000.000,Lancar,Piatu,Sedang
Titi Setiawan,8B,2024/2025,212,Baik,88.7,Tinggi,0,Tidak Ada,Karyawan Swasta,Rp 2.000.000 - Rp 5.000.000,Lancar,Lengkap,Rendah
Mursinin Hutagalung,8A,2023/2024,203,Baik,81.8,Sedang,0,Tidak Ada,PNS/TNI/Polri,Rp 2.000.000 - Rp 5.000.000,Menunggak >2 Bulan,Lengkap,Rendah
Najwa Palastri,7B,2025/2026,201,Baik,78.0,Sedang,0,Tidak Ada,Buruh/Petani,< Rp 2.000.000,Menunggak >2 Bulan,Yatim,Sedang
Karta Mardhiyah,8A,2023/2024,239,Sangat Baik,78.5,Sedang,0,Tidak Ada,PNS/TNI/Polri,> Rp 5.000.000,Lancar,Lengkap,Rendah
Elvina Budiyanto,8A,2023/2024,233,Sangat Baik,95.0,Tinggi,0,Tidak Ada,Wiraswasta,Rp 2.000.000 - Rp 5.000.000,Lancar,Lengkap,Rendah
Puspa Sirait,8C,2023/2024,233,Sangat Baik,98.5,Tinggi,0,Tidak Ada,Karyawan Swasta,Rp 2.000.000 - Rp 5.000.000,Menunggak >2 Bulan,Lengkap,Rendah
Jumadi Santoso,7B,2023/2024,235,Sangat Baik,65.1,Rendah,1,Ringan,Karyawan Swasta,Rp 2.000.000 - Rp 5.000.000,Menunggak 1-2 Bulan,Lengkap,Sedang
Wirda Nashiruddin,7A,2024/2025,210,Baik,66.6,Rendah,0,Tidak Ada,Wiraswasta,< Rp 2.000.000,Lancar,Lengkap,Sedang
Julia Saragih,7B,2023/2024,212,Baik,67.6,Rendah,0,Tidak Ada,Karyawan Swasta,Rp 2.000.000 - Rp 5.000.000,Lancar,Lengkap,Sedang
Cinta Wacana,9A,2025/2026,228,Sangat Baik,81.4,Sedang,0,Tidak Ada,Karyawan Swasta,> Rp 5.000.000,Lancar,Yatim,Rendah
Gamanto Mansur,9B,2024/2025,184,Kurang,65.2,Rendah,3,Sedang/Berat,Buruh/Petani,< Rp 2.000.000,Lancar,Lengkap,Tinggi
Winda Utami,7B,2025/2026,236,Sangat Baik,94.8,Tinggi,0,Tidak Ada,Wiraswasta,> Rp 5.000.000,Lancar,Lengkap,Rendah
Rahmi Mayasari,7A,2025/2026,237,Sangat Baik,94.0,Tinggi,0,Tidak Ada,PNS/TNI/Polri,> Rp 5.000.000,Lancar,Yatim,Rendah
Yuliana Mustofa,9B,2024/2025,237,Sangat Baik,68.7,Rendah,0,Tidak Ada,Wiraswasta,Rp 2.000.000 - Rp 5.000.000,Lancar,Lengkap,Sedang
Wani Nurdiyanti,9C,2025/2026,203,Baik,79.4,Sedang,0,Tidak Ada,Wiraswasta,Rp 2.000.000 - Rp 5.000.000,Menunggak 1-2 Bulan,Lengkap,Sedang
Najwa Anggriawan,7A,2023/2024,191,Kurang,81.8,Sedang,0,Tidak Ada,Wiraswasta,Rp 2.000.000 - Rp 5.000.000,Lancar,Lengkap,Sedang
Adika Maheswara,8B,2024/2025,239,Sangat Baik,95.0,Tinggi,3,Sedang/Berat,Karyawan Swasta,> Rp 5.000.000,Lancar,Lengkap,Rendah
Jessica Dongoran,7A,2023/2024,223,Sangat Baik,73.8,Rendah,0,Tidak Ada,PNS/TNI/Polri,> Rp 5.000.000,Lancar,Lengkap,Sedang
Laswi Marbun,8A,2023/2024,183,Kurang,95.8,Tinggi,0,Tidak Ada,Buruh/Petani,> Rp 5.000.000,Lancar,Lengkap,Sedang
Yono Siregar,8C,2025/2026,187,Kurang,72.4,Rendah,0,Tidak Ada,Wiraswasta,Rp 2.000.000 - Rp 5.000.000,Menunggak 1-2 Bulan,Lengkap,Tinggi
Bancar Agustina,7B,2024/2025,194,Kurang,83.5,Sedang,0,Tidak Ada,Wiraswasta,> Rp 5.000.000,Lancar,Yatim,Sedang
Galih Laksita,8C,2024/2025,184,Kurang,79.8,Sedang,0,Tidak Ada,Karyawan Swasta,< Rp 2.000.000,Menunggak 1-2 Bulan,Lengkap,Sedang
Aisyah Pudjiastuti,9A,2023/2024,188,Kurang,97.5,Tinggi,0,Tidak Ada,Buruh/Petani,Rp 2.000.000 - Rp 5.000.000,Menunggak >2 Bulan,Lengkap,Sedang
Darsirah Wahyuni,9B,2025/2026,185,Kurang,93.1,Tinggi,0,Tidak Ada,PNS/TNI/Polri,Rp 2.000.000 - Rp 5.000.000,Lancar,Lengkap,Sedang
Prakosa Hardiansyah,7A,2023/2024,239,Sangat Baik,82.5,Sedang,0,Tidak Ada,PNS/TNI/Polri,Rp 2.000.000 - Rp 5.000.000,Lancar,Lengkap,Rendah
Dimaz Prasetyo,7A,2024/2025,186,Kurang,69.3,Rendah,3,Sedang/Berat,Karyawan Swasta,< Rp 2.000.000,Menunggak 1-2 Bulan,Lengkap,Tinggi
Yance Hariyah,8C,2025/2026,199,Kurang,91.3,Tinggi,0,Tidak Ada,Karyawan Swasta,Rp 2.000.000 - Rp 5.000.000,Lancar,Lengkap,Sedang
Indah Tamba,9C,2024/2025,186,Kurang,75.7,Sedang,0,Tidak Ada,Wiraswasta,> Rp 5.000.000,Menunggak 1-2 Bulan,Lengkap,Sedang
Tedi Purnawati,9C,2025/2026,224,Sangat Baik,81.2,Sedang,2,Ringan,Wiraswasta,Rp 2.000.000 - Rp 5.000.000,Lancar,Lengkap,Rendah
Kasiyah Pranowo,9B,2023/2024,194,Kurang,80.1,Sedang,0,Tidak Ada,PNS/TNI/Polri,Rp 2.000.000 - Rp 5.000.000,Menunggak 1-2 Bulan,Lengkap,Sedang
Cinthia Utami,9A,2024/2025,184,Kurang,85.9,Tinggi,0,Tidak Ada,PNS/TNI/Polri,Rp 2.000.000 - Rp 5.000.000,Lancar,Piatu,Sedang
Aditya Firgantoro,7C,2023/2024,216,Baik,81.2,Sedang,1,Ringan,Karyawan Swasta,> Rp 5.000.000,Lancar,Lengkap,Rendah
Sabri Mandala,8B,2025/2026,212,Baik,98.3,Tinggi,0,Tidak Ada,Karyawan Swasta,> Rp 5.000.000,Lancar,Lengkap,Rendah
Najam Prasetya,9C,2024/2025,197,Kurang,79.2,Sedang,0,Tidak Ada,Buruh/Petani,< Rp 2.000.000,Lancar,Lengkap,Sedang
Hardana Situmorang,9C,2025/2026,187,Kurang,78.3,Sedang,0,Tidak Ada,Karyawan Swasta,> Rp 5.000.000,Menunggak 1-2 Bulan,Lengkap,Sedang
Elvina Widodo,8A,2023/2024,237,Sangat Baik,70.5,Rendah,1,Ringan,PNS/TNI/Polri,Rp 2.000.000 - Rp 5.000.000,Menunggak >2 Bulan,Yatim,Sedang
Irnanto Siregar,8C,2025/2026,225,Sangat Baik,76.0,Sedang,0,Tidak Ada,Wiraswasta,Rp 2.000.000 - Rp 5.000.000,Lancar,Lengkap,Rendah
Eluh Suwarno,8C,2025/2026,240,Sangat Baik,67.1,Rendah,0,Tidak Ada,PNS/TNI/Polri,Rp 2.000.000 - Rp 5.000.000,Menunggak 1-2 Bulan,Lengkap,Sedang
Puti Ulva Siregar,7A,2023/2024,196,Kurang,78.0,Sedang,0,Tidak Ada,Buruh/Petani,< Rp 2.000.000,Lancar,Lengkap,Sedang
Karen Wastuti,9C,2023/2024,196,Kurang,68.1,Rendah,0,Tidak Ada,Wiraswasta,< Rp 2.000.000,Menunggak 1-2 Bulan,Lengkap,Tinggi
Cahyadi Laksmiwati,8B,2023/2024,206,Baik,94.8,Tinggi,0,Tidak Ada,Karyawan Swasta,> Rp 5.000.000,Lancar,Lengkap,Rendah
Hana Nasyidah,7C,2024/2025,196,Kurang,66.0,Rendah,2,Ringan,Wiraswasta,Rp 2.000.000 - Rp 5.000.000,Menunggak >2 Bulan,Lengkap,Tinggi
Bahuraksa Siregar,7C,2025/2026,233,Sangat Baik,85.5,Tinggi,0,Tidak Ada,Karyawan Swasta,> Rp 5.000.000,Lancar,Lengkap,Rendah
Diah Habibi,7C,2024/2025,233,Sangat Baik,83.1,Sedang,3,Sedang/Berat,Karyawan Swasta,> Rp 5.000.000,Lancar,Lengkap,Rendah
Fitriani Firmansyah,8C,2023/2024,212,Baik,89.2,Tinggi,0,Tidak Ada,PNS/TNI/Polri,> Rp 5.000.000,Menunggak 1-2 Bulan,Lengkap,Rendah
Dinda Hakim,9C,2024/2025,229,Sangat Baik,91.0,Tinggi,0,Tidak Ada,PNS/TNI/Polri,Rp 2.000.000 - Rp 5.000.000,Lancar,Lengkap,Rendah
Yuni Safitri,8C,2024/2025,225,Sangat Baik,65.6,Rendah,0,Tidak Ada,Karyawan Swasta,Rp 2.000.000 - Rp 5.000.000,Lancar,Yatim,Sedang
Nova Pradipta,9A,2024/2025,216,Baik,77.0,Sedang,0,Tidak Ada,Wiraswasta,Rp 2.000.000 - Rp 5.000.000,Lancar,Lengkap,Sedang
Maryadi Pratiwi,9C,2024/2025,216,Baik,72.7,Rendah,0,Tidak Ada,Karyawan Swasta,Rp 2.000.000 - Rp 5.000.000,Lancar,Lengkap,Sedang
Asirwanda Tamba,7B,2025/2026,235,Sangat Baik,92.0,Tinggi,0,Tidak Ada,Wiraswasta,> Rp 5.000.000,Menunggak 1-2 Bulan,Lengkap,Rendah
